timestamp,position,signal,prob_up,net_return,cum_log_return,equity,running_max,drawdown
2020-01-01 00:00:00,0,0,0.45130097737757696,0.0,0.0,1.0,1.0,0.0
2020-01-02 00:00:00,0,0,0.4678932743380129,0.0,0.0,1.0,1.0,0.0
2020-01-03 00:00:00,1,1,0.6455292185658917,0.050311745997627,0.050311745997627,1.0515988770222378,1.0515988770222378,0.0
2020-01-04 00:00:00,0,0,0.45777252619984826,0.0,0.050311745997627,1.0515988770222378,1.0515988770222378,0.0
2020-01-05 00:00:00,-1,-1,0.41372913453333665,-0.0017144682836669,0.0485972777139601,1.0497974887532207,1.0515988770222378,-0.0017129994224774903
2020-01-06 00:00:00,0,0,0.48055135029601737,0.0,0.0485972777139601,1.0497974887532207,1.0515988770222378,-0.0017129994224774903
2020-01-07 00:00:00,0,0,0.5007133125213831,0.0,0.0485972777139601,1.0497974887532207,1.0515988770222378,-0.0017129994224774903
2020-01-08 00:00:00,0,0,0.49437774140408114,0.0,0.0485972777139601,1.0497974887532207,1.0515988770222378,-0.0017129994224774903
2020-01-09 00:00:00,0,0,0.5478159453686503,0.0,0.0485972777139601,1.0497974887532207,1.0515988770222378,-0.0017129994224774903
2020-01-10 00:00:00,1,1,0.6698348034988724,0.0426508758626657,0.0912481535766258,1.0955408339057182,1.0955408339057182,0.0
2020-01-11 00:00:00,-1,-1,0.4222213886281,0.012312736932723299,0.10356089050934911,1.1091133257843382,1.1091133257843382,0.0
2020-01-12 00:00:00,1,1,0.581601513839158,0.010328868229502401,0.11388975873885152,1.120628578566547,1.120628578566547,0.0
2020-01-13 00:00:00,0,0,0.4801193328783908,0.0,0.11388975873885152,1.120628578566547,1.120628578566547,0.0
2020-01-14 00:00:00,0,0,0.49117049819006886,0.0,0.11388975873885152,1.120628578566547,1.120628578566547,0.0
2020-01-15 00:00:00,0,0,0.48254987370297137,0.0,0.11388975873885152,1.120628578566547,1.120628578566547,0.0
2020-01-16 00:00:00,0,0,0.5334207988164795,0.0,0.11388975873885152,1.120628578566547,1.120628578566547,0.0
2020-01-17 00:00:00,0,0,0.5467035788620179,0.0,0.11388975873885152,1.120628578566547,1.120628578566547,0.0
2020-01-18 00:00:00,0,0,0.4523838172686085,0.0,0.11388975873885152,1.120628578566547,1.120628578566547,0.0
2020-01-19 00:00:00,0,0,0.45824324392168675,0.0,0.11388975873885152,1.120628578566547,1.120628578566547,0.0
2020-01-20 00:00:00,0,0,0.5419041662020163,0.0,0.11388975873885152,1.120628578566547,1.120628578566547,0.0
2020-01-21 00:00:00,0,0,0.47873616883244274,0.0,0.11388975873885152,1.120628578566547,1.120628578566547,0.0
2020-01-22 00:00:00,0,0,0.48052339700909946,0.0,0.11388975873885152,1.120628578566547,1.120628578566547,0.0
2020-01-23 00:00:00,0,0,0.4650249141893869,0.0,0.11388975873885152,1.120628578566547,1.120628578566547,0.0
2020-01-24 00:00:00,1,1,0.6498885199826185,-0.012903122265319901,0.10098663647353162,1.1062618581050212,1.120628578566547,-0.01282023387258524
2020-01-25 00:00:00,1,1,0.6074014535711277,0.0009777048846605998,0.10196434135819223,1.1073439846414033,1.120628578566547,-0.01185459141345191
2020-01-26 00:00:00,0,0,0.49142418390668674,0.0,0.10196434135819223,1.1073439846414033,1.120628578566547,-0.01185459141345191
2020-01-27 00:00:00,0,0,0.46917023459761614,0.0,0.10196434135819223,1.1073439846414033,1.120628578566547,-0.01185459141345191
2020-01-28 00:00:00,0,0,0.5255753580439939,0.0,0.10196434135819223,1.1073439846414033,1.120628578566547,-0.01185459141345191
2020-01-29 00:00:00,0,0,0.4773659290779382,0.0,0.10196434135819223,1.1073439846414033,1.120628578566547,-0.01185459141345191
2020-01-30 00:00:00,1,1,0.5540930809437059,0.0198602200651496,0.12182456142334183,1.12955591671389,1.12955591671389,0.0
2020-01-31 00:00:00,0,0,0.5201658680739656,0.0,0.12182456142334183,1.12955591671389,1.12955591671389,0.0
2020-02-01 00:00:00,0,0,0.505596143332385,0.0,0.12182456142334183,1.12955591671389,1.12955591671389,0.0
2020-02-02 00:00:00,1,1,0.5671298450659263,0.007815622862303102,0.12964018428564494,1.1384186886880523,1.1384186886880523,0.0
2020-02-03 00:00:00,0,0,0.4716515790897995,0.0,0.12964018428564494,1.1384186886880523,1.1384186886880523,0.0
2020-02-04 00:00:00,0,0,0.5137307270838369,0.0,0.12964018428564494,1.1384186886880523,1.1384186886880523,0.0
2020-02-05 00:00:00,0,0,0.48996635533069355,0.0,0.12964018428564494,1.1384186886880523,1.1384186886880523,0.0
2020-02-06 00:00:00,0,0,0.5469873442996647,0.0,0.12964018428564494,1.1384186886880523,1.1384186886880523,0.0
2020-02-07 00:00:00,1,1,0.563881741707551,-0.0011174599041753,0.12852272438146964,1.1371472619657756,1.1384186886880523,-0.0011168357783566396
2020-02-08 00:00:00,0,0,0.4666166163093133,0.0,0.12852272438146964,1.1371472619657756,1.1384186886880523,-0.0011168357783566396
2020-02-09 00:00:00,-1,-1,0.43780056886801444,-0.0205688714168678,0.10795385296460183,1.1139963365719172,1.1384186886880523,-0.021452873497957214
2020-02-10 01:00:00,0,0,0.4687772179609909,0.0,0.10795385296460183,1.1139963365719172,1.1384186886880523,-0.021452873497957214
2020-02-11 01:00:00,1,1,0.5552282987081943,0.0453248222550249,0.15327867521962674,1.1656497713908827,1.1656497713908827,0.0
2020-02-12 01:00:00,-1,-1,0.4308683727096091,-0.0120156265667083,0.14126304865291844,1.1517275685270072,1.1656497713908827,-0.011943727185965258
2020-02-13 01:00:00,0,0,0.5429511926957414,0.0,0.14126304865291844,1.1517275685270072,1.1656497713908827,-0.011943727185965258
2020-02-14 01:00:00,1,1,0.5758476962599416,0.0006226736247803,0.14188572227769874,1.1524449422285243,1.1656497713908827,-0.011328299019526256
2020-02-15 01:00:00,0,0,0.5172405743901453,0.0,0.14188572227769874,1.1524449422285243,1.1656497713908827,-0.011328299019526256
2020-02-16 01:00:00,1,1,0.5862197870148602,-0.008902454358066001,0.13298326791963275,1.1422308862720154,1.1656497713908827,-0.020090841772244517
2020-02-17 01:00:00,1,1,0.5531085042351079,-0.015535502202759201,0.11744776571687354,1.1246228845393227,1.1656497713908827,-0.03519658121890734
2020-02-18 01:00:00,0,0,0.4914260502032256,0.0,0.11744776571687354,1.1246228845393227,1.1656497713908827,-0.03519658121890734
2020-02-19 01:00:00,0,0,0.4804276660505636,0.0,0.11744776571687354,1.1246228845393227,1.1656497713908827,-0.03519658121890734
2020-02-20 06:00:00,0,0,0.49948225736277246,0.0,0.11744776571687354,1.1246228845393227,1.1656497713908827,-0.03519658121890734
2020-02-21 06:00:00,0,0,0.4772280319549052,0.0,0.11744776571687354,1.1246228845393227,1.1656497713908827,-0.03519658121890734
2020-02-22 06:00:00,1,1,0.5637176927520798,0.028925508706515,0.14637327442338854,1.1576282204189385,1.1656497713908827,-0.006881613301714662
2020-02-23 06:00:00,-1,-1,0.4359926384335162,0.015877818390913,0.16225109281430156,1.1761555284489047,1.1761555284489047,0.0
2020-02-24 06:00:00,0,0,0.5226876762922522,0.0,0.16225109281430156,1.1761555284489047,1.1761555284489047,0.0
2020-02-25 06:00:00,0,0,0.5132377788517889,0.0,0.16225109281430156,1.1761555284489047,1.1761555284489047,0.0
2020-02-26 06:00:00,0,0,0.4786044282606268,0.0,0.16225109281430156,1.1761555284489047,1.1761555284489047,0.0
2020-02-27 06:00:00,0,0,0.5223013922852556,0.0,0.16225109281430156,1.1761555284489047,1.1761555284489047,0.0
2020-02-28 06:00:00,1,1,0.6219693219058359,-0.008897512312681901,0.15335358050161965,1.16573708798591,1.1761555284489047,-0.008858046585670909
2020-02-29 06:00:00,0,0,0.47006793864503577,0.0,0.15335358050161965,1.16573708798591,1.1761555284489047,-0.008858046585670909
2020-03-01 06:00:00,1,1,0.6413328983545825,0.0084837902704204,0.16183737077204005,1.175669027626654,1.1761555284489047,-0.0004136364710985996
2020-03-02 06:00:00,0,0,0.45380739932848835,0.0,0.16183737077204005,1.175669027626654,1.1761555284489047,-0.0004136364710985996
2020-03-03 06:00:00,0,0,0.5177068170147417,0.0,0.16183737077204005,1.175669027626654,1.1761555284489047,-0.0004136364710985996
2020-03-04 06:00:00,0,0,0.4784290363950652,0.0,0.16183737077204005,1.175669027626654,1.1761555284489047,-0.0004136364710985996
2020-03-05 07:00:00,0,0,0.5139954526299424,0.0,0.16183737077204005,1.175669027626654,1.1761555284489047,-0.0004136364710985996
2020-03-06 07:00:00,0,0,0.5370449982068618,0.0,0.16183737077204005,1.175669027626654,1.1761555284489047,-0.0004136364710985996
2020-03-07 07:00:00,0,0,0.49019172861822813,0.0,0.16183737077204005,1.175669027626654,1.1761555284489047,-0.0004136364710985996
2020-03-08 07:00:00,1,1,0.6048457986304311,-0.1021173199565767,0.059720050815463346,1.0615393278750465,1.1761555284489047,-0.09744986764209007
2020-03-09 07:00:00,0,0,0.5175497495587891,0.0,0.059720050815463346,1.0615393278750465,1.1761555284489047,-0.09744986764209007
2020-03-10 07:00:00,-1,-1,0.44185260445765323,0.003975560782468,0.06369561159793134,1.065767941982734,1.1761555284489047,-0.09385458283034065
2020-03-11 07:00:00,0,0,0.5195473940010551,0.0,0.06369561159793134,1.065767941982734,1.1761555284489047,-0.09385458283034065
2020-03-12 07:00:00,0,0,0.48676119257139777,0.0,0.06369561159793134,1.065767941982734,1.1761555284489047,-0.09385458283034065
2020-03-13 07:00:00,1,1,0.7632545449917125,0.0200419594191146,0.08373757101704594,1.0873435059130578,1.1761555284489047,-0.07551044091334647
2020-03-14 07:00:00,0,0,0.5281226873590693,0.0,0.08373757101704594,1.0873435059130578,1.1761555284489047,-0.07551044091334647
2020-03-15 07:00:00,1,1,0.6377476507443324,-0.0978273869541728,-0.014089815937126854,0.9860089809650828,1.1761555284489047,-0.1616678601465098
2020-03-16 07:00:00,0,0,0.5425960280052697,0.0,-0.014089815937126854,0.9860089809650828,1.1761555284489047,-0.1616678601465098
2020-03-17 07:00:00,1,1,0.5613525505675713,-0.0381719573294483,-0.052261773266575155,0.9490803904480197,1.1761555284489047,-0.19306557041852113
2020-03-18 07:00:00,0,0,0.5251150761258957,0.0,-0.052261773266575155,0.9490803904480197,1.1761555284489047,-0.19306557041852113
2020-03-19 07:00:00,0,0,0.4551473323617735,0.0,-0.052261773266575155,0.9490803904480197,1.1761555284489047,-0.19306557041852113
2020-03-20 07:00:00,0,0,0.47666521663932715,0.0,-0.052261773266575155,0.9490803904480197,1.1761555284489047,-0.19306557041852113
2020-03-21 07:00:00,1,1,0.6453675147489946,0.0212154548306153,-0.031046318435959855,0.9694306695237189,1.1761555284489047,-0.17576319961511488
2020-03-22 07:00:00,-1,-1,0.415587778126096,0.0704593762023662,0.03941305776640634,1.0402000576370376,1.1761555284489047,-0.11559310611851059
2020-03-23 07:00:00,0,0,0.5222704109505457,0.0,0.03941305776640634,1.0402000576370376,1.1761555284489047,-0.11559310611851059
2020-03-24 07:00:00,0,0,0.4836816465495203,0.0,0.03941305776640634,1.0402000576370376,1.1761555284489047,-0.11559310611851059
2020-03-25 07:00:00,0,0,0.45593525643206995,0.0,0.03941305776640634,1.0402000576370376,1.1761555284489047,-0.11559310611851059
2020-03-26 07:00:00,0,0,0.5475647622494779,0.0,0.03941305776640634,1.0402000576370376,1.1761555284489047,-0.11559310611851059
2020-03-27 07:00:00,0,0,0.5114846203484914,0.0,0.03941305776640634,1.0402000576370376,1.1761555284489047,-0.11559310611851059
2020-03-28 07:00:00,1,1,0.5585147802918781,-0.0059294122207284,0.03348364554567794,1.0340505322557936,1.1761555284489047,-0.12082160288828203
2020-03-29 07:00:00,1,1,0.5892077415966436,0.013325152058374298,0.04680879760405224,1.047921624797862,1.1761555284489047,-0.109028015895275
2020-03-30 07:00:00,-1,-1,0.4420374049499239,-0.0329074213746336,0.013901376229418637,1.0139984496564585,1.1761555284489047,-0.13787043878992467
2020-03-31 07:00:00,-1,-1,0.43138522384246947,0.0167087757276527,0.030610151957071337,1.0310834596546936,1.1761555284489047,-0.1233442901769376
2020-04-01 07:00:00,1,1,0.5730282009634825,0.0471043668716292,0.07771451882870054,1.0808140625584532,1.1761555284489047,-0.08106195446463293
2020-04-02 07:00:00,0,0,0.4594426579072436,0.0,0.07771451882870054,1.0808140625584532,1.1761555284489047,-0.08106195446463293
2020-04-03 07:00:00,0,0,0.4944895276674556,0.0,0.07771451882870054,1.0808140625584532,1.1761555284489047,-0.08106195446463293
2020-04-04 07:00:00,1,1,0.6165871506500894,0.0054698109667454,0.08318432979544593,1.086742109037658,1.1761555284489047,-0.0760217651904962
2020-04-05 07:00:00,0,0,0.4993040511120808,0.0,0.08318432979544593,1.086742109037658,1.1761555284489047,-0.0760217651904962
2020-04-06 07:00:00,0,0,0.4687479667639093,0.0,0.08318432979544593,1.086742109037658,1.1761555284489047,-0.0760217651904962
2020-04-07 07:00:00,0,0,0.5050811346519237,0.0,0.08318432979544593,1.086742109037658,1.1761555284489047,-0.0760217651904962
2020-04-08 07:00:00,0,0,0.48452916442580657,0.0,0.08318432979544593,1.086742109037658,1.1761555284489047,-0.0760217651904962
2020-04-09 07:00:00,0,0,0.5089481693315043,0.0,0.08318432979544593,1.086742109037658,1.1761555284489047,-0.0760217651904962
2020-04-10 07:00:00,1,1,0.6014972804423682,-0.0077074270576817,0.07547690273776424,1.078398319381618,1.1761555284489047,-0.08311588620954524
2020-04-11 07:00:00,1,1,0.5892401221540231,-0.0080133534803634,0.06746354925740083,1.0697912642011946,1.1761555284489047,-0.09043384286768741
2020-04-12 07:00:00,0,0,0.5132505511058582,0.0,0.06746354925740083,1.0697912642011946,1.1761555284489047,-0.09043384286768741
2020-04-13 07:00:00,0,0,0.5070557362702989,0.0,0.06746354925740083,1.0697912642011946,1.1761555284489047,-0.09043384286768741
2020-04-14 07:00:00,0,0,0.45200064626440434,0.0,0.06746354925740083,1.0697912642011946,1.1761555284489047,-0.09043384286768741
2020-04-15 07:00:00,0,0,0.5131441102467442,0.0,0.06746354925740083,1.0697912642011946,1.1761555284489047,-0.09043384286768741
2020-04-16 07:00:00,0,0,0.4644142533552338,0.0,0.06746354925740083,1.0697912642011946,1.1761555284489047,-0.09043384286768741
2020-04-17 07:00:00,0,0,0.5347202566944737,0.0,0.06746354925740083,1.0697912642011946,1.1761555284489047,-0.09043384286768741
2020-04-18 07:00:00,0,0,0.4596338389615225,0.0,0.06746354925740083,1.0697912642011946,1.1761555284489047,-0.09043384286768741
2020-04-19 07:00:00,1,1,0.5557610045756588,0.0043266623802458,0.07179021163764664,1.0744299175258472,1.1761555284489047,-0.08648993135900285
2020-04-20 07:00:00,0,0,0.4707545702109975,0.0,0.07179021163764664,1.0744299175258472,1.1761555284489047,-0.08648993135900285
2020-04-21 07:00:00,1,1,0.5684006015483878,0.008178989819135299,0.07996920145678194,1.083253704525158,1.1761555284489047,-0.07898770330677618
2020-04-22 07:00:00,0,0,0.4537843533028456,0.0,0.07996920145678194,1.083253704525158,1.1761555284489047,-0.07898770330677618
2020-04-23 07:00:00,0,0,0.5398443519819128,0.0,0.07996920145678194,1.083253704525158,1.1761555284489047,-0.07898770330677618
2020-04-24 07:00:00,0,0,0.5377092611879025,0.0,0.07996920145678194,1.083253704525158,1.1761555284489047,-0.07898770330677618
2020-04-25 09:00:00,-1,-1,0.43849086023549944,-0.0036602821532333,0.07630891930354863,1.0792959380128615,1.1761555284489047,-0.08235270599270161
2020-04-26 09:00:00,-1,-1,0.43629679093939655,-0.0171328327925826,0.059176086510966036,1.0609620453976276,1.1761555284489047,-0.0979406891903084
2020-04-27 09:00:00,0,0,0.4696911845824035,0.0,0.059176086510966036,1.0609620453976276,1.1761555284489047,-0.0979406891903084
2020-04-28 09:00:00,0,0,0.47900096308856993,0.0,0.059176086510966036,1.0609620453976276,1.1761555284489047,-0.0979406891903084
2020-04-29 09:00:00,0,0,0.4711637719047678,0.0,0.059176086510966036,1.0609620453976276,1.1761555284489047,-0.0979406891903084
2020-04-30 09:00:00,0,0,0.5316174387070863,0.0,0.059176086510966036,1.0609620453976276,1.1761555284489047,-0.0979406891903084
2020-05-01 09:00:00,0,0,0.47724472575007004,0.0,0.059176086510966036,1.0609620453976276,1.1761555284489047,-0.0979406891903084
2020-05-02 09:00:00,0,0,0.46921601719021067,0.0,0.059176086510966036,1.0609620453976276,1.1761555284489047,-0.0979406891903084
2020-05-03 09:00:00,-1,-1,0.4362523947695927,0.052460622871654,0.11163670938262003,1.1181065892191209,1.1761555284489047,-0.04935481560532884
2020-05-04 09:00:00,0,0,0.5298752453796347,0.0,0.11163670938262003,1.1181065892191209,1.1761555284489047,-0.04935481560532884
2020-05-05 09:00:00,-1,-1,0.4391010575369097,-0.0101337057833897,0.10150300359923034,1.1068332428704195,1.1761555284489047,-0.058939726848800666
2020-05-06 09:00:00,0,0,0.47734527528844933,0.0,0.10150300359923034,1.1068332428704195,1.1761555284489047,-0.058939726848800666
2020-05-07 09:00:00,0,0,0.513214014601137,0.0,0.10150300359923034,1.1068332428704195,1.1761555284489047,-0.058939726848800666
2020-05-08 09:00:00,1,1,0.5603915315829133,-0.01535498732931,0.08614801626992034,1.0899676493115522,1.1761555284489047,-0.07327932152902916
2020-05-09 09:00:00,1,1,0.6320004065875531,-0.1034069242358151,-0.017258907965894757,0.9828891738521948,1.1761555284489047,-0.16432040654656155
2020-05-10 09:00:00,1,1,0.6313668566237338,-0.0314754791059274,-0.048734387071822156,0.9524340749077915,1.1761555284489047,-0.19021417502169413
2020-05-11 09:00:00,0,0,0.501193852109119,0.0,-0.048734387071822156,0.9524340749077915,1.1761555284489047,-0.19021417502169413
2020-05-12 09:00:00,-1,-1,0.42274109448077823,-0.015506419900148598,-0.06424080697197075,0.9377791485814321,1.1761555284489047,-0.2026741992037734
2020-05-13 09:00:00,-1,-1,0.4476844291569639,-0.0960957904424382,-0.16033659741440895,0.8518570078377414,1.1761555284489047,-0.2757275825917709
2020-05-14 09:00:00,0,0,0.5350420222084267,0.0,-0.16033659741440895,0.8518570078377414,1.1761555284489047,-0.2757275825917709
2020-05-15 09:00:00,1,1,0.6113039408412548,-0.0214787609769847,-0.18181535839139365,0.8337552721188274,1.1761555284489047,-0.291118179567314
2020-05-16 09:00:00,1,1,0.5696251415629366,0.007041322319553099,-0.17477403607184056,0.8396467292079662,1.1761555284489047,-0.28610909960583264
2020-05-17 09:00:00,-1,-1,0.4475821905277499,-0.010163792625578701,-0.18493782869741926,0.8311559562942881,1.1761555284489047,-0.2933281898607377
2020-05-18 09:00:00,0,0,0.4655535560049756,0.0,-0.18493782869741926,0.8311559562942881,1.1761555284489047,-0.2933281898607377
2020-05-19 09:00:00,-1,-1,0.4448938669043293,-0.000619004227713,-0.18555683292513225,0.8306416264460511,1.1761555284489047,-0.2937654873403621
2020-05-20 09:00:00,0,0,0.4812272881797621,0.0,-0.18555683292513225,0.8306416264460511,1.1761555284489047,-0.2937654873403621
2020-05-21 09:00:00,1,1,0.570536105523056,-0.0215115728957432,-0.20706840582087546,0.8129640366131866,1.1761555284489047,-0.30879546373827726
2020-05-22 09:00:00,0,0,0.5453224032526998,0.0,-0.20706840582087546,0.8129640366131866,1.1761555284489047,-0.30879546373827726
2020-05-23 09:00:00,0,0,0.5211363304805303,0.0,-0.20706840582087546,0.8129640366131866,1.1761555284489047,-0.30879546373827726
2020-05-24 09:00:00,0,0,0.45018071002224425,0.0,-0.20706840582087546,0.8129640366131866,1.1761555284489047,-0.30879546373827726
2020-05-25 09:00:00,0,0,0.47452288903011597,0.0,-0.20706840582087546,0.8129640366131866,1.1761555284489047,-0.30879546373827726
2020-05-26 09:00:00,0,0,0.4671222004850251,0.0,-0.20706840582087546,0.8129640366131866,1.1761555284489047,-0.30879546373827726
2020-05-27 09:00:00,0,0,0.4736220946158802,0.0,-0.20706840582087546,0.8129640366131866,1.1761555284489047,-0.30879546373827726
2020-05-28 09:00:00,0,0,0.5101344345683633,0.0,-0.20706840582087546,0.8129640366131866,1.1761555284489047,-0.30879546373827726
2020-05-29 09:00:00,1,1,0.5926232304073921,0.0045989077281657,-0.20246949809270975,0.8167113934734009,1.1761555284489047,-0.30560935716514714
2020-05-30 09:00:00,-1,-1,0.4487682734019431,-0.0076330170834016,-0.21010251517611137,0.8105011530426742,1.1761555284489047,-0.3108894755512901
2020-05-31 09:00:00,0,0,0.47883617760384445,0.0,-0.21010251517611137,0.8105011530426742,1.1761555284489047,-0.3108894755512901
2020-06-01 09:00:00,0,0,0.4710495901523931,0.0,-0.21010251517611137,0.8105011530426742,1.1761555284489047,-0.3108894755512901
2020-06-02 09:00:00,-1,-1,0.4104361687374149,0.0577969989876017,-0.15230551618850968,0.8587258860005784,1.1761555284489047,-0.2698874721670079
2020-06-03 09:00:00,0,0,0.5212014684666685,0.0,-0.15230551618850968,0.8587258860005784,1.1761555284489047,-0.2698874721670079
2020-06-04 09:00:00,0,0,0.5129852884202474,0.0,-0.15230551618850968,0.8587258860005784,1.1761555284489047,-0.2698874721670079
2020-06-05 09:00:00,0,0,0.5316156878686297,0.0,-0.15230551618850968,0.8587258860005784,1.1761555284489047,-0.2698874721670079
2020-06-06 09:00:00,0,0,0.5373654349760646,0.0,-0.15230551618850968,0.8587258860005784,1.1761555284489047,-0.2698874721670079
2020-06-07 09:00:00,0,0,0.5202210475715063,0.0,-0.15230551618850968,0.8587258860005784,1.1761555284489047,-0.2698874721670079
2020-06-08 09:00:00,0,0,0.46749581190374423,0.0,-0.15230551618850968,0.8587258860005784,1.1761555284489047,-0.2698874721670079
2020-06-09 09:00:00,0,0,0.5213475274811528,0.0,-0.15230551618850968,0.8587258860005784,1.1761555284489047,-0.2698874721670079
2020-06-10 09:00:00,-1,-1,0.4311580676167685,-0.008466719934717301,-0.160772236123227,0.8514859867721861,1.1761555284489047,-0.27604303497589955
2020-06-11 09:00:00,0,0,0.46450282680916466,0.0,-0.160772236123227,0.8514859867721861,1.1761555284489047,-0.27604303497589955
2020-06-12 09:00:00,0,0,0.5401476583503725,0.0,-0.160772236123227,0.8514859867721861,1.1761555284489047,-0.27604303497589955
2020-06-13 09:00:00,0,0,0.46381213866784415,0.0,-0.160772236123227,0.8514859867721861,1.1761555284489047,-0.27604303497589955
2020-06-14 09:00:00,0,0,0.4939927629677477,0.0,-0.160772236123227,0.8514859867721861,1.1761555284489047,-0.27604303497589955
2020-06-15 09:00:00,0,0,0.5279211839770633,0.0,-0.160772236123227,0.8514859867721861,1.1761555284489047,-0.27604303497589955
2020-06-16 09:00:00,0,0,0.4664370200525663,0.0,-0.160772236123227,0.8514859867721861,1.1761555284489047,-0.27604303497589955
2020-06-17 09:00:00,0,0,0.49623839369893064,0.0,-0.160772236123227,0.8514859867721861,1.1761555284489047,-0.27604303497589955
2020-06-18 09:00:00,0,0,0.5004307149830851,0.0,-0.160772236123227,0.8514859867721861,1.1761555284489047,-0.27604303497589955
2020-06-19 09:00:00,0,0,0.5141661263487669,0.0,-0.160772236123227,0.8514859867721861,1.1761555284489047,-0.27604303497589955
2020-06-20 09:00:00,0,0,0.5365303812984115,0.0,-0.160772236123227,0.8514859867721861,1.1761555284489047,-0.27604303497589955
2020-06-21 09:00:00,-1,-1,0.43262296963726415,-0.0067547925383502,-0.1675270286615772,0.8457537573878232,1.1761555284489047,-0.280916735133499
2020-06-22 09:00:00,-1,-1,0.44292344068689665,-0.0206027703437836,-0.1881297990053608,0.8285071608477124,1.1761555284489047,-0.29558026909899027
2020-06-23 09:00:00,0,0,0.4608914729606363,0.0,-0.1881297990053608,0.8285071608477124,1.1761555284489047,-0.29558026909899027
2020-06-24 09:00:00,1,1,0.5564473599147808,-0.029773347160650502,-0.2179031461660113,0.8042033280703305,1.1761555284489047,-0.31624406074007827
2020-06-25 09:00:00,0,0,0.5467983154133116,0.0,-0.2179031461660113,0.8042033280703305,1.1761555284489047,-0.31624406074007827
2020-06-26 09:00:00,1,1,0.5787494769033923,-0.0085288105188459,-0.22643195668485722,0.7973735964100589,1.1761555284489047,-0.322050887724328
2020-06-27 09:00:00,0,0,0.5296939940722051,0.0,-0.22643195668485722,0.7973735964100589,1.1761555284489047,-0.322050887724328
2020-06-28 12:00:00,0,0,0.5296370536821065,0.0,-0.22643195668485722,0.7973735964100589,1.1761555284489047,-0.322050887724328
2020-06-29 12:00:00,0,0,0.46799824148728625,0.0,-0.22643195668485722,0.7973735964100589,1.1761555284489047,-0.322050887724328
2020-06-30 12:00:00,-1,-1,0.427007943331434,-0.0057760246654199,-0.23220798135027712,0.7927812224500072,1.1761555284489047,-0.32595545123567593
2020-07-01 12:00:00,0,0,0.4536551850048477,0.0,-0.23220798135027712,0.7927812224500072,1.1761555284489047,-0.32595545123567593
2020-07-02 12:00:00,0,0,0.49120126134129727,0.0,-0.23220798135027712,0.7927812224500072,1.1761555284489047,-0.32595545123567593
2020-07-03 12:00:00,0,0,0.533771344809648,0.0,-0.23220798135027712,0.7927812224500072,1.1761555284489047,-0.32595545123567593
2020-07-04 12:00:00,0,0,0.45860238318085794,0.0,-0.23220798135027712,0.7927812224500072,1.1761555284489047,-0.32595545123567593
2020-07-05 12:00:00,0,0,0.5191083201813995,0.0,-0.23220798135027712,0.7927812224500072,1.1761555284489047,-0.32595545123567593
2020-07-06 12:00:00,0,0,0.4809114052547629,0.0,-0.23220798135027712,0.7927812224500072,1.1761555284489047,-0.32595545123567593
2020-07-07 12:00:00,0,0,0.4501550737052748,0.0,-0.23220798135027712,0.7927812224500072,1.1761555284489047,-0.32595545123567593
2020-07-08 12:00:00,-1,-1,0.4362697295207348,-0.014369800137099101,-0.24657778148737622,0.7814705752293285,1.1761555284489047,-0.33557207671342626
2020-07-09 12:00:00,0,0,0.5025949528612164,0.0,-0.24657778148737622,0.7814705752293285,1.1761555284489047,-0.33557207671342626
2020-07-10 12:00:00,1,1,0.6114874801081177,0.0014821907765204998,-0.2450955907108557,0.782629722534568,1.1761555284489047,-0.33458653757578505
2020-07-11 12:00:00,0,0,0.5302625951457309,0.0,-0.2450955907108557,0.782629722534568,1.1761555284489047,-0.33458653757578505
2020-07-12 12:00:00,-1,-1,0.4370824727104032,-0.0062165992217003,-0.251312189932556,0.7777795187173319,1.1761555284489047,-0.3387103151714509
2020-07-13 12:00:00,-1,-1,0.4401302235036954,0.010941233371978599,-0.2403709565605774,0.7863361104175121,1.1761555284489047,-0.3314352639616296
2020-07-14 12:00:00,-1,-1,0.38892929129140585,-0.005367337488174,-0.2457382940487514,0.7821268854044184,1.1761555284489047,-0.3350140636282388
2020-07-15 12:00:00,0,0,0.45031826540510766,0.0,-0.2457382940487514,0.7821268854044184,1.1761555284489047,-0.3350140636282388
2020-07-16 12:00:00,-1,-1,0.3975098662080204,-0.0100852557760518,-0.2558235498248032,0.774278578330303,1.1761555284489047,-0.34168691163539455
2020-07-17 12:00:00,0,0,0.5160605669152943,0.0,-0.2558235498248032,0.774278578330303,1.1761555284489047,-0.34168691163539455
2020-07-18 12:00:00,-1,-1,0.43470429344122274,0.0026473952079801,-0.25317615461682313,0.7763311154679059,1.1761555284489047,-0.33994178772282
2020-07-19 12:00:00,0,0,0.45813456305018396,0.0,-0.25317615461682313,0.7763311154679059,1.1761555284489047,-0.33994178772282
2020-07-20 12:00:00,0,0,0.45436312997428596,0.0,-0.25317615461682313,0.7763311154679059,1.1761555284489047,-0.33994178772282
2020-07-21 12:00:00,0,0,0.46570782853857245,0.0,-0.25317615461682313,0.7763311154679059,1.1761555284489047,-0.33994178772282
2020-07-22 12:00:00,-1,-1,0.4463118758813452,-0.0180412534452521,-0.2712174080620752,0.7624507154521862,1.1761555284489047,-0.351743288187665
2020-07-23 12:00:00,0,0,0.5133915670743908,0.0,-0.2712174080620752,0.7624507154521862,1.1761555284489047,-0.351743288187665
2020-07-24 12:00:00,1,1,0.5840102013117865,0.0076211667583918,-0.2635962413036834,0.7682836782582491,1.1761555284489047,-0.34678394168545934
2020-07-25 12:00:00,-1,-1,0.4401270513198232,-0.0291816076264284,-0.29277784893011183,0.7461878887238067,1.1761555284489047,-0.36557039381699163
2020-07-26 12:00:00,-1,-1,0.44207345388691227,-0.0420352475597216,-0.33481309648983343,0.7154717980470583,1.1761555284489047,-0.39168606469026157
2020-07-27 12:00:00,0,0,0.48450361994508756,0.0,-0.33481309648983343,0.7154717980470583,1.1761555284489047,-0.39168606469026157
2020-07-28 12:00:00,0,0,0.4687289222885992,0.0,-0.33481309648983343,0.7154717980470583,1.1761555284489047,-0.39168606469026157
2020-07-29 12:00:00,-1,-1,0.44035063056232926,0.0142264351354741,-0.3205866613543593,0.7257231584316196,1.1761555284489047,-0.3829700742140014
2020-07-30 12:00:00,1,1,0.5786074226556006,0.0265416797883971,-0.2940449815659622,0.7452429684935917,1.1761555284489047,-0.36637379116314117
2020-07-31 12:00:00,0,0,0.519790538935088,0.0,-0.2940449815659622,0.7452429684935917,1.1761555284489047,-0.36637379116314117
2020-08-01 12:00:00,-1,-1,0.44253699985690154,0.0581911814750877,-0.2358538000908745,0.7898961482365214,1.1761555284489047,-0.3284084212245093
2020-08-02 12:00:00,1,1,0.558911492395303,0.0189662169254968,-0.2168875831653777,0.8050204620706032,1.1761555284489047,-0.31554931078523996
2020-08-03 12:00:00,-1,-1,0.42493310724725236,0.0050038975336423,-0.2118836856317354,0.8090587972567126,1.1761555284489047,-0.3121158063817576
2020-08-04 12:00:00,0,0,0.5374216056250231,0.0,-0.2118836856317354,0.8090587972567126,1.1761555284489047,-0.3121158063817576
2020-08-05 12:00:00,0,0,0.48379776366959115,0.0,-0.2118836856317354,0.8090587972567126,1.1761555284489047,-0.3121158063817576
2020-08-06 12:00:00,0,0,0.5476334923801692,0.0,-0.2118836856317354,0.8090587972567126,1.1761555284489047,-0.3121158063817576
2020-08-07 12:00:00,1,1,0.5895340958955388,0.000590553250111,-0.2112931323816244,0.809536730667638,1.1761555284489047,-0.3117094541610137
2020-08-08 12:00:00,-1,-1,0.44950007719163815,0.0090678737940133,-0.2022252585876111,0.8169108910215508,1.1761555284489047,-0.30543973882528963
2020-08-09 12:00:00,1,1,0.5727374619803302,0.017357859315739,-0.1848673992718721,0.8312144961922715,1.1761555284489047,-0.29327841761840456
2020-08-10 12:00:00,0,0,0.46107633099675466,0.0,-0.1848673992718721,0.8312144961922715,1.1761555284489047,-0.29327841761840456
2020-08-11 12:00:00,1,1,0.5563841495139898,-0.014210587476042699,-0.1990779867479148,0.8194859817941496,1.1761555284489047,-0.3032503253418579
2020-08-12 12:00:00,0,0,0.49770544521612514,0.0,-0.1990779867479148,0.8194859817941496,1.1761555284489047,-0.3032503253418579
2020-08-13 12:00:00,0,0,0.5211374493463519,0.0,-0.1990779867479148,0.8194859817941496,1.1761555284489047,-0.3032503253418579
2020-08-14 12:00:00,0,0,0.5280579889358176,0.0,-0.1990779867479148,0.8194859817941496,1.1761555284489047,-0.3032503253418579
2020-08-15 12:00:00,0,0,0.531167902583926,0.0,-0.1990779867479148,0.8194859817941496,1.1761555284489047,-0.3032503253418579
2020-08-16 12:00:00,0,0,0.5482410304405795,0.0,-0.1990779867479148,0.8194859817941496,1.1761555284489047,-0.3032503253418579
2020-08-17 12:00:00,0,0,0.45391824177119927,0.0,-0.1990779867479148,0.8194859817941496,1.1761555284489047,-0.3032503253418579
2020-08-18 12:00:00,0,0,0.4973616335759746,0.0,-0.1990779867479148,0.8194859817941496,1.1761555284489047,-0.3032503253418579
2020-08-19 12:00:00,1,1,0.5720003279866654,-0.007112858239287,-0.2061908449872018,0.8136777751395868,1.1761555284489047,-0.30818862347851883
2020-08-20 12:00:00,0,0,0.4983755751143962,0.0,-0.2061908449872018,0.8136777751395868,1.1761555284489047,-0.30818862347851883
2020-08-21 12:00:00,1,1,0.5664245779314666,-0.01567488119484,-0.2218657261820418,0.801022913518848,1.1761555284489047,-0.3189481372627442
2020-08-22 12:00:00,0,0,0.5234437756954283,0.0,-0.2218657261820418,0.801022913518848,1.1761555284489047,-0.3189481372627442
2020-08-23 12:00:00,0,0,0.5333123882438987,0.0,-0.2218657261820418,0.801022913518848,1.1761555284489047,-0.3189481372627442
2020-08-24 12:00:00,-1,-1,0.43875074311719703,0.0233789349200797,-0.19848679126196211,0.819970601445748,1.1761555284489047,-0.3028382882941406
2020-08-25 12:00:00,0,0,0.5063251571673759,0.0,-0.19848679126196211,0.819970601445748,1.1761555284489047,-0.3028382882941406
2020-08-26 12:00:00,0,0,0.5498589416084512,0.0,-0.19848679126196211,0.819970601445748,1.1761555284489047,-0.3028382882941406
2020-08-27 12:00:00,0,0,0.5112883661434057,0.0,-0.19848679126196211,0.819970601445748,1.1761555284489047,-0.3028382882941406
2020-08-28 12:00:00,0,0,0.5056792247008735,0.0,-0.19848679126196211,0.819970601445748,1.1761555284489047,-0.3028382882941406
2020-08-29 12:00:00,0,0,0.5168969107410569,0.0,-0.19848679126196211,0.819970601445748,1.1761555284489047,-0.3028382882941406
2020-08-30 12:00:00,-1,-1,0.4386403660702,-0.0113849452389603,-0.20987173650092242,0.8106882210098311,1.1761555284489047,-0.3107304251853886
2020-08-31 12:00:00,0,0,0.4685765772642336,0.0,-0.20987173650092242,0.8106882210098311,1.1761555284489047,-0.3107304251853886
2020-09-01 12:00:00,0,0,0.462022962417619,0.0,-0.20987173650092242,0.8106882210098311,1.1761555284489047,-0.3107304251853886
2020-09-02 12:00:00,0,0,0.45751183230610565,0.0,-0.20987173650092242,0.8106882210098311,1.1761555284489047,-0.3107304251853886
2020-09-03 12:00:00,-1,-1,0.40632962930135347,0.032311667977310596,-0.17756006852361184,0.8373107018074579,1.1761555284489047,-0.28809525479024867
2020-09-04 12:00:00,1,1,0.5537606528700998,-0.0462256319249626,-0.22378570044857443,0.7994864455994124,1.1761555284489047,-0.32025448483521357
2020-09-05 12:00:00,1,1,0.6166464988073403,0.0231009557394419,-0.20068474470913253,0.8181703234241254,1.1761555284489047,-0.304368934520832
2020-09-06 12:00:00,-1,-1,0.41190210046921927,0.028676497218836697,-0.17200824749029583,0.841972228982076,1.1761555284489047,-0.2841318953009083
2020-09-07 12:00:00,0,0,0.5089859812001556,0.0,-0.17200824749029583,0.841972228982076,1.1761555284489047,-0.2841318953009083
2020-09-08 12:00:00,0,0,0.4891629124512311,0.0,-0.17200824749029583,0.841972228982076,1.1761555284489047,-0.2841318953009083
2020-09-09 12:00:00,0,0,0.46127553923763437,0.0,-0.17200824749029583,0.841972228982076,1.1761555284489047,-0.2841318953009083
2020-09-10 12:00:00,0,0,0.5296781912967129,0.0,-0.17200824749029583,0.841972228982076,1.1761555284489047,-0.2841318953009083
2020-09-11 12:00:00,1,1,0.5754831968114921,0.0019423830835327998,-0.17006586440676302,0.8436092509436512,1.1761555284489047,-0.2827400538973024
2020-09-12 12:00:00,0,0,0.4869019676457331,0.0,-0.17006586440676302,0.8436092509436512,1.1761555284489047,-0.2827400538973024
2020-09-13 12:00:00,1,1,0.5714118013136043,0.019603480248760498,-0.15046238415800253,0.8603100906872123,1.1761555284489047,-0.26854053747315576
2020-09-14 12:00:00,0,0,0.478051392645718,0.0,-0.15046238415800253,0.8603100906872123,1.1761555284489047,-0.26854053747315576
2020-09-15 12:00:00,0,0,0.4839881290453777,0.0,-0.15046238415800253,0.8603100906872123,1.1761555284489047,-0.26854053747315576
2020-09-16 12:00:00,0,0,0.48434344504160426,0.0,-0.15046238415800253,0.8603100906872123,1.1761555284489047,-0.26854053747315576
2020-09-17 12:00:00,1,1,0.5750991087435487,0.0161185454047919,-0.13434383875321063,0.8742893983392693,1.1761555284489047,-0.256654942996979
2020-09-18 12:00:00,0,0,0.4947415561252319,0.0,-0.13434383875321063,0.8742893983392693,1.1761555284489047,-0.256654942996979
2020-09-19 12:00:00,-1,-1,0.4494348915193987,0.021629147782110197,-0.11271469097110043,0.8934055204187581,1.1761555284489047,-0.2404018866476212
2020-09-20 12:00:00,1,1,0.6159467918880994,-0.0271758827287762,-0.13989057369987662,0.869453371259075,1.1761555284489047,-0.2607666671382344
2020-09-21 12:00:00,0,0,0.4959652804459795,0.0,-0.13989057369987662,0.869453371259075,1.1761555284489047,-0.2607666671382344
2020-09-22 12:00:00,0,0,0.49867043418841256,0.0,-0.13989057369987662,0.869453371259075,1.1761555284489047,-0.2607666671382344
2020-09-23 12:00:00,0,0,0.4535821777383604,0.0,-0.13989057369987662,0.869453371259075,1.1761555284489047,-0.2607666671382344
2020-09-24 12:00:00,0,0,0.4891185313607643,0.0,-0.13989057369987662,0.869453371259075,1.1761555284489047,-0.2607666671382344
2020-09-25 12:00:00,1,1,0.5538888333267289,0.0056557845162661,-0.1342347891836105,0.8743847444204942,1.1761555284489047,-0.25657387711842927
2020-09-26 12:00:00,0,0,0.48433999348521267,0.0,-0.1342347891836105,0.8743847444204942,1.1761555284489047,-0.25657387711842927
2020-09-27 12:00:00,0,0,0.5294875895266823,0.0,-0.1342347891836105,0.8743847444204942,1.1761555284489047,-0.25657387711842927
2020-09-28 12:00:00,0,0,0.457246466400761,0.0,-0.1342347891836105,0.8743847444204942,1.1761555284489047,-0.25657387711842927
2020-09-29 12:00:00,0,0,0.5144083525056419,0.0,-0.1342347891836105,0.8743847444204942,1.1761555284489047,-0.25657387711842927
2020-09-30 12:00:00,0,0,0.45371480069281017,0.0,-0.1342347891836105,0.8743847444204942,1.1761555284489047,-0.25657387711842927
2020-10-01 12:00:00,0,0,0.4932839951746658,0.0,-0.1342347891836105,0.8743847444204942,1.1761555284489047,-0.25657387711842927
2020-10-02 12:00:00,1,1,0.6562344128434279,0.0034014737540006,-0.1308333154296099,0.8773640052457815,1.1761555284489047,-0.2540408270640574
2020-10-03 12:00:00,0,0,0.4807331369934595,0.0,-0.1308333154296099,0.8773640052457815,1.1761555284489047,-0.2540408270640574
2020-10-04 12:00:00,-1,-1,0.4276591799035692,-0.009375784401018099,-0.14020909983062801,0.8691764717430659,1.1761555284489047,-0.2610020947745558
2020-10-05 12:00:00,0,0,0.4556410459644701,0.0,-0.14020909983062801,0.8691764717430659,1.1761555284489047,-0.2610020947745558
2020-10-06 12:00:00,-1,-1,0.41190412620838124,0.0059646694210318,-0.13424443040959622,0.8743763143202131,1.1761555284489047,-0.2565810446231318
2020-10-07 12:00:00,-1,-1,0.4455016427226253,-0.0023684363637735,-0.13661286677336973,0.8723078601297302,1.1761555284489047,-0.2583397016548348
2020-10-08 12:00:00,0,0,0.4853079647380872,0.0,-0.13661286677336973,0.8723078601297302,1.1761555284489047,-0.2583397016548348
2020-10-09 12:00:00,0,0,0.532022401163148,0.0,-0.13661286677336973,0.8723078601297302,1.1761555284489047,-0.2583397016548348
2020-10-10 12:00:00,0,0,0.45479893845005553,0.0,-0.13661286677336973,0.8723078601297302,1.1761555284489047,-0.2583397016548348
2020-10-11 12:00:00,-1,-1,0.4471612746754144,0.0047280227547666,-0.13188484401860312,0.8764419167974582,1.1761555284489047,-0.2548248121969924
2020-10-12 12:00:00,0,0,0.4554828301674224,0.0,-0.13188484401860312,0.8764419167974582,1.1761555284489047,-0.2548248121969924
2020-10-13 12:00:00,0,0,0.500738840992101,0.0,-0.13188484401860312,0.8764419167974582,1.1761555284489047,-0.2548248121969924
2020-10-14 12:00:00,0,0,0.4715324463336526,0.0,-0.13188484401860312,0.8764419167974582,1.1761555284489047,-0.2548248121969924
2020-10-15 12:00:00,0,0,0.4831759686372881,0.0,-0.13188484401860312,0.8764419167974582,1.1761555284489047,-0.2548248121969924
2020-10-16 12:00:00,1,1,0.5909631157000494,-0.0030040916226832,-0.13488893564128632,0.8738129557744339,1.1761555284489047,-0.2570600276590932
2020-10-17 12:00:00,0,0,0.47819203617167766,0.0,-0.13488893564128632,0.8738129557744339,1.1761555284489047,-0.2570600276590932
2020-10-18 12:00:00,0,0,0.4532946566190045,0.0,-0.13488893564128632,0.8738129557744339,1.1761555284489047,-0.2570600276590932
2020-10-19 12:00:00,0,0,0.4838318114809342,0.0,-0.13488893564128632,0.8738129557744339,1.1761555284489047,-0.2570600276590932
2020-10-20 12:00:00,0,0,0.4694216903666074,0.0,-0.13488893564128632,0.8738129557744339,1.1761555284489047,-0.2570600276590932
2020-10-21 12:00:00,0,0,0.5406205469890962,0.0,-0.13488893564128632,0.8738129557744339,1.1761555284489047,-0.2570600276590932
2020-10-22 12:00:00,0,0,0.5189358218267834,0.0,-0.13488893564128632,0.8738129557744339,1.1761555284489047,-0.2570600276590932
2020-10-23 12:00:00,0,0,0.5292411308532357,0.0,-0.13488893564128632,0.8738129557744339,1.1761555284489047,-0.2570600276590932
2020-10-24 12:00:00,-1,-1,0.44674436126990513,-0.000667810059834,-0.1355567457011203,0.8732296094960905,1.1761555284489047,-0.2575560048187744
2020-10-25 12:00:00,1,1,0.5752865935886649,0.0117297265007149,-0.12382701920040541,0.8835326618511381,1.1761555284489047,-0.2487960643977697
2020-10-26 12:00:00,0,0,0.4669588559525755,0.0,-0.12382701920040541,0.8835326618511381,1.1761555284489047,-0.2487960643977697
2020-10-27 12:00:00,0,0,0.46739642904856804,0.0,-0.12382701920040541,0.8835326618511381,1.1761555284489047,-0.2487960643977697
2020-10-28 12:00:00,0,0,0.525793448046872,0.0,-0.12382701920040541,0.8835326618511381,1.1761555284489047,-0.2487960643977697
2020-10-29 12:00:00,1,1,0.5662271403246434,0.0140053213951539,-0.10982169780525151,0.8959938787298614,1.1761555284489047,-0.23820119273555262
2020-10-30 12:00:00,1,1,0.5705576550013779,0.039413022186973096,-0.07040867561827842,0.9320128511367451,1.1761555284489047,-0.20757686496966188
2020-10-31 12:00:00,-1,-1,0.42358452579632294,0.007545251501582101,-0.06286342411669632,0.9390717194808663,1.1761555284489047,-0.2015752196316254
2020-11-01 12:00:00,0,0,0.5152536502138877,0.0,-0.06286342411669632,0.9390717194808663,1.1761555284489047,-0.2015752196316254
2020-11-02 12:00:00,0,0,0.4721833406599624,0.0,-0.06286342411669632,0.9390717194808663,1.1761555284489047,-0.2015752196316254
2020-11-03 12:00:00,0,0,0.4695467296243972,0.0,-0.06286342411669632,0.9390717194808663,1.1761555284489047,-0.2015752196316254
2020-11-04 12:00:00,0,0,0.4847053154409895,0.0,-0.06286342411669632,0.9390717194808663,1.1761555284489047,-0.2015752196316254
2020-11-05 12:00:00,1,1,0.5626082321298569,0.0374803395477707,-0.025383084568925622,0.9749363574071883,1.1761555284489047,-0.17108211131488793
2020-11-06 12:00:00,1,1,0.577753715803678,0.002595946989603,-0.022787137579322624,0.9774705283728632,1.1761555284489047,-0.16892748898444077
2020-11-07 12:00:00,0,0,0.5060493361589669,0.0,-0.022787137579322624,0.9774705283728632,1.1761555284489047,-0.16892748898444077
2020-11-08 12:00:00,0,0,0.4617004967912027,0.0,-0.022787137579322624,0.9774705283728632,1.1761555284489047,-0.16892748898444077
2020-11-09 12:00:00,0,0,0.45956904372840596,0.0,-0.022787137579322624,0.9774705283728632,1.1761555284489047,-0.16892748898444077
2020-11-10 12:00:00,0,0,0.511302191796229,0.0,-0.022787137579322624,0.9774705283728632,1.1761555284489047,-0.16892748898444077
2020-11-11 12:00:00,0,0,0.47925282232921024,0.0,-0.022787137579322624,0.9774705283728632,1.1761555284489047,-0.16892748898444077
2020-11-12 12:00:00,0,0,0.5078687611625062,0.0,-0.022787137579322624,0.9774705283728632,1.1761555284489047,-0.16892748898444077
2020-11-13 12:00:00,1,1,0.5748814876511993,-0.0221802027875273,-0.04496734036684992,0.9560287048700127,1.1761555284489047,-0.18715792108650098
2020-11-14 12:00:00,1,1,0.6224351885753694,0.0039826150912243,-0.04098472527562562,0.9598437911851783,1.1761555284489047,-0.18391422905522958
2020-11-15 12:00:00,0,0,0.4897671624961288,0.0,-0.04098472527562562,0.9598437911851783,1.1761555284489047,-0.18391422905522958
2020-11-16 12:00:00,0,0,0.4701932064871025,0.0,-0.04098472527562562,0.9598437911851783,1.1761555284489047,-0.18391422905522958
2020-11-17 12:00:00,0,0,0.5318968218654748,0.0,-0.04098472527562562,0.9598437911851783,1.1761555284489047,-0.18391422905522958
2020-11-18 12:00:00,-1,-1,0.43783808692859216,0.016548183542824398,-0.02443654173280122,0.9758596133136693,1.1761555284489047,-0.1702971335766984
2020-11-19 12:00:00,1,1,0.5516801701588543,0.0281845918314143,0.003748050098613079,1.0037550828219721,1.1761555284489047,-0.14657963292855625
2020-11-20 12:00:00,0,0,0.5445763972439523,0.0,0.003748050098613079,1.0037550828219721,1.1761555284489047,-0.14657963292855625
2020-11-21 12:00:00,0,0,0.4817756281769294,0.0,0.003748050098613079,1.0037550828219721,1.1761555284489047,-0.14657963292855625
2020-11-22 12:00:00,0,0,0.5202040948330762,0.0,0.003748050098613079,1.0037550828219721,1.1761555284489047,-0.14657963292855625
2020-11-23 12:00:00,-1,-1,0.44775063934941317,-0.0304327988933096,-0.02668474879469652,0.9736681432019432,1.1761555284489047,-0.1721603821511588
2020-11-24 12:00:00,-1,-1,0.4480385989362917,-0.0070066236099911,-0.03369137240468762,0.9668698613148641,1.1761555284489047,-0.17794046966734345
2020-11-25 12:00:00,0,0,0.4697148978872383,0.0,-0.03369137240468762,0.9668698613148641,1.1761555284489047,-0.17794046966734345
2020-11-26 12:00:00,0,0,0.5243209794305866,0.0,-0.03369137240468762,0.9668698613148641,1.1761555284489047,-0.17794046966734345
2020-11-27 12:00:00,0,0,0.5238280364325153,0.0,-0.03369137240468762,0.9668698613148641,1.1761555284489047,-0.17794046966734345
2020-11-28 12:00:00,-1,-1,0.406574648514189,-0.051952168348445904,-0.08564354075313352,0.9179213744718954,1.1761555284489047,-0.2195578286466624
2020-11-29 12:00:00,-1,-1,0.3903558196973688,-0.0613390451336312,-0.14698258588676472,0.8633090110462958,1.1761555284489047,-0.265990772338745
2020-11-30 13:00:00,0,0,0.4881477517795634,0.0,-0.14698258588676472,0.8633090110462958,1.1761555284489047,-0.265990772338745
2020-12-01 13:00:00,0,0,0.524026793318172,0.0,-0.14698258588676472,0.8633090110462958,1.1761555284489047,-0.265990772338745
2020-12-02 13:00:00,-1,-1,0.43257393842529107,-0.009149396587913201,-0.1561319824746779,0.8554462790031646,1.1761555284489047,-0.2726758848540094
2020-12-03 13:00:00,0,0,0.5075419991604179,0.0,-0.1561319824746779,0.8554462790031646,1.1761555284489047,-0.2726758848540094
2020-12-04 13:00:00,1,1,0.6461275947328424,-0.0021693022925421,-0.15830128476722002,0.8535925687848332,1.1761555284489047,-0.2742519606139695
2020-12-05 13:00:00,0,0,0.4629691119338158,0.0,-0.15830128476722002,0.8535925687848332,1.1761555284489047,-0.2742519606139695
2020-12-06 13:00:00,1,1,0.5614506234836076,0.0113019615589777,-0.14699932320824233,0.8632945616867655,1.1761555284489047,-0.2660030575843445
2020-12-07 13:00:00,0,0,0.47280132141995923,0.0,-0.14699932320824233,0.8632945616867655,1.1761555284489047,-0.2660030575843445
2020-12-08 13:00:00,0,0,0.5248489392174595,0.0,-0.14699932320824233,0.8632945616867655,1.1761555284489047,-0.2660030575843445
2020-12-09 13:00:00,-1,-1,0.4249527329597702,0.0126096541522842,-0.13438966905595812,0.8742493303096265,1.1761555284489047,-0.25668900994533206
2020-12-10 13:00:00,1,1,0.5723245466215878,-0.015453240439021701,-0.1498429094949798,0.8608431960963345,1.1761555284489047,-0.26808727649174
2020-12-11 13:00:00,0,0,0.5366224930600847,0.0,-0.1498429094949798,0.8608431960963345,1.1761555284489047,-0.26808727649174
2020-12-12 13:00:00,0,0,0.4557615528035983,0.0,-0.1498429094949798,0.8608431960963345,1.1761555284489047,-0.26808727649174
2020-12-13 13:00:00,0,0,0.4505529779425411,0.0,-0.1498429094949798,0.8608431960963345,1.1761555284489047,-0.26808727649174
2020-12-14 13:00:00,0,0,0.48272914380200566,0.0,-0.1498429094949798,0.8608431960963345,1.1761555284489047,-0.26808727649174
2020-12-15 13:00:00,0,0,0.4794529094614909,0.0,-0.1498429094949798,0.8608431960963345,1.1761555284489047,-0.26808727649174
2020-12-16 13:00:00,0,0,0.48490695229113356,0.0,-0.1498429094949798,0.8608431960963345,1.1761555284489047,-0.26808727649174
2020-12-17 13:00:00,0,0,0.49079316006499774,0.0,-0.1498429094949798,0.8608431960963345,1.1761555284489047,-0.26808727649174
2020-12-18 13:00:00,1,1,0.6572195158561558,0.0252761343478412,-0.1245667751471386,0.882879305002503,1.1761555284489047,-0.2493515664830227
2020-12-19 13:00:00,-1,-1,0.43702647223241275,-0.017631494256377302,-0.1421982694035159,0.8674492507892098,1.1761555284489047,-0.2624706258591599
2020-12-20 13:00:00,0,0,0.4911092952111636,0.0,-0.1421982694035159,0.8674492507892098,1.1761555284489047,-0.2624706258591599
2020-12-21 13:00:00,-1,-1,0.4325169345334672,-0.029735768762848502,-0.1719340381663644,0.8420347134903957,1.1761555284489047,-0.28407876924163444
2020-12-22 17:00:00,-1,-1,0.41524341155431055,-0.011519587683681599,-0.18345362585004601,0.8323904762436206,1.1761555284489047,-0.2922785668138941
2020-12-23 17:00:00,0,0,0.46186253800548505,0.0,-0.18345362585004601,0.8323904762436206,1.1761555284489047,-0.2922785668138941
2020-12-24 17:00:00,0,0,0.49828646624430073,0.0,-0.18345362585004601,0.8323904762436206,1.1761555284489047,-0.2922785668138941
2020-12-25 18:00:00,0,0,0.491264599157909,0.0,-0.18345362585004601,0.8323904762436206,1.1761555284489047,-0.2922785668138941
2020-12-26 18:00:00,-1,-1,0.3967826013040057,-0.055765096111457,-0.239218721961503,0.7872426762784126,1.1761555284489047,-0.33066447656236775
2020-12-27 18:00:00,0,0,0.4993191109889954,0.0,-0.239218721961503,0.7872426762784126,1.1761555284489047,-0.33066447656236775
2020-12-28 18:00:00,0,0,0.4525079650671364,0.0,-0.239218721961503,0.7872426762784126,1.1761555284489047,-0.33066447656236775
2020-12-29 18:00:00,0,0,0.5299295140707381,0.0,-0.239218721961503,0.7872426762784126,1.1761555284489047,-0.33066447656236775
2020-12-30 18:00:00,0,0,0.4546404022257346,0.0,-0.239218721961503,0.7872426762784126,1.1761555284489047,-0.33066447656236775
2020-12-31 18:00:00,0,0,0.5095305175611743,0.0,-0.239218721961503,0.7872426762784126,1.1761555284489047,-0.33066447656236775
2021-01-01 00:00:00,0,0,0.5404014302844147,0.0,-0.239218721961503,0.7872426762784126,1.1761555284489047,-0.33066447656236775
2021-01-02 00:00:00,0,0,0.5202509904790367,0.0,-0.239218721961503,0.7872426762784126,1.1761555284489047,-0.33066447656236775
2021-01-03 00:00:00,0,0,0.4555959998954459,0.0,-0.239218721961503,0.7872426762784126,1.1761555284489047,-0.33066447656236775
2021-01-04 00:00:00,0,0,0.5333728727354737,0.0,-0.239218721961503,0.7872426762784126,1.1761555284489047,-0.33066447656236775
2021-01-05 00:00:00,0,0,0.47900752460150775,0.0,-0.239218721961503,0.7872426762784126,1.1761555284489047,-0.33066447656236775
2021-01-06 00:00:00,0,0,0.49257417973850903,0.0,-0.239218721961503,0.7872426762784126,1.1761555284489047,-0.33066447656236775
2021-01-07 00:00:00,0,0,0.4626174713564561,0.0,-0.239218721961503,0.7872426762784126,1.1761555284489047,-0.33066447656236775
2021-01-08 00:00:00,0,0,0.46923277394212365,0.0,-0.239218721961503,0.7872426762784126,1.1761555284489047,-0.33066447656236775
2021-01-09 00:00:00,0,0,0.5221201152850736,0.0,-0.239218721961503,0.7872426762784126,1.1761555284489047,-0.33066447656236775
2021-01-10 00:00:00,0,0,0.49469418428413947,0.0,-0.239218721961503,0.7872426762784126,1.1761555284489047,-0.33066447656236775
2021-01-11 00:00:00,0,0,0.5024087639350179,0.0,-0.239218721961503,0.7872426762784126,1.1761555284489047,-0.33066447656236775
2021-01-12 00:00:00,-1,-1,0.4455488361648081,0.070290344539224,-0.168928377422279,0.844569391456733,1.1761555284489047,-0.2819237158451844
2021-01-13 00:00:00,1,1,0.5775131546575677,0.1482682901208258,-0.020660087301453217,0.9795518701063789,1.1761555284489047,-0.16715787460677378
2021-01-14 00:00:00,0,0,0.5183783754565248,0.0,-0.020660087301453217,0.9795518701063789,1.1761555284489047,-0.16715787460677378
2021-01-15 00:00:00,-1,-1,0.431788103939123,0.05888757425945,0.038227486957996784,1.0389675575662145,1.1761555284489047,-0.11664101180871167
2021-01-16 00:00:00,1,1,0.5867555493696522,-0.0217493094794522,0.016478177478544583,1.0166146914480705,1.1761555284489047,-0.13564603757058735
2021-01-17 00:00:00,1,1,0.6358159280304037,-0.012946418933766999,0.0035317585447775836,1.0035380025525988,1.1761555284489047,-0.14676420058489303
2021-01-18 00:00:00,-1,-1,0.4179251780346273,-0.0206228572198232,-0.017091098675045616,0.9830541256272753,1.1761555284489047,-0.16418015997959767
2021-01-19 00:00:00,0,0,0.4755578785698571,0.0,-0.017091098675045616,0.9830541256272753,1.1761555284489047,-0.16418015997959767
2021-01-20 00:00:00,1,1,0.5629654624283215,-0.0295138491888365,-0.04660494786388211,0.95446438631503,1.1761555284489047,-0.18848794804054314
2021-01-21 00:00:00,-1,-1,0.4329395919875598,0.177341129980107,0.1307361821162249,1.1396670770916724,1.1761555284489047,-0.031023491770134082
2021-01-22 00:00:00,1,1,0.7619347063612742,0.1010922781652735,0.2318284602814984,1.2609034152587641,1.2609034152587641,0.0
2021-01-23 00:00:00,-1,-1,0.39087141509521695,0.0245773868248447,0.25640584710634307,1.2922770884443484,1.2922770884443484,0.0
2021-01-24 00:00:00,1,1,0.6124976166860352,0.020671864915757798,0.27707771202210085,1.31926889010457,1.31926889010457,0.0
2021-01-25 00:00:00,0,0,0.49166578646253867,0.0,0.27707771202210085,1.31926889010457,1.31926889010457,0.0
2021-01-26 00:00:00,0,0,0.5466999646151149,0.0,0.27707771202210085,1.31926889010457,1.31926889010457,0.0
2021-01-27 00:00:00,0,0,0.4876185754671268,0.0,0.27707771202210085,1.31926889010457,1.31926889010457,0.0
2021-01-28 00:00:00,0,0,0.5091421736956473,0.0,0.27707771202210085,1.31926889010457,1.31926889010457,0.0
2021-01-29 00:00:00,1,1,0.553274676891526,0.0019201634252024,0.27899787544730326,1.3218045356231654,1.3218045356231654,0.0
2021-01-30 00:00:00,1,1,0.643969859509797,-0.0063650072608287004,0.27263286818647453,1.3134179587817572,1.3218045356231654,-0.006344793511738334
2021-01-31 00:00:00,1,1,0.5757259685313543,-0.0466617079968138,0.22597116018966074,1.2535395129150706,1.3218045356231654,-0.051645323395649534
2021-02-01 00:00:00,1,1,0.5561621603029439,0.0357048324579259,0.2616759926475866,1.2991055544802566,1.3218045356231654,-0.017172721481249376
2021-02-02 00:00:00,0,0,0.4953667912609098,0.0,0.2616759926475866,1.2991055544802566,1.3218045356231654,-0.017172721481249376
2021-02-03 00:00:00,0,0,0.48089029552157503,0.0,0.2616759926475866,1.2991055544802566,1.3218045356231654,-0.017172721481249376
2021-02-04 00:00:00,0,0,0.5329188676764794,0.0,0.2616759926475866,1.2991055544802566,1.3218045356231654,-0.017172721481249376
2021-02-05 00:00:00,1,1,0.6555354337346091,0.0451609421919139,0.30683693483950053,1.3591193249904718,1.3591193249904718,0.0
2021-02-06 00:00:00,0,0,0.49087027620703994,0.0,0.30683693483950053,1.3591193249904718,1.3591193249904718,0.0
2021-02-07 00:00:00,1,1,0.6020976366131243,-0.0224281952096098,0.2844087396298907,1.3289760249217388,1.3591193249904718,-0.022178553063355477
2021-02-08 00:00:00,0,0,0.5190209872366975,0.0,0.2844087396298907,1.3289760249217388,1.3591193249904718,-0.022178553063355477
2021-02-09 00:00:00,-1,-1,0.42217983666231534,0.0043723169338198,0.2887810565637105,1.3347994509549983,1.3591193249904718,-0.017893847573423383
2021-02-10 00:00:00,0,0,0.5364416320650379,0.0,0.2887810565637105,1.3347994509549983,1.3591193249904718,-0.017893847573423383
2021-02-11 00:00:00,1,1,0.5607849030076499,0.0902444013206974,0.3790254578844079,1.4608602256808028,1.4608602256808028,0.0
2021-02-12 02:00:00,0,0,0.5212749496576901,0.0,0.3790254578844079,1.4608602256808028,1.4608602256808028,0.0
2021-02-13 02:00:00,0,0,0.49558985908434655,0.0,0.3790254578844079,1.4608602256808028,1.4608602256808028,0.0
2021-02-14 02:00:00,0,0,0.486529799209075,0.0,0.3790254578844079,1.4608602256808028,1.4608602256808028,0.0
2021-02-15 02:00:00,0,0,0.5311928823657803,0.0,0.3790254578844079,1.4608602256808028,1.4608602256808028,0.0
2021-02-16 02:00:00,0,0,0.49820500016685515,0.0,0.3790254578844079,1.4608602256808028,1.4608602256808028,0.0
2021-02-17 02:00:00,0,0,0.5132091217810423,0.0,0.3790254578844079,1.4608602256808028,1.4608602256808028,0.0
2021-02-18 02:00:00,1,1,0.5709420600780329,-0.021670751774800802,0.35735470610960707,1.4295428475164835,1.4608602256808028,-0.02143762805899141
2021-02-19 02:00:00,1,1,0.6646291591744842,0.0902234611170248,0.44757816722663185,1.5645185912201478,1.5645185912201478,0.0
2021-02-20 02:00:00,0,0,0.5305275602384162,0.0,0.44757816722663185,1.5645185912201478,1.5645185912201478,0.0
2021-02-21 02:00:00,0,0,0.518848811268787,0.0,0.44757816722663185,1.5645185912201478,1.5645185912201478,0.0
2021-02-22 02:00:00,0,0,0.535499592497794,0.0,0.44757816722663185,1.5645185912201478,1.5645185912201478,0.0
2021-02-23 02:00:00,0,0,0.5447828534210146,0.0,0.44757816722663185,1.5645185912201478,1.5645185912201478,0.0
2021-02-24 02:00:00,-1,-1,0.42925977018214195,-0.0107317171932385,0.43684645003339334,1.5478183913461863,1.5645185912201478,-0.01067433775966653
2021-02-25 02:00:00,-1,-1,0.4277902840147739,0.0665282408646269,0.5033746908980202,1.6542945941984397,1.6542945941984397,0.0
2021-02-26 02:00:00,1,1,0.6320013042077648,-0.00032790566612349997,0.5030467852318967,1.6537522305544803,1.6542945941984397,-0.00032785191093620547
2021-02-27 02:00:00,-1,-1,0.40225182390313596,0.0416507501877786,0.5446975354196754,1.7240868283056283,1.7240868283056283,0.0
2021-02-28 02:00:00,1,1,0.6143715933318206,0.0212698321583209,0.5659673675779963,1.761150638973167,1.761150638973167,0.0
2021-03-01 02:00:00,-1,-1,0.4345693629614475,-0.060650064815442904,0.5053173027625534,1.6575113699663424,1.761150638973167,-0.058847475459141374
2021-03-02 02:00:00,0,0,0.47768429580215005,0.0,0.5053173027625534,1.6575113699663424,1.761150638973167,-0.058847475459141374
2021-03-03 02:00:00,0,0,0.5298966115396653,0.0,0.5053173027625534,1.6575113699663424,1.761150638973167,-0.058847475459141374
2021-03-04 02:00:00,0,0,0.5374790045720541,0.0,0.5053173027625534,1.6575113699663424,1.761150638973167,-0.058847475459141374
2021-03-05 02:00:00,1,1,0.6632636033070813,0.031361698773571596,0.536679001536125,1.710317458511024,1.761150638973167,-0.028863618669088598
2021-03-06 03:00:00,0,0,0.45518283471230847,0.0,0.536679001536125,1.710317458511024,1.761150638973167,-0.028863618669088598
2021-03-07 03:00:00,0,0,0.5023446567623531,0.0,0.536679001536125,1.710317458511024,1.761150638973167,-0.028863618669088598
2021-03-08 03:00:00,0,0,0.5194709855163411,0.0,0.536679001536125,1.710317458511024,1.761150638973167,-0.028863618669088598
2021-03-09 03:00:00,0,0,0.5049171916567549,0.0,0.536679001536125,1.710317458511024,1.761150638973167,-0.028863618669088598
2021-03-10 03:00:00,1,1,0.5812242124735546,0.0451399355992372,0.5818189371353623,1.7892900787520847,1.7892900787520847,0.0
2021-03-11 03:00:00,1,1,0.5544909676070778,0.0186576046213799,0.6004765417567421,1.8229873230118516,1.8229873230118516,0.0
2021-03-12 03:00:00,1,1,0.5593177269936163,-0.0082031144188737,0.5922734273378685,1.8080943174451645,1.8229873230118516,-0.008169560686841049
2021-03-13 03:00:00,1,1,0.5645412587463059,0.0780239890048277,0.6702974163426961,1.954818629193651,1.954818629193651,0.0
2021-03-14 03:00:00,0,0,0.4920650294004574,0.0,0.6702974163426961,1.954818629193651,1.954818629193651,0.0
2021-03-15 03:00:00,0,0,0.5083968564616305,0.0,0.6702974163426961,1.954818629193651,1.954818629193651,0.0
2021-03-16 03:00:00,0,0,0.540710762038428,0.0,0.6702974163426961,1.954818629193651,1.954818629193651,0.0
2021-03-17 03:00:00,0,0,0.5034582003266262,0.0,0.6702974163426961,1.954818629193651,1.954818629193651,0.0
2021-03-18 03:00:00,0,0,0.5023105433962204,0.0,0.6702974163426961,1.954818629193651,1.954818629193651,0.0
2021-03-19 03:00:00,1,1,0.6470010570210706,0.009123414036340101,0.6794208303790362,1.972734853204796,1.972734853204796,0.0
2021-03-20 03:00:00,1,1,0.5721264091483158,-0.010947589616644101,0.6684732407623921,1.9512559472529873,1.972734853204796,-0.010887882837835594
2021-03-21 03:00:00,1,1,0.634229607805381,-0.0049248056707956,0.6635484350915966,1.9416700147008072,1.972734853204796,-0.015747092648321415
2021-03-22 03:00:00,0,0,0.4921332495460763,0.0,0.6635484350915966,1.9416700147008072,1.972734853204796,-0.015747092648321415
2021-03-23 03:00:00,1,1,0.5577712882814047,-0.0071317909483792,0.6564166441432173,1.9278716919266063,1.972734853204796,-0.02274160726937391
2021-03-24 03:00:00,1,1,0.5545751457167563,-0.0428509250001323,0.613565719143085,1.8470055741177,1.972734853204796,-0.06373349103800896
2021-03-25 03:00:00,0,0,0.4621401209655311,0.0,0.613565719143085,1.8470055741177,1.972734853204796,-0.06373349103800896
2021-03-26 03:00:00,-1,-1,0.4075845821094411,-0.0449339182684583,0.5686318008746267,1.7658493643163897,1.972734853204796,-0.10487242548197062
2021-03-27 03:00:00,0,0,0.49319081788072006,0.0,0.5686318008746267,1.7658493643163897,1.972734853204796,-0.10487242548197062
2021-03-28 03:00:00,0,0,0.4924350715922199,0.0,0.5686318008746267,1.7658493643163897,1.972734853204796,-0.10487242548197062
2021-03-29 03:00:00,1,1,0.5938237923430082,0.0311606195729986,0.5997924204476254,1.8217406050397194,1.972734853204796,-0.07654056900742623
2021-03-30 03:00:00,0,0,0.5463377412750039,0.0,0.5997924204476254,1.8217406050397194,1.972734853204796,-0.07654056900742623
2021-03-31 03:00:00,0,0,0.5460240783006166,0.0,0.5997924204476254,1.8217406050397194,1.972734853204796,-0.07654056900742623
2021-04-01 03:00:00,0,0,0.5239883246583452,0.0,0.5997924204476254,1.8217406050397194,1.972734853204796,-0.07654056900742623
2021-04-02 03:00:00,0,0,0.5421674676727075,0.0,0.5997924204476254,1.8217406050397194,1.972734853204796,-0.07654056900742623
2021-04-03 03:00:00,1,1,0.5557348468928457,-0.0306320451794404,0.569160375268185,1.7667829937978297,1.972734853204796,-0.10439915889983298
2021-04-04 03:00:00,1,1,0.6350239740269672,-0.0014401548650674,0.5677202204031175,1.7642403839891938,1.972734853204796,-0.10568803449530662
2021-04-05 03:00:00,0,0,0.5280180934065147,0.0,0.5677202204031175,1.7642403839891938,1.972734853204796,-0.10568803449530662
2021-04-06 03:00:00,0,0,0.5473174945652253,0.0,0.5677202204031175,1.7642403839891938,1.972734853204796,-0.10568803449530662
2021-04-07 03:00:00,1,1,0.556985994713615,-0.025150908338793302,0.5425693120643242,1.7204214881656832,1.972734853204796,-0.12790029264663638
2021-04-08 03:00:00,1,1,0.5588022481241836,0.0242372829863757,0.5668065950507,1.7626292653381133,1.972734853204796,-0.10650472744746042
2021-04-09 03:00:00,1,1,0.5661212384111652,0.020223127705462998,0.5870297227561629,1.7986380196724652,1.972734853204796,-0.08825151198069148
2021-04-10 03:00:00,0,0,0.538648165914065,0.0,0.5870297227561629,1.7986380196724652,1.972734853204796,-0.08825151198069148
2021-04-11 03:00:00,0,0,0.5130538305127709,0.0,0.5870297227561629,1.7986380196724652,1.972734853204796,-0.08825151198069148
2021-04-12 03:00:00,0,0,0.5033372980035932,0.0,0.5870297227561629,1.7986380196724652,1.972734853204796,-0.08825151198069148
2021-04-13 03:00:00,0,0,0.532052369926705,0.0,0.5870297227561629,1.7986380196724652,1.972734853204796,-0.08825151198069148
2021-04-14 03:00:00,0,0,0.5447810323034905,0.0,0.5870297227561629,1.7986380196724652,1.972734853204796,-0.08825151198069148
2021-04-15 03:00:00,1,1,0.5943917814219943,-0.0028842094897117,0.5841455132664513,1.7934578447733815,1.972734853204796,-0.09087739700049946
2021-04-16 03:00:00,1,1,0.5618771413721486,-0.010027899277981998,0.5741176139884693,1.7755631034344017,1.972734853204796,-0.09994842918199565
2021-04-17 03:00:00,0,0,0.47690671874394214,0.0,0.5741176139884693,1.7755631034344017,1.972734853204796,-0.09994842918199565
2021-04-18 03:00:00,1,1,0.7207529118577751,0.034997166442891296,0.6091147804313606,1.838802933773584,1.972734853204796,-0.06789149551123586
2021-04-19 03:00:00,-1,-1,0.35490047032082145,0.0361688174278813,0.6452835978592418,1.9065276397675333,1.972734853204796,-0.03356113130444571
2021-04-20 05:00:00,0,0,0.5416833663929385,0.0,0.6452835978592418,1.9065276397675333,1.972734853204796,-0.03356113130444571
2021-04-21 05:00:00,0,0,0.5280691431378339,0.0,0.6452835978592418,1.9065276397675333,1.972734853204796,-0.03356113130444571
2021-04-22 05:00:00,1,1,0.5758930764484487,-0.0964170023209271,0.5488665955383147,1.731289654016568,1.972734853204796,-0.12239110532061082
2021-04-23 05:00:00,1,1,0.6165745424991467,0.018095834633245197,0.5669624301715599,1.7629039662861803,1.972734853204796,-0.1063654786540299
2021-04-24 05:00:00,-1,-1,0.38866562096195734,0.0063593296376994,0.5733217598092593,1.7741505762754597,1.972734853204796,-0.10066445402266155
2021-04-25 08:00:00,0,0,0.5156750195829798,0.0,0.5733217598092593,1.7741505762754597,1.972734853204796,-0.10066445402266155
2021-04-26 08:00:00,0,0,0.4724787543224382,0.0,0.5733217598092593,1.7741505762754597,1.972734853204796,-0.10066445402266155
2021-04-27 08:00:00,0,0,0.4859339335039341,0.0,0.5733217598092593,1.7741505762754597,1.972734853204796,-0.10066445402266155
2021-04-28 08:00:00,1,1,0.6069147482521647,-0.0034805434428014,0.5698412163664579,1.7679863018560447,1.972734853204796,-0.10378918941698023
2021-04-29 08:00:00,1,1,0.5646204437136529,0.010015095343019701,0.5798563117094776,1.7857818163778334,1.972734853204796,-0.09476845635045628
2021-04-30 08:00:00,0,0,0.5238437833330215,0.0,0.5798563117094776,1.7857818163778334,1.972734853204796,-0.09476845635045628
2021-05-01 08:00:00,0,0,0.5206506223337598,0.0,0.5798563117094776,1.7857818163778334,1.972734853204796,-0.09476845635045628
2021-05-02 08:00:00,1,1,0.6026483598964084,0.0378435265611964,0.617699838270674,1.854657120494866,1.972734853204796,-0.059854841880097154
2021-05-03 08:00:00,1,1,0.5660943569267006,-0.053832771063562504,0.5638670672071114,1.7574555753630072,1.972734853204796,-0.10912732519124801
2021-05-04 08:00:00,0,0,0.5493620276535267,0.0,0.5638670672071114,1.7574555753630072,1.972734853204796,-0.10912732519124801
2021-05-05 08:00:00,-1,-1,0.4230300715587139,-0.0272443651823215,0.5366227020247899,1.710221171184372,1.972734853204796,-0.13307094037192013
2021-05-06 08:00:00,0,0,0.547183014197079,0.0,0.5366227020247899,1.710221171184372,1.972734853204796,-0.13307094037192013
2021-05-07 08:00:00,1,1,0.6088769927430993,0.047208155473999196,0.583830857498789,1.7928936116927165,1.972734853204796,-0.09116341267044537
2021-05-08 08:00:00,0,0,0.514174983550462,0.0,0.583830857498789,1.7928936116927165,1.972734853204796,-0.09116341267044537
2021-05-09 08:00:00,1,1,0.6120202630992664,0.0026602714781309,0.5864911289769199,1.7976695452545195,1.972734853204796,-0.08874244182682478
2021-05-10 08:00:00,0,0,0.5267859895739252,0.0,0.5864911289769199,1.7976695452545195,1.972734853204796,-0.08874244182682478
2021-05-11 08:00:00,0,0,0.5413918741877431,0.0,0.5864911289769199,1.7976695452545195,1.972734853204796,-0.08874244182682478
2021-05-12 08:00:00,0,0,0.5100854419576932,0.0,0.5864911289769199,1.7976695452545195,1.972734853204796,-0.08874244182682478
2021-05-13 08:00:00,1,1,0.5594187324874647,0.0059765917780337,0.5924677207549536,1.8084456523984422,1.972734853204796,-0.08327992002547047
2021-05-14 08:00:00,-1,-1,0.37201500523007186,0.030051350828483998,0.6225190715834376,1.863616717727882,1.972734853204796,-0.05531312801598587
2021-05-15 08:00:00,1,1,0.5893769596628875,0.0005132091449261999,0.6230322807283638,1.8645733883351119,1.972734853204796,-0.054828181645379725
2021-05-16 08:00:00,-1,-1,0.38606752365534247,0.0750152476180742,0.698047528346438,2.009824748254199,2.009824748254199,0.0
2021-05-17 08:00:00,0,0,0.4577141850779948,0.0,0.698047528346438,2.009824748254199,2.009824748254199,0.0
2021-05-18 08:00:00,-1,-1,0.4116810213554014,0.1035602704759223,0.8016077988223603,2.2291220286492863,2.2291220286492863,0.0
2021-05-19 08:00:00,0,0,0.536608265949808,0.0,0.8016077988223603,2.2291220286492863,2.2291220286492863,0.0
2021-05-20 08:00:00,-1,-1,0.43759431303558777,-0.0059404498845183,0.7956673489378421,2.2159192948666626,2.2291220286492863,-0.005922840298978049
2021-05-21 08:00:00,1,1,0.5776408950392709,-0.0848344916643744,0.7108328572734677,2.035685988696846,2.2291220286492863,-0.0867767836243809
2021-05-22 08:00:00,1,1,0.5692943432165498,-0.0692916327357075,0.6415412245377602,1.899406035753949,2.2291220286492863,-0.14791294000854915
2021-05-23 08:00:00,1,1,0.6982512097656571,0.06223561969881079,0.7037768442365709,2.0213727185169654,2.2291220286492863,-0.09319781845151132
2021-05-24 08:00:00,0,0,0.4595129471050136,0.0,0.7037768442365709,2.0213727185169654,2.2291220286492863,-0.09319781845151132
2021-05-25 08:00:00,0,0,0.5277149348930276,0.0,0.7037768442365709,2.0213727185169654,2.2291220286492863,-0.09319781845151132
2021-05-26 08:00:00,0,0,0.45023212271658697,0.0,0.7037768442365709,2.0213727185169654,2.2291220286492863,-0.09319781845151132
2021-05-27 08:00:00,0,0,0.5052940371557443,0.0,0.7037768442365709,2.0213727185169654,2.2291220286492863,-0.09319781845151132
2021-05-28 08:00:00,1,1,0.5866223018671387,-0.0063319677470205,0.6974448764895504,2.008613888537721,2.2291220286492863,-0.09892152034636692
2021-05-29 08:00:00,1,1,0.5646910628449879,-0.004026649232478001,0.6934182272570725,2.0005421668672043,2.2291220286492863,-0.10254255210989394
2021-05-30 08:00:00,-1,-1,0.4388145181370204,-0.013588422982128999,0.6798298042749434,1.9735418152652642,2.2291220286492863,-0.11465510191870854
2021-05-31 08:00:00,0,0,0.48537134219826017,0.0,0.6798298042749434,1.9735418152652642,2.2291220286492863,-0.11465510191870854
2021-06-01 08:00:00,0,0,0.536638490318832,0.0,0.6798298042749434,1.9735418152652642,2.2291220286492863,-0.11465510191870854
2021-06-02 08:00:00,0,0,0.49469106834812815,0.0,0.6798298042749434,1.9735418152652642,2.2291220286492863,-0.11465510191870854
2021-06-03 08:00:00,1,1,0.5796041273238295,-0.0569533400752021,0.6228764641997413,1.8642828796159974,2.2291220286492863,-0.16366943771775455
2021-06-04 08:00:00,1,1,0.6025802626152128,0.0278888688390873,0.6507653330388286,1.9170074168400384,2.2291220286492863,-0.14001683523731112
2021-06-05 08:00:00,0,0,0.45130343219756225,0.0,0.6507653330388286,1.9170074168400384,2.2291220286492863,-0.14001683523731112
2021-06-06 08:00:00,-1,-1,0.4355637243830406,0.0046692585035974,0.655434591542426,1.9259793498593678,2.2291220286492863,-0.13599196225861387
2021-06-07 08:00:00,0,0,0.49328793750303307,0.0,0.655434591542426,1.9259793498593678,2.2291220286492863,-0.13599196225861387
2021-06-08 08:00:00,0,0,0.47561415828240217,0.0,0.655434591542426,1.9259793498593678,2.2291220286492863,-0.13599196225861387
2021-06-09 08:00:00,-1,-1,0.3897324733401569,-0.0677985822682515,0.5876360092741745,1.7997288402960805,2.2291220286492863,-0.1926288389933467
2021-06-10 08:00:00,0,0,0.5120514616010193,0.0,0.5876360092741745,1.7997288402960805,2.2291220286492863,-0.1926288389933467
2021-06-11 08:00:00,0,0,0.4622262350070168,0.0,0.5876360092741745,1.7997288402960805,2.2291220286492863,-0.1926288389933467
2021-06-12 08:00:00,1,1,0.5639924980161104,0.011974758287062601,0.5996107675612371,1.821409710655433,2.2291220286492863,-0.18290264631268416
2021-06-13 08:00:00,0,0,0.4907225568879678,0.0,0.5996107675612371,1.821409710655433,2.2291220286492863,-0.18290264631268416
2021-06-14 08:00:00,0,0,0.47087669005990296,0.0,0.5996107675612371,1.821409710655433,2.2291220286492863,-0.18290264631268416
2021-06-15 08:00:00,1,1,0.5544310863242686,0.0050779953207505,0.6046887628819876,1.830682343912092,2.2291220286492863,-0.1787428770683428
2021-06-16 08:00:00,1,1,0.5517607254021961,-0.020268206048220203,0.5844205568337674,1.7939511916596729,2.2291220286492863,-0.19522073327376377
2021-06-17 08:00:00,0,0,0.49532427322018807,0.0,0.5844205568337674,1.7939511916596729,2.2291220286492863,-0.19522073327376377
2021-06-18 08:00:00,1,1,0.5929755184353025,-0.0574932787829557,0.5269272780508116,1.693719974152007,2.2291220286492863,-0.24018517049140675
2021-06-19 08:00:00,0,0,0.5106928910026532,0.0,0.5269272780508116,1.693719974152007,2.2291220286492863,-0.24018517049140675
2021-06-20 08:00:00,1,1,0.6012312651604832,-0.0726490479630317,0.4542782300877799,1.5750361589661028,2.2291220286492863,-0.2934275742990706
2021-06-21 08:00:00,0,0,0.5390223494846282,0.0,0.4542782300877799,1.5750361589661028,2.2291220286492863,-0.2934275742990706
2021-06-22 08:00:00,0,0,0.5444193397385156,0.0,0.4542782300877799,1.5750361589661028,2.2291220286492863,-0.2934275742990706
2021-06-23 08:00:00,0,0,0.4840823509753765,0.0,0.4542782300877799,1.5750361589661028,2.2291220286492863,-0.2934275742990706
2021-06-24 08:00:00,0,0,0.5012316677886597,0.0,0.4542782300877799,1.5750361589661028,2.2291220286492863,-0.2934275742990706
2021-06-25 08:00:00,1,1,0.5879728044802806,-0.121082424446411,0.3331958056413689,1.3954205029279987,2.2291220286492863,-0.3740044353814316
2021-06-26 08:00:00,1,1,0.5964100001854927,0.0812667912680251,0.414462596909394,1.513557131813221,2.2291220286492863,-0.3210075032409304
2021-06-27 08:00:00,-1,-1,0.4194795235624323,-0.0559478958835014,0.3585147010258926,1.4312020721122103,2.2291220286492863,-0.35795256889573135
2021-06-28 08:00:00,-1,-1,0.4306023482691022,-0.0057982611426471,0.3527164398832455,1.422927600705405,2.2291220286492863,-0.36166455563331656
2021-06-29 08:00:00,0,0,0.49260235670680325,0.0,0.3527164398832455,1.422927600705405,2.2291220286492863,-0.36166455563331656
2021-06-30 08:00:00,0,0,0.5163156344461342,0.0,0.3527164398832455,1.422927600705405,2.2291220286492863,-0.36166455563331656
2021-07-01 08:00:00,0,0,0.5355388345819049,0.0,0.3527164398832455,1.422927600705405,2.2291220286492863,-0.36166455563331656
2021-07-02 08:00:00,0,0,0.5165706519458112,0.0,0.3527164398832455,1.422927600705405,2.2291220286492863,-0.36166455563331656
2021-07-03 08:00:00,0,0,0.48375239734295716,0.0,0.3527164398832455,1.422927600705405,2.2291220286492863,-0.36166455563331656
2021-07-04 08:00:00,0,0,0.5292667665848372,0.0,0.3527164398832455,1.422927600705405,2.2291220286492863,-0.36166455563331656
2021-07-05 08:00:00,0,0,0.5445638774562944,0.0,0.3527164398832455,1.422927600705405,2.2291220286492863,-0.36166455563331656
2021-07-06 08:00:00,0,0,0.47187220162154175,0.0,0.3527164398832455,1.422927600705405,2.2291220286492863,-0.36166455563331656
2021-07-07 08:00:00,0,0,0.507784816258523,0.0,0.3527164398832455,1.422927600705405,2.2291220286492863,-0.36166455563331656
2021-07-08 08:00:00,-1,-1,0.4223197159462025,-0.0082696779400611,0.3444467619431844,1.4112089691539502,2.2291220286492863,-0.36692161711350646
2021-07-09 08:00:00,0,0,0.5113735673970228,0.0,0.3444467619431844,1.4112089691539502,2.2291220286492863,-0.36692161711350646
2021-07-10 08:00:00,0,0,0.5131862691292528,0.0,0.3444467619431844,1.4112089691539502,2.2291220286492863,-0.36692161711350646
2021-07-11 08:00:00,0,0,0.49985717952361836,0.0,0.3444467619431844,1.4112089691539502,2.2291220286492863,-0.36692161711350646
2021-07-12 08:00:00,0,0,0.5305198748955443,0.0,0.3444467619431844,1.4112089691539502,2.2291220286492863,-0.36692161711350646
2021-07-13 08:00:00,0,0,0.5063414674538936,0.0,0.3444467619431844,1.4112089691539502,2.2291220286492863,-0.36692161711350646
2021-07-14 08:00:00,0,0,0.5395285797005019,0.0,0.3444467619431844,1.4112089691539502,2.2291220286492863,-0.36692161711350646
2021-07-15 08:00:00,0,0,0.5201970932904308,0.0,0.3444467619431844,1.4112089691539502,2.2291220286492863,-0.36692161711350646
2021-07-16 08:00:00,1,1,0.6240634543901759,0.006389779406813,0.3508365413499974,1.4202551539473307,2.2291220286492863,-0.3628634342607435
2021-07-17 08:00:00,0,0,0.511311400982104,0.0,0.3508365413499974,1.4202551539473307,2.2291220286492863,-0.3628634342607435
2021-07-18 08:00:00,0,0,0.545011788912575,0.0,0.3508365413499974,1.4202551539473307,2.2291220286492863,-0.3628634342607435
2021-07-19 08:00:00,1,1,0.5542691521026671,-0.0615992541877865,0.2892372871622109,1.335408566245337,2.2291220286492863,-0.40092621710148635
2021-07-20 08:00:00,0,0,0.4951415536164294,0.0,0.2892372871622109,1.335408566245337,2.2291220286492863,-0.40092621710148635
2021-07-21 08:00:00,0,0,0.4691378135822937,0.0,0.2892372871622109,1.335408566245337,2.2291220286492863,-0.40092621710148635
2021-07-22 08:00:00,1,1,0.5630495988153755,0.0052829336405362,0.29452022080274715,1.3424821091612154,2.2291220286492863,-0.397752975428322
2021-07-23 08:00:00,1,1,0.5755342104960128,0.0382349938778142,0.33275521468056135,1.3948058286877836,2.2291220286492863,-0.37428018261837737
2021-07-24 08:00:00,0,0,0.5336728028651861,0.0,0.33275521468056135,1.3948058286877836,2.2291220286492863,-0.37428018261837737
2021-07-25 08:00:00,0,0,0.53194909173239,0.0,0.33275521468056135,1.3948058286877836,2.2291220286492863,-0.37428018261837737
2021-07-26 08:00:00,0,0,0.46201564952777907,0.0,0.33275521468056135,1.3948058286877836,2.2291220286492863,-0.37428018261837737
2021-07-27 08:00:00,1,1,0.5944295908933371,0.058020992678343396,0.3907762073589047,1.478127682297846,2.2291220286492863,-0.3369014063382154
2021-07-28 08:00:00,0,0,0.48971853693627204,0.0,0.3907762073589047,1.478127682297846,2.2291220286492863,-0.3369014063382154
2021-07-29 08:00:00,0,0,0.526973223661772,0.0,0.3907762073589047,1.478127682297846,2.2291220286492863,-0.3369014063382154
2021-07-30 08:00:00,1,1,0.6442599707208847,0.0731889469366878,0.46396515429559254,1.5903675519968814,2.2291220286492863,-0.28654980231811344
2021-07-31 08:00:00,0,0,0.49480524012963345,0.0,0.46396515429559254,1.5903675519968814,2.2291220286492863,-0.28654980231811344
2021-08-01 08:00:00,0,0,0.5209908162388455,0.0,0.46396515429559254,1.5903675519968814,2.2291220286492863,-0.28654980231811344
2021-08-02 08:00:00,0,0,0.5364344731623985,0.0,0.46396515429559254,1.5903675519968814,2.2291220286492863,-0.28654980231811344
2021-08-03 08:00:00,1,1,0.551988331237871,-0.0215826543237038,0.4423824999718887,1.5564109537383668,2.2291220286492863,-0.3017829738637242
2021-08-04 08:00:00,0,0,0.5463500767739614,0.0,0.4423824999718887,1.5564109537383668,2.2291220286492863,-0.3017829738637242
2021-08-05 08:00:00,0,0,0.5343704913799258,0.0,0.4423824999718887,1.5564109537383668,2.2291220286492863,-0.3017829738637242
2021-08-06 08:00:00,0,0,0.5024416357416034,0.0,0.4423824999718887,1.5564109537383668,2.2291220286492863,-0.3017829738637242
2021-08-07 08:00:00,-1,-1,0.42399597875544603,-0.0240127033720526,0.41836979659983614,1.5194824699716982,2.2291220286492863,-0.3183493543902516
2021-08-08 08:00:00,0,0,0.4603798656001302,0.0,0.41836979659983614,1.5194824699716982,2.2291220286492863,-0.3183493543902516
2021-08-09 08:00:00,1,1,0.5808164003652453,0.0528279513026083,0.47119774790244445,1.6019117310404207,2.2291220286492863,-0.2813710014740275
2021-08-10 08:00:00,0,0,0.5246692645700612,0.0,0.47119774790244445,1.6019117310404207,2.2291220286492863,-0.2813710014740275
2021-08-11 08:00:00,0,0,0.5300356681131112,0.0,0.47119774790244445,1.6019117310404207,2.2291220286492863,-0.2813710014740275
2021-08-12 08:00:00,1,1,0.5901518884631731,0.027217734613389197,0.4984154825158337,1.6461109116461188,2.2291220286492863,-0.26154293462185974
2021-08-13 12:00:00,1,1,0.5554870617314694,-0.0065096178108293,0.49190586470500436,1.6354301602582875,2.2291220286492863,-0.26633439567718076
2021-08-14 12:00:00,1,1,0.6078191664398305,-0.0110210064852229,0.48088485821978144,1.6175050317702773,2.2291220286492863,-0.2743757358360557
2021-08-15 12:00:00,1,1,0.5995721880200647,0.0311504851651479,0.5120353433849294,1.6686840860414354,2.2291220286492863,-0.25141644800282315
2021-08-16 12:00:00,0,0,0.5274087707946639,0.0,0.5120353433849294,1.6686840860414354,2.2291220286492863,-0.25141644800282315
2021-08-17 12:00:00,0,0,0.5236756244739685,0.0,0.5120353433849294,1.6686840860414354,2.2291220286492863,-0.25141644800282315
2021-08-18 12:00:00,0,0,0.5329256773262687,0.0,0.5120353433849294,1.6686840860414354,2.2291220286492863,-0.25141644800282315
2021-08-19 12:00:00,1,1,0.5593739557225204,0.0554070811316421,0.5674424245165715,1.7637503533350443,2.2291220286492863,-0.2087690441946013
2021-08-20 12:00:00,1,1,0.5669754431676941,0.041348627602992696,0.6087910521195642,1.8382077575470028,2.2291220286492863,-0.17536692297601764
2021-08-21 12:00:00,0,0,0.46916906665477665,0.0,0.6087910521195642,1.8382077575470028,2.2291220286492863,-0.17536692297601764
2021-08-22 12:00:00,1,1,0.6085074628716793,0.027491487835883,0.6362825399554471,1.8894438754052851,2.2291220286492863,-0.15238203601165146
2021-08-23 12:00:00,1,1,0.5584071596652511,-0.0198823589249045,0.6164001810305426,1.8522482676208607,2.2291220286492863,-0.1690682502728612
2021-08-24 12:00:00,1,1,0.5635063279962299,-0.033201880790183304,0.5831983002403593,1.7917598624435103,2.2291220286492863,-0.1962037791492246
2021-08-25 12:00:00,0,0,0.5372205299148121,0.0,0.5831983002403593,1.7917598624435103,2.2291220286492863,-0.1962037791492246
2021-08-26 12:00:00,0,0,0.5375556426766743,0.0,0.5831983002403593,1.7917598624435103,2.2291220286492863,-0.1962037791492246
2021-08-27 12:00:00,0,0,0.5010738149077869,0.0,0.5831983002403593,1.7917598624435103,2.2291220286492863,-0.1962037791492246
2021-08-28 12:00:00,0,0,0.5319056958818518,0.0,0.5831983002403593,1.7917598624435103,2.2291220286492863,-0.1962037791492246
2021-08-29 12:00:00,1,1,0.6096217282836053,-0.0171911369160785,0.5660071633242808,1.7612207266717512,2.2291220286492863,-0.20990385271148893
2021-08-30 12:00:00,0,0,0.5199221151203123,0.0,0.5660071633242808,1.7612207266717512,2.2291220286492863,-0.20990385271148893
2021-08-31 12:00:00,0,0,0.4936196448270448,0.0,0.5660071633242808,1.7612207266717512,2.2291220286492863,-0.20990385271148893
2021-09-01 12:00:00,0,0,0.52533483549048,0.0,0.5660071633242808,1.7612207266717512,2.2291220286492863,-0.20990385271148893
2021-09-02 12:00:00,1,1,0.5623567156862582,0.0116343070600479,0.5776414703843287,1.7818309698773498,2.2291220286492863,-0.2006579509884293
2021-09-03 12:00:00,1,1,0.5696015860883916,-0.009162815396983898,0.5684786549873447,1.765578952455446,2.2291220286492863,-0.20794872162055644
2021-09-04 12:00:00,0,0,0.5069237288484562,0.0,0.5684786549873447,1.765578952455446,2.2291220286492863,-0.20794872162055644
2021-09-05 12:00:00,0,0,0.5261805926656136,0.0,0.5684786549873447,1.765578952455446,2.2291220286492863,-0.20794872162055644
2021-09-06 12:00:00,0,0,0.5307124111165655,0.0,0.5684786549873447,1.765578952455446,2.2291220286492863,-0.20794872162055644
2021-09-07 12:00:00,0,0,0.5276891754520933,0.0,0.5684786549873447,1.765578952455446,2.2291220286492863,-0.20794872162055644
2021-09-08 12:00:00,0,0,0.523720248036648,0.0,0.5684786549873447,1.765578952455446,2.2291220286492863,-0.20794872162055644
2021-09-09 12:00:00,-1,-1,0.39206325858961955,0.015327311240810899,0.5838059662281556,1.7928489848480227,2.2291220286492863,-0.19571519109055635
2021-09-10 12:00:00,1,1,0.6315381291111986,-0.0085554422544408,0.5752505239737148,1.7775757964884735,2.2291220286492863,-0.2025668520419327
2021-09-11 12:00:00,0,0,0.47885286594105014,0.0,0.5752505239737148,1.7775757964884735,2.2291220286492863,-0.2025668520419327
2021-09-12 12:00:00,0,0,0.4877705756828753,0.0,0.5752505239737148,1.7775757964884735,2.2291220286492863,-0.2025668520419327
2021-09-13 12:00:00,0,0,0.5452773446763879,0.0,0.5752505239737148,1.7775757964884735,2.2291220286492863,-0.2025668520419327
2021-09-14 12:00:00,0,0,0.5033887073282501,0.0,0.5752505239737148,1.7775757964884735,2.2291220286492863,-0.2025668520419327
2021-09-15 12:00:00,0,0,0.5214799431448697,0.0,0.5752505239737148,1.7775757964884735,2.2291220286492863,-0.2025668520419327
2021-09-16 12:00:00,1,1,0.5606686010962264,-0.0129806354218917,0.5622698885518231,1.754650845254186,2.2291220286492863,-0.21285114825346785
2021-09-17 12:00:00,1,1,0.6324490626891738,0.0176821138666892,0.5799520024185123,1.7859527072822292,2.2291220286492863,-0.19880891026660885
2021-09-18 12:00:00,0,0,0.5287014425975175,0.0,0.5799520024185123,1.7859527072822292,2.2291220286492863,-0.19880891026660885
2021-09-19 12:00:00,1,1,0.6068672024174464,-0.0834751613011485,0.4964768411173638,1.6429227842027543,2.2291220286492863,-0.26297315127325416
2021-09-20 12:00:00,-1,-1,0.42686253790331685,0.0086021419144331,0.5050789830317969,1.6571163993694387,2.2291220286492863,-0.256605794536268
2021-09-21 12:00:00,0,0,0.46522610727039276,0.0,0.5050789830317969,1.6571163993694387,2.2291220286492863,-0.256605794536268
2021-09-22 12:00:00,-1,-1,0.4483590658057392,-0.0319090319233058,0.4731699511084911,1.6050741439275602,2.2291220286492863,-0.2799523205554887
2021-09-23 12:00:00,0,0,0.5463050459274397,0.0,0.4731699511084911,1.6050741439275602,2.2291220286492863,-0.2799523205554887
2021-09-24 12:00:00,1,1,0.6151445350131733,0.0268301558823414,0.5000001069908325,1.648721447098199,2.2291220286492863,-0.260371829846738
2021-09-25 12:00:00,1,1,0.5716696222824006,0.0204293964627293,0.5204295034535619,1.682750241550158,2.2291220286492863,-0.2451062705751451
2021-09-26 12:00:00,-1,-1,0.42947776019322004,-0.0075002251190278,0.5129292783345341,1.6701764480036732,2.2291220286492863,-0.2507469638099178
2021-09-27 12:00:00,0,0,0.5196104088628946,0.0,0.5129292783345341,1.6701764480036732,2.2291220286492863,-0.2507469638099178
2021-09-28 12:00:00,1,1,0.5623451958105586,0.0083213327477711,0.5212506110823052,1.6841325280360906,2.2291220286492863,-0.24448616702398596
2021-09-29 14:00:00,0,0,0.4756059082393968,0.0,0.5212506110823052,1.6841325280360906,2.2291220286492863,-0.24448616702398596
2021-09-30 14:00:00,1,1,0.5538795706873778,0.0879543547209731,0.6092049658032783,1.8389687743781358,2.2291220286492863,-0.17502552541170657
2021-10-01 14:00:00,0,0,0.4818060141788223,0.0,0.6092049658032783,1.8389687743781358,2.2291220286492863,-0.17502552541170657
2021-10-02 14:00:00,0,0,0.4598634435433769,0.0,0.6092049658032783,1.8389687743781358,2.2291220286492863,-0.17502552541170657
2021-10-03 14:00:00,0,0,0.5130087140297128,0.0,0.6092049658032783,1.8389687743781358,2.2291220286492863,-0.17502552541170657
2021-10-04 14:00:00,1,1,0.568240509425375,0.0481633544245456,0.6573683202278239,1.9297072746115356,2.2291220286492863,-0.13431958869437854
2021-10-05 14:00:00,0,0,0.5388815469638019,0.0,0.6573683202278239,1.9297072746115356,2.2291220286492863,-0.13431958869437854
2021-10-06 14:00:00,0,0,0.5094080266680249,0.0,0.6573683202278239,1.9297072746115356,2.2291220286492863,-0.13431958869437854
2021-10-07 14:00:00,1,1,0.589078384491625,0.0134211861146229,0.6707895063424468,1.9557808126134066,2.2291220286492863,-0.12262281405989606
2021-10-08 14:00:00,0,0,0.5360299445102646,0.0,0.6707895063424468,1.9557808126134066,2.2291220286492863,-0.12262281405989606
2021-10-09 14:00:00,0,0,0.517590696069438,0.0,0.6707895063424468,1.9557808126134066,2.2291220286492863,-0.12262281405989606
2021-10-10 14:00:00,0,0,0.5346033607438871,0.0,0.6707895063424468,1.9557808126134066,2.2291220286492863,-0.12262281405989606
2021-10-11 14:00:00,1,1,0.5662021000406439,-0.019448092969281502,0.6513414133731653,1.918112085271987,2.2291220286492863,-0.13952127312014073
2021-10-12 14:00:00,1,1,0.5716247936450999,-0.0119421449100953,0.63939926846307,1.8953419455625284,2.2291220286492863,-0.14973611978031032
2021-10-13 14:00:00,0,0,0.5025296256679441,0.0,0.63939926846307,1.8953419455625284,2.2291220286492863,-0.14973611978031032
2021-10-14 14:00:00,0,0,0.5292667305047304,0.0,0.63939926846307,1.8953419455625284,2.2291220286492863,-0.14973611978031032
2021-10-15 14:00:00,1,1,0.5609874640788758,0.012389995886124501,0.6517892643491946,1.9189713060285756,2.2291220286492863,-0.13913582057624874
2021-10-16 14:00:00,1,1,0.5860662420340313,0.0011364129068333001,0.6529256772560279,1.9211532893707817,2.2291220286492863,-0.1381569673263312
2021-10-17 14:00:00,0,0,0.5161545940116614,0.0,0.6529256772560279,1.9211532893707817,2.2291220286492863,-0.1381569673263312
2021-10-18 14:00:00,0,0,0.5031395770252395,0.0,0.6529256772560279,1.9211532893707817,2.2291220286492863,-0.1381569673263312
2021-10-19 14:00:00,0,0,0.533886163489936,0.0,0.6529256772560279,1.9211532893707817,2.2291220286492863,-0.1381569673263312
2021-10-20 14:00:00,1,1,0.586113891279577,-0.0476293599555539,0.605296317300474,1.8317949210003206,2.2291220286492863,-0.17824376707170309
2021-10-21 14:00:00,1,1,0.5635462142653477,-0.0341713752254229,0.571124942075051,1.770257368725757,2.2291220286492863,-0.20584995079949642
2021-10-22 14:00:00,1,1,0.6184064664145702,-0.009828242146923499,0.5612966999281276,1.7529440696550316,2.2291220286492863,-0.2136168199292301
2021-10-23 14:00:00,0,0,0.5104578720632028,0.0,0.5612966999281276,1.7529440696550316,2.2291220286492863,-0.2136168199292301
2021-10-24 14:00:00,1,1,0.5993251651401731,0.051305625097308696,0.6126023250254363,1.8452270366661494,2.2291220286492863,-0.1722180244280992
2021-10-25 14:00:00,1,1,0.5749580496035097,-0.023535900083701,0.5890664249417353,1.8023050427074856,2.2291220286492863,-0.19147313626451667
2021-10-26 14:00:00,1,1,0.5691033585491935,-0.0466621061292495,0.5424043188124859,1.7201376536458521,2.2291220286492863,-0.22833401153540622
2021-10-27 14:00:00,0,0,0.5276923479342245,0.0,0.5424043188124859,1.7201376536458521,2.2291220286492863,-0.22833401153540622
2021-10-28 14:00:00,1,1,0.5613250073202687,-0.0059764402362407,0.5364278785762452,1.7098880124526479,2.2291220286492863,-0.2329320734905047
2021-10-29 14:00:00,1,1,0.5542089346756855,-0.00195511318718,0.5344727653890652,1.7065482537179162,2.2291220286492863,-0.23443031301790973
2021-10-30 14:00:00,1,1,0.6052865040429013,-0.013218376950631001,0.5212543884384342,1.6841388896164322,2.2291220286492863,-0.24448331317378846
2021-10-31 14:00:00,1,1,0.5830656528198099,0.0157207824948443,0.5369751709332785,1.710824077220428,2.2291220286492863,-0.23251214817652477
2021-11-01 14:00:00,0,0,0.5014790139265805,0.0,0.5369751709332785,1.710824077220428,2.2291220286492863,-0.23251214817652477
2021-11-02 14:00:00,1,1,0.5572469868963453,-0.022936231754841902,0.5140389391784366,1.672030806074422,2.2291220286492863,-0.2499150855874983
2021-11-03 14:00:00,1,1,0.5619247709749811,-0.0042837338367047,0.5097552053417319,1.6648835904486399,2.2291220286492863,-0.25312137736243223
2021-11-04 14:00:00,1,1,0.5648223524475493,-0.0091545416466247,0.5006006636951073,1.6497118951970897,2.2291220286492863,-0.25992750778353946
2021-11-05 14:00:00,1,1,0.6134913258952136,-0.011768161940078799,0.48883250175502846,1.630411605666603,2.2291220286492863,-0.2685857549689489
2021-11-06 14:00:00,1,1,0.6016766641209531,0.0183034727417502,0.5071359744967786,1.6605285818714253,2.2291220286492863,-0.2550750651916506
2021-11-07 14:00:00,0,0,0.5338876063991886,0.0,0.5071359744967786,1.6605285818714253,2.2291220286492863,-0.2550750651916506
2021-11-08 14:00:00,1,1,0.5572189992766022,0.0292672916863716,0.5364032661831502,1.7098459285346321,2.2291220286492863,-0.23295095263551102
2021-11-09 14:00:00,0,0,0.5392178365697822,0.0,0.5364032661831502,1.7098459285346321,2.2291220286492863,-0.23295095263551102
2021-11-10 14:00:00,0,0,0.5348884313206466,0.0,0.5364032661831502,1.7098459285346321,2.2291220286492863,-0.23295095263551102
2021-11-11 14:00:00,1,1,0.5589161679224431,-0.0271722980217536,0.5092309681613966,1.6640110253051252,2.2291220286492863,-0.2535128162932311
2021-11-12 14:00:00,1,1,0.633535068685006,0.0186366546581852,0.5278676228195818,1.6953134039387288,2.2291220286492863,-0.23947034655344257
2021-11-13 14:00:00,0,0,0.4646391883086327,0.0,0.5278676228195818,1.6953134039387288,2.2291220286492863,-0.23947034655344257
2021-11-14 14:00:00,1,1,0.5955431690283738,0.006687178460593,0.5345548012801747,1.7066882576672273,2.2291220286492863,-0.23436750625026226
2021-11-15 14:00:00,0,0,0.5383394175759176,0.0,0.5345548012801747,1.7066882576672273,2.2291220286492863,-0.23436750625026226
2021-11-16 14:00:00,0,0,0.5150823169835238,0.0,0.5345548012801747,1.7066882576672273,2.2291220286492863,-0.23436750625026226
2021-11-17 14:00:00,0,0,0.5055693365728453,0.0,0.5345548012801747,1.7066882576672273,2.2291220286492863,-0.23436750625026226
2021-11-18 14:00:00,1,1,0.5609491243485869,-0.0166039123166775,0.5179508889634973,1.678584517163393,2.2291220286492863,-0.2469750441699622
2021-11-19 14:00:00,0,0,0.4666753792981332,0.0,0.5179508889634973,1.678584517163393,2.2291220286492863,-0.2469750441699622
2021-11-20 14:00:00,0,0,0.5429852398645287,0.0,0.5179508889634973,1.678584517163393,2.2291220286492863,-0.2469750441699622
2021-11-21 14:00:00,0,0,0.5209228355596538,0.0,0.5179508889634973,1.678584517163393,2.2291220286492863,-0.2469750441699622
2021-11-22 14:00:00,0,0,0.4745998643820488,0.0,0.5179508889634973,1.678584517163393,2.2291220286492863,-0.2469750441699622
2021-11-23 14:00:00,0,0,0.4966065954971566,0.0,0.5179508889634973,1.678584517163393,2.2291220286492863,-0.2469750441699622
2021-11-24 14:00:00,1,1,0.5528678804859994,0.0438872252701837,0.561838114233681,1.7538933956173166,2.2291220286492863,-0.21319094554905527
2021-11-25 14:00:00,1,1,0.581793505475869,-0.07279379233823301,0.489044321895448,1.6307569962609076,2.2291220286492863,-0.26843081029123916
2021-11-26 14:00:00,0,0,0.5254952543214271,0.0,0.489044321895448,1.6307569962609076,2.2291220286492863,-0.26843081029123916
2021-11-27 14:00:00,-1,-1,0.43129959515814514,0.0054803824400009,0.4945247043354489,1.6397187026261346,2.2291220286492863,-0.26441052506232443
2021-11-28 14:00:00,0,0,0.5467027499650043,0.0,0.4945247043354489,1.6397187026261346,2.2291220286492863,-0.26441052506232443
2021-11-29 14:00:00,0,0,0.5218581428734579,0.0,0.4945247043354489,1.6397187026261346,2.2291220286492863,-0.26441052506232443
2021-11-30 14:00:00,0,0,0.5326528543341964,0.0,0.4945247043354489,1.6397187026261346,2.2291220286492863,-0.26441052506232443
2021-12-01 14:00:00,0,0,0.5103446151168628,0.0,0.4945247043354489,1.6397187026261346,2.2291220286492863,-0.26441052506232443
2021-12-02 14:00:00,0,0,0.49715898501389866,0.0,0.4945247043354489,1.6397187026261346,2.2291220286492863,-0.26441052506232443
2021-12-03 14:00:00,1,1,0.6276463353242917,-0.1629945834721023,0.33153012086334654,1.3930981069640924,2.2291220286492863,-0.37504627873233753
2021-12-04 14:00:00,1,1,0.683215709208038,0.0216959392757798,0.35322606013912633,1.4236529382410283,2.2291220286492863,-0.36133916405479327
2021-12-05 14:00:00,0,0,0.5242054399793075,0.0,0.35322606013912633,1.4236529382410283,2.2291220286492863,-0.36133916405479327
2021-12-06 14:00:00,0,0,0.5429113481737428,0.0,0.35322606013912633,1.4236529382410283,2.2291220286492863,-0.36133916405479327
2021-12-07 14:00:00,0,0,0.517036751335389,0.0,0.35322606013912633,1.4236529382410283,2.2291220286492863,-0.36133916405479327
2021-12-08 14:00:00,0,0,0.47905590012562643,0.0,0.35322606013912633,1.4236529382410283,2.2291220286492863,-0.36133916405479327
2021-12-09 14:00:00,1,1,0.5502993317093214,-0.0070645759930363,0.34616148414609005,1.4136308763619074,2.2291220286492863,-0.3658351323105974
2021-12-10 14:00:00,0,0,0.5434993030056483,0.0,0.34616148414609005,1.4136308763619074,2.2291220286492863,-0.3658351323105974
2021-12-11 14:00:00,0,0,0.5027385679285634,0.0,0.34616148414609005,1.4136308763619074,2.2291220286492863,-0.3658351323105974
2021-12-12 14:00:00,0,0,0.5223456711725767,0.0,0.34616148414609005,1.4136308763619074,2.2291220286492863,-0.3658351323105974
2021-12-13 14:00:00,1,1,0.5541210623329359,-0.015210151362071999,0.33095133278401806,1.3922920316823313,2.2291220286492863,-0.37540788983814566
2021-12-14 14:00:00,0,0,0.45213101046319093,0.0,0.33095133278401806,1.3922920316823313,2.2291220286492863,-0.37540788983814566
2021-12-15 14:00:00,0,0,0.5494044780234667,0.0,0.33095133278401806,1.3922920316823313,2.2291220286492863,-0.37540788983814566
2021-12-16 14:00:00,1,1,0.5520790800960437,-0.0553084082741545,0.27564292450986355,1.3173773768600474,2.2291220286492863,-0.40901513693339675
2021-12-17 14:00:00,1,1,0.562992953257954,0.0213285177630323,0.29697144227289585,1.3457768665708238,2.2291220286492863,-0.3962749238155061
2021-12-18 14:00:00,-1,-1,0.42684485383201104,-0.0091392603036927,0.2878321819692031,1.333533494379226,2.2291220286492863,-0.40176738767986286
2021-12-19 14:00:00,0,0,0.49711216146273834,0.0,0.2878321819692031,1.333533494379226,2.2291220286492863,-0.40176738767986286
2021-12-20 14:00:00,0,0,0.5439923029278099,0.0,0.2878321819692031,1.333533494379226,2.2291220286492863,-0.40176738767986286
2021-12-21 14:00:00,0,0,0.5387319375389072,0.0,0.2878321819692031,1.333533494379226,2.2291220286492863,-0.40176738767986286
2021-12-22 14:00:00,0,0,0.5428401063697185,0.0,0.2878321819692031,1.333533494379226,2.2291220286492863,-0.40176738767986286
2021-12-23 14:00:00,0,0,0.5212403787170542,0.0,0.2878321819692031,1.333533494379226,2.2291220286492863,-0.40176738767986286
2021-12-24 14:00:00,1,1,0.5670066497151935,-0.0013170259407559001,0.28651515602844724,1.3317783522118434,2.2291220286492863,-0.40255475694221154
2021-12-25 14:00:00,1,1,0.5949506419171341,-0.017758855467478102,0.2687563005609691,1.308336261379685,2.2291220286492863,-0.4130710456562766
2021-12-26 14:00:00,1,1,0.6140185134664985,0.030578862047969002,0.2993351626089381,1.3489616692266775,2.2291220286492863,-0.39484619868744153
2021-12-27 14:00:00,1,1,0.5659033568505722,-0.0492143486818778,0.2501208139270603,1.2841805542119749,2.2291220286492863,-0.42390746773512844
2021-12-28 14:00:00,0,0,0.5232759062986996,0.0,0.2501208139270603,1.2841805542119749,2.2291220286492863,-0.42390746773512844
2021-12-29 14:00:00,0,0,0.45610160437916886,0.0,0.2501208139270603,1.2841805542119749,2.2291220286492863,-0.42390746773512844
2021-12-30 14:00:00,-1,-1,0.44224138740762897,-0.0142496650429658,0.23587114888409452,1.2660111727045318,2.2291220286492863,-0.4320583815361341
2021-12-31 14:00:00,0,0,0.515276040259716,0.0,0.23587114888409452,1.2660111727045318,2.2291220286492863,-0.4320583815361341
2022-01-01 00:00:00,1,1,0.610699042631768,0.0195598099061466,0.25543095879024114,1.2910178765048919,2.2291220286492863,-0.42084019631389546
2022-01-02 00:00:00,0,0,0.484413171681441,0.0,0.25543095879024114,1.2910178765048919,2.2291220286492863,-0.42084019631389546
2022-01-03 00:00:00,0,0,0.5375730348637503,0.0,0.25543095879024114,1.2910178765048919,2.2291220286492863,-0.42084019631389546
2022-01-04 00:00:00,1,1,0.5551899228722198,-0.0004119932028211,0.25501896558742004,1.2904860954676596,2.2291220286492863,-0.42107875707028186
2022-01-05 00:00:00,0,0,0.5408130043533919,0.0,0.25501896558742004,1.2904860954676596,2.2291220286492863,-0.42107875707028186
2022-01-06 00:00:00,-1,-1,0.42728349917935615,0.0196506562580838,0.27466962184550386,1.31609579373449,2.2291220286492863,-0.4095900642406891
2022-01-07 00:00:00,1,1,0.6153081108187272,-0.019784690693543702,0.25488493115196015,1.2903131374838066,2.2291220286492863,-0.42115634725225937
2022-01-08 00:00:00,0,0,0.5367500477264214,0.0,0.25488493115196015,1.2903131374838066,2.2291220286492863,-0.42115634725225937
2022-01-09 00:00:00,0,0,0.5224636362357055,0.0,0.25488493115196015,1.2903131374838066,2.2291220286492863,-0.42115634725225937
2022-01-10 00:00:00,0,0,0.5283481076317906,0.0,0.25488493115196015,1.2903131374838066,2.2291220286492863,-0.42115634725225937
2022-01-11 00:00:00,0,0,0.5174245293047531,0.0,0.25488493115196015,1.2903131374838066,2.2291220286492863,-0.42115634725225937
2022-01-12 00:00:00,0,0,0.5055692137086516,0.0,0.25488493115196015,1.2903131374838066,2.2291220286492863,-0.42115634725225937
2022-01-13 00:00:00,0,0,0.5198173936942072,0.0,0.25488493115196015,1.2903131374838066,2.2291220286492863,-0.42115634725225937
2022-01-14 00:00:00,1,1,0.6216356421028363,0.007138595268150001,0.2620235264201102,1.2995571159964052,2.2291220286492863,-0.41700943272995306
2022-01-15 00:00:00,0,0,0.4918778558161481,0.0,0.2620235264201102,1.2995571159964052,2.2291220286492863,-0.41700943272995306
2022-01-16 00:00:00,0,0,0.5407792707755362,0.0,0.2620235264201102,1.2995571159964052,2.2291220286492863,-0.41700943272995306
2022-01-17 00:00:00,0,0,0.5310147173775138,0.0,0.2620235264201102,1.2995571159964052,2.2291220286492863,-0.41700943272995306
2022-01-18 00:00:00,0,0,0.5449858534078622,0.0,0.2620235264201102,1.2995571159964052,2.2291220286492863,-0.41700943272995306
2022-01-19 00:00:00,0,0,0.5079195959739465,0.0,0.2620235264201102,1.2995571159964052,2.2291220286492863,-0.41700943272995306
2022-01-20 00:00:00,0,0,0.5296528556666835,0.0,0.2620235264201102,1.2995571159964052,2.2291220286492863,-0.41700943272995306
2022-01-21 00:00:00,1,1,0.6046188660692221,-0.1150205724435827,0.14700295397652746,1.1583573847853266,2.2291220286492863,-0.48035263664447236
2022-01-22 00:00:00,1,1,0.8189600607007713,-0.0312394500546893,0.11576350392183817,1.1227303194160292,2.2291220286492863,-0.4963351916196638
2022-01-23 00:00:00,0,0,0.5389750842961875,0.0,0.11576350392183817,1.1227303194160292,2.2291220286492863,-0.4963351916196638
2022-01-24 00:00:00,0,0,0.4507922613042483,0.0,0.11576350392183817,1.1227303194160292,2.2291220286492863,-0.4963351916196638
2022-01-25 00:00:00,0,0,0.48582038794851523,0.0,0.11576350392183817,1.1227303194160292,2.2291220286492863,-0.4963351916196638
2022-01-26 00:00:00,0,0,0.5107894478431857,0.0,0.11576350392183817,1.1227303194160292,2.2291220286492863,-0.4963351916196638
2022-01-27 00:00:00,0,0,0.5434903046606784,0.0,0.11576350392183817,1.1227303194160292,2.2291220286492863,-0.4963351916196638
2022-01-28 00:00:00,0,0,0.49009272723279634,0.0,0.11576350392183817,1.1227303194160292,2.2291220286492863,-0.4963351916196638
2022-01-29 00:00:00,0,0,0.47596929119198206,0.0,0.11576350392183817,1.1227303194160292,2.2291220286492863,-0.4963351916196638
2022-01-30 00:00:00,0,0,0.5143063956483589,0.0,0.11576350392183817,1.1227303194160292,2.2291220286492863,-0.4963351916196638
2022-01-31 00:00:00,0,0,0.5119857656631435,0.0,0.11576350392183817,1.1227303194160292,2.2291220286492863,-0.4963351916196638
2022-02-01 00:00:00,0,0,0.508470703097526,0.0,0.11576350392183817,1.1227303194160292,2.2291220286492863,-0.4963351916196638
2022-02-02 00:00:00,0,0,0.5059326519721921,0.0,0.11576350392183817,1.1227303194160292,2.2291220286492863,-0.4963351916196638
2022-02-03 00:00:00,0,0,0.5079494831516695,0.0,0.11576350392183817,1.1227303194160292,2.2291220286492863,-0.4963351916196638
2022-02-04 00:00:00,0,0,0.488747313065734,0.0,0.11576350392183817,1.1227303194160292,2.2291220286492863,-0.4963351916196638
2022-02-05 00:00:00,-1,-1,0.44715920233757783,-0.0011752861273232,0.11458821779451496,1.1214115651554875,2.2291220286492863,-0.49692679416254515
2022-02-06 00:00:00,0,0,0.5180624541570844,0.0,0.11458821779451496,1.1214115651554875,2.2291220286492863,-0.49692679416254515
2022-02-07 00:00:00,0,0,0.490767824401122,0.0,0.11458821779451496,1.1214115651554875,2.2291220286492863,-0.49692679416254515
2022-02-08 00:00:00,0,0,0.5095381132742827,0.0,0.11458821779451496,1.1214115651554875,2.2291220286492863,-0.49692679416254515
2022-02-09 00:00:00,0,0,0.4789355092916955,0.0,0.11458821779451496,1.1214115651554875,2.2291220286492863,-0.49692679416254515
2022-02-10 00:00:00,0,0,0.5241167036578355,0.0,0.11458821779451496,1.1214115651554875,2.2291220286492863,-0.49692679416254515
2022-02-11 00:00:00,1,1,0.6085004273598772,-0.0180830486683868,0.09650516912612817,1.1013152739666388,2.2291220286492863,-0.5059421333546421
2022-02-12 00:00:00,1,1,0.6139100186843067,0.0008847298352760999,0.09738989896140426,1.1022900716002522,2.2291220286492863,-0.5055048322015042
2022-02-13 00:00:00,0,0,0.5273415783412411,0.0,0.09738989896140426,1.1022900716002522,2.2291220286492863,-0.5055048322015042
2022-02-14 00:00:00,0,0,0.5451654763710642,0.0,0.09738989896140426,1.1022900716002522,2.2291220286492863,-0.5055048322015042
2022-02-15 00:00:00,0,0,0.5036149707233466,0.0,0.09738989896140426,1.1022900716002522,2.2291220286492863,-0.5055048322015042
2022-02-16 00:00:00,0,0,0.5054416201467504,0.0,0.09738989896140426,1.1022900716002522,2.2291220286492863,-0.5055048322015042
2022-02-17 00:00:00,0,0,0.5336357454587088,0.0,0.09738989896140426,1.1022900716002522,2.2291220286492863,-0.5055048322015042
2022-02-18 00:00:00,0,0,0.5494948463296996,0.0,0.09738989896140426,1.1022900716002522,2.2291220286492863,-0.5055048322015042
2022-02-19 00:00:00,1,1,0.5823948403453211,-0.0079153746499157,0.08947452431148856,1.0935994727579446,2.2291220286492863,-0.5094034966669815
2022-02-20 00:00:00,1,1,0.5902998396735168,-0.0310839254795497,0.05839059883193885,1.0601289999993322,2.2291220286492863,-0.5244185888550451
2022-02-21 00:00:00,0,0,0.47422668661067463,0.0,0.05839059883193885,1.0601289999993322,2.2291220286492863,-0.5244185888550451
2022-02-22 00:00:00,1,1,0.5547574335211393,0.0231014335187852,0.08149203235072405,1.0849045734104241,2.2291220286492863,-0.513304090369691
2022-02-23 00:00:00,0,0,0.5056834343203958,0.0,0.08149203235072405,1.0849045734104241,2.2291220286492863,-0.513304090369691
2022-02-24 00:00:00,0,0,0.45800525127528646,0.0,0.08149203235072405,1.0849045734104241,2.2291220286492863,-0.513304090369691
2022-02-25 00:00:00,0,0,0.5105739406920087,0.0,0.08149203235072405,1.0849045734104241,2.2291220286492863,-0.513304090369691
2022-02-26 00:00:00,-1,-1,0.4488740457404807,0.0238710245747982,0.10536305692552225,1.1111139347454722,2.2291220286492863,-0.5015463844216997
2022-02-27 00:00:00,1,1,0.6103916989198424,-0.032807912615343604,0.07255514431017865,1.07525209849056,2.2291220286492863,-0.5176342592863352
2022-02-28 00:00:00,0,0,0.5240184443170526,0.0,0.07255514431017865,1.07525209849056,2.2291220286492863,-0.5176342592863352
2022-03-01 00:00:00,0,0,0.5297446137703774,0.0,0.07255514431017865,1.07525209849056,2.2291220286492863,-0.5176342592863352
2022-03-02 00:00:00,0,0,0.4543374432944224,0.0,0.07255514431017865,1.07525209849056,2.2291220286492863,-0.5176342592863352
2022-03-03 00:00:00,0,0,0.5341359316263972,0.0,0.07255514431017865,1.07525209849056,2.2291220286492863,-0.5176342592863352
2022-03-04 00:00:00,1,1,0.6064869827761619,-0.0722050281354001,0.0003501161747785503,1.0003501774726,2.2291220286492863,-0.5512357939063786
2022-03-05 00:00:00,1,1,0.6558050912083623,0.0219674911110808,0.02231760728585935,1.0225685081088776,2.2291220286492863,-0.5412684927220012
2022-03-06 00:00:00,-1,-1,0.3783484965763035,0.0307914098361248,0.05310901712198415,1.0545446022706366,2.2291220286492863,-0.5269237894034777
2022-03-07 00:00:00,0,0,0.5380900542548867,0.0,0.05310901712198415,1.0545446022706366,2.2291220286492863,-0.5269237894034777
2022-03-08 00:00:00,0,0,0.524374773579114,0.0,0.05310901712198415,1.0545446022706366,2.2291220286492863,-0.5269237894034777
2022-03-09 00:00:00,0,0,0.4962176786343431,0.0,0.05310901712198415,1.0545446022706366,2.2291220286492863,-0.5269237894034777
2022-03-10 00:00:00,0,0,0.5273999668572215,0.0,0.05310901712198415,1.0545446022706366,2.2291220286492863,-0.5269237894034777
2022-03-11 00:00:00,1,1,0.5731390916607565,-0.0047154720155851,0.04839354510639905,1.0495836325589056,2.2291220286492863,-0.5291493157084406
2022-03-12 00:00:00,0,0,0.5133589838203456,0.0,0.04839354510639905,1.0495836325589056,2.2291220286492863,-0.5291493157084406
2022-03-13 00:00:00,1,1,0.6010122884237716,-0.0290179650608705,0.019375580045528553,1.0195645047994684,2.2291220286492863,-0.5426161099770463
2022-03-14 00:00:00,0,0,0.5331443398021094,0.0,0.019375580045528553,1.0195645047994684,2.2291220286492863,-0.5426161099770463
2022-03-15 00:00:00,0,0,0.5114945663276094,0.0,0.019375580045528553,1.0195645047994684,2.2291220286492863,-0.5426161099770463
2022-03-16 00:00:00,0,0,0.5132959834649179,0.0,0.019375580045528553,1.0195645047994684,2.2291220286492863,-0.5426161099770463
2022-03-17 00:00:00,0,0,0.48668925065118146,0.0,0.019375580045528553,1.0195645047994684,2.2291220286492863,-0.5426161099770463
2022-03-18 00:00:00,1,1,0.6282481762099,0.036269227019910796,0.05564480706543935,1.0572220992181727,2.2291220286492863,-0.5257226452251313
2022-03-19 00:00:00,0,0,0.473504773623951,0.0,0.05564480706543935,1.0572220992181727,2.2291220286492863,-0.5257226452251313
2022-03-20 00:00:00,0,0,0.4961072861294024,0.0,0.05564480706543935,1.0572220992181727,2.2291220286492863,-0.5257226452251313
2022-03-21 00:00:00,0,0,0.5339980343281742,0.0,0.05564480706543935,1.0572220992181727,2.2291220286492863,-0.5257226452251313
2022-03-22 00:00:00,0,0,0.537001478100812,0.0,0.05564480706543935,1.0572220992181727,2.2291220286492863,-0.5257226452251313
2022-03-23 00:00:00,0,0,0.5224681165815729,0.0,0.05564480706543935,1.0572220992181727,2.2291220286492863,-0.5257226452251313
2022-03-24 00:00:00,0,0,0.5235192155125467,0.0,0.05564480706543935,1.0572220992181727,2.2291220286492863,-0.5257226452251313
2022-03-25 00:00:00,0,0,0.511026040453781,0.0,0.05564480706543935,1.0572220992181727,2.2291220286492863,-0.5257226452251313
2022-03-26 00:00:00,0,0,0.545921604082143,0.0,0.05564480706543935,1.0572220992181727,2.2291220286492863,-0.5257226452251313
2022-03-27 00:00:00,0,0,0.4959747334991882,0.0,0.05564480706543935,1.0572220992181727,2.2291220286492863,-0.5257226452251313
2022-03-28 00:00:00,1,1,0.5562393817298065,0.009112378655484601,0.06475718572092395,1.0668999343916752,2.2291220286492863,-0.5213810995182923
2022-03-29 00:00:00,0,0,0.5152291898536968,0.0,0.06475718572092395,1.0668999343916752,2.2291220286492863,-0.5213810995182923
2022-03-30 00:00:00,1,1,0.5553841780532576,-0.0029311596017157,0.061826026119208254,1.0637772591703982,2.2291220286492863,-0.522781953837232
2022-03-31 00:00:00,0,0,0.5331969331858694,0.0,0.061826026119208254,1.0637772591703982,2.2291220286492863,-0.522781953837232
2022-04-01 00:00:00,1,1,0.6002008855064431,0.028285355851083698,0.09011138197029195,1.0942961617801563,2.2291220286492863,-0.5090909570153798
2022-04-02 00:00:00,0,0,0.48770886522168627,0.0,0.09011138197029195,1.0942961617801563,2.2291220286492863,-0.5090909570153798
2022-04-03 00:00:00,1,1,0.6144921437117746,-0.0054193694953469,0.08469201247494505,1.0883818070540854,2.2291220286492863,-0.5117441786201453
2022-04-04 00:00:00,0,0,0.5370009625005329,0.0,0.08469201247494505,1.0883818070540854,2.2291220286492863,-0.5117441786201453
2022-04-05 00:00:00,0,0,0.5009901831721998,0.0,0.08469201247494505,1.0883818070540854,2.2291220286492863,-0.5117441786201453
2022-04-06 00:00:00,0,0,0.4973623736070083,0.0,0.08469201247494505,1.0883818070540854,2.2291220286492863,-0.5117441786201453
2022-04-07 00:00:00,0,0,0.47175681149817145,0.0,0.08469201247494505,1.0883818070540854,2.2291220286492863,-0.5117441786201453
2022-04-08 00:00:00,0,0,0.5491383704633473,0.0,0.08469201247494505,1.0883818070540854,2.2291220286492863,-0.5117441786201453
2022-04-09 00:00:00,1,1,0.6154469744992201,0.0036386863344256004,0.08833069880937065,1.0923493009174219,2.2291220286492863,-0.5099643326483478
2022-04-10 00:00:00,0,0,0.5066962798546828,0.0,0.08833069880937065,1.0923493009174219,2.2291220286492863,-0.5099643326483478
2022-04-11 00:00:00,0,0,0.5362186818059774,0.0,0.08833069880937065,1.0923493009174219,2.2291220286492863,-0.5099643326483478
2022-04-12 00:00:00,0,0,0.4850516767916538,0.0,0.08833069880937065,1.0923493009174219,2.2291220286492863,-0.5099643326483478
2022-04-13 00:00:00,0,0,0.4862802143187443,0.0,0.08833069880937065,1.0923493009174219,2.2291220286492863,-0.5099643326483478
2022-04-14 00:00:00,0,0,0.5252445385766098,0.0,0.08833069880937065,1.0923493009174219,2.2291220286492863,-0.5099643326483478
2022-04-15 00:00:00,1,1,0.6125193120242866,0.0164092953763837,0.10473999418575436,1.1104218566795125,2.2291220286492863,-0.5018568555655245
2022-04-16 00:00:00,0,0,0.4814503541728784,0.0,0.10473999418575436,1.1104218566795125,2.2291220286492863,-0.5018568555655245
2022-04-17 00:00:00,0,0,0.5439691724690527,0.0,0.10473999418575436,1.1104218566795125,2.2291220286492863,-0.5018568555655245
2022-04-18 00:00:00,0,0,0.5437554066777849,0.0,0.10473999418575436,1.1104218566795125,2.2291220286492863,-0.5018568555655245
2022-04-19 00:00:00,0,0,0.5236755513324106,0.0,0.10473999418575436,1.1104218566795125,2.2291220286492863,-0.5018568555655245
2022-04-20 00:00:00,0,0,0.5015177582916542,0.0,0.10473999418575436,1.1104218566795125,2.2291220286492863,-0.5018568555655245
2022-04-21 00:00:00,0,0,0.5210392808585891,0.0,0.10473999418575436,1.1104218566795125,2.2291220286492863,-0.5018568555655245
2022-04-22 00:00:00,1,1,0.5871562197796387,-0.022522030882806,0.08221796330294837,1.0856924251488556,2.2291220286492863,-0.5129506544750626
2022-04-23 00:00:00,1,1,0.6070742634368995,-0.0011488745754674001,0.08106908872748096,1.084445816960169,2.2291220286492863,-0.5135098917768635
2022-04-24 00:00:00,1,1,0.6055286769207097,-0.0189837975238067,0.06208529120367426,1.0640530952271343,2.2291220286492863,-0.5226582118198857
2022-04-25 00:00:00,0,0,0.542789361864332,0.0,0.06208529120367426,1.0640530952271343,2.2291220286492863,-0.5226582118198857
2022-04-26 00:00:00,0,0,0.5487110898912699,0.0,0.06208529120367426,1.0640530952271343,2.2291220286492863,-0.5226582118198857
2022-04-27 00:00:00,0,0,0.47267387741498706,0.0,0.06208529120367426,1.0640530952271343,2.2291220286492863,-0.5226582118198857
2022-04-28 00:00:00,0,0,0.49601468592005366,0.0,0.06208529120367426,1.0640530952271343,2.2291220286492863,-0.5226582118198857
2022-04-29 00:00:00,0,0,0.5175405774309112,0.0,0.06208529120367426,1.0640530952271343,2.2291220286492863,-0.5226582118198857
2022-04-30 00:00:00,1,1,0.613713714737223,-0.0261394844811959,0.03594580672247836,1.0365996682351961,2.2291220286492863,-0.5349740144718264
2022-05-01 00:00:00,1,1,0.6092032150851646,0.024991348317802798,0.06093715504028116,1.0628321184466578,2.2291220286492863,-0.523205950689622
2022-05-02 00:00:00,0,0,0.5078565178638073,0.0,0.06093715504028116,1.0628321184466578,2.2291220286492863,-0.523205950689622
2022-05-03 00:00:00,1,1,0.5555666945077974,-0.014312638533362499,0.046624516506918665,1.0477285304435002,2.2291220286492863,-0.5299815277145861
2022-05-04 00:00:00,0,0,0.5202593068337837,0.0,0.046624516506918665,1.0477285304435002,2.2291220286492863,-0.5299815277145861
2022-05-05 00:00:00,0,0,0.5199298468174348,0.0,0.046624516506918665,1.0477285304435002,2.2291220286492863,-0.5299815277145861
2022-05-06 00:00:00,1,1,0.5633108604122228,-0.0114321366867885,0.03519237982013017,1.0358189602982946,2.2291220286492863,-0.5353242456062675
2022-05-07 00:00:00,1,1,0.5727284671994646,-0.0260047660348071,0.009187613785323068,1.0092299494641506,2.2291220286492863,-0.5472522650203753
2022-05-08 00:00:00,1,1,0.6065016342898164,-0.0288578750139936,-0.019670261228670532,0.9805219361061605,2.2291220286492863,-0.5601308840412395
2022-05-09 00:00:00,1,1,0.557556094072875,-0.1040249740587699,-0.12369523528744043,0.883649104915042,2.2291220286492863,-0.6035887252657586
2022-05-10 00:00:00,1,1,0.647635474247009,0.006880204849429201,-0.11681503043801124,0.8897497545658986,2.2291220286492863,-0.6008519304324342
2022-05-11 00:00:00,0,0,0.5192112339302465,0.0,-0.11681503043801124,0.8897497545658986,2.2291220286492863,-0.6008519304324342
2022-05-12 00:00:00,1,1,0.5635548728638134,-0.0106321290422536,-0.12744715948026483,0.8803399322247976,2.2291220286492863,-0.6050732436760178
2022-05-13 00:00:00,0,0,0.4752764335228767,0.0,-0.12744715948026483,0.8803399322247976,2.2291220286492863,-0.6050732436760178
2022-05-14 00:00:00,1,1,0.5936535037421498,0.014337857582458698,-0.11310930189780613,0.8930530423888366,2.2291220286492863,-0.5993700520155134
2022-05-15 00:00:00,0,0,0.4566783953959317,0.0,-0.11310930189780613,0.8930530423888366,2.2291220286492863,-0.5993700520155134
2022-05-16 00:00:00,0,0,0.4857599894337071,0.0,-0.11310930189780613,0.8930530423888366,2.2291220286492863,-0.5993700520155134
2022-05-17 00:00:00,0,0,0.5141455141439997,0.0,-0.11310930189780613,0.8930530423888366,2.2291220286492863,-0.5993700520155134
2022-05-18 00:00:00,0,0,0.5002927959375209,0.0,-0.11310930189780613,0.8930530423888366,2.2291220286492863,-0.5993700520155134
2022-05-19 00:00:00,1,1,0.5684866397465522,0.0445717508917242,-0.06853755100608193,0.9337583958779758,2.2291220286492863,-0.581109340862879
2022-05-20 00:00:00,0,0,0.5213030112487324,0.0,-0.06853755100608193,0.9337583958779758,2.2291220286492863,-0.581109340862879
2022-05-21 00:00:00,1,1,0.6016128441627069,0.0056593192922563,-0.06287823171382563,0.939057814188121,2.2291220286492863,-0.5787319841089483
2022-05-22 00:00:00,0,0,0.5086056365851482,0.0,-0.06287823171382563,0.939057814188121,2.2291220286492863,-0.5787319841089483
2022-05-23 00:00:00,0,0,0.50286479289501,0.0,-0.06287823171382563,0.939057814188121,2.2291220286492863,-0.5787319841089483
2022-05-24 00:00:00,0,0,0.5051693257949987,0.0,-0.06287823171382563,0.939057814188121,2.2291220286492863,-0.5787319841089483
2022-05-25 00:00:00,0,0,0.48968073249299077,0.0,-0.06287823171382563,0.939057814188121,2.2291220286492863,-0.5787319841089483
2022-05-26 00:00:00,0,0,0.5192369342003936,0.0,-0.06287823171382563,0.939057814188121,2.2291220286492863,-0.5787319841089483
2022-05-27 00:00:00,1,1,0.6165621372811708,-0.010267732076641601,-0.07314596379046723,0.9294651518673107,2.2291220286492863,-0.5830353206681509
2022-05-28 00:00:00,1,1,0.5687878388054752,0.0058903196698759,-0.06725564412059133,0.9349561547386801,2.2291220286492863,-0.5805720177171246
2022-05-29 00:00:00,0,0,0.51372523781886,0.0,-0.06725564412059133,0.9349561547386801,2.2291220286492863,-0.5805720177171246
2022-05-30 00:00:00,0,0,0.4970254402807456,0.0,-0.06725564412059133,0.9349561547386801,2.2291220286492863,-0.5805720177171246
2022-05-31 00:00:00,0,0,0.4765312359582482,0.0,-0.06725564412059133,0.9349561547386801,2.2291220286492863,-0.5805720177171246
2022-06-01 00:00:00,0,0,0.4918650687422392,0.0,-0.06725564412059133,0.9349561547386801,2.2291220286492863,-0.5805720177171246
2022-06-02 00:00:00,0,0,0.45904653113795413,0.0,-0.06725564412059133,0.9349561547386801,2.2291220286492863,-0.5805720177171246
2022-06-03 00:00:00,0,0,0.48286637554912176,0.0,-0.06725564412059133,0.9349561547386801,2.2291220286492863,-0.5805720177171246
2022-06-04 00:00:00,1,1,0.5750607816049415,-0.00022466574754440006,-0.06748030986813573,0.9347461257093024,2.2291220286492863,-0.5806662382338474
2022-06-05 00:00:00,0,0,0.5124386272758986,0.0,-0.06748030986813573,0.9347461257093024,2.2291220286492863,-0.5806662382338474
2022-06-06 00:00:00,0,0,0.5058699752238812,0.0,-0.06748030986813573,0.9347461257093024,2.2291220286492863,-0.5806662382338474
2022-06-07 00:00:00,0,0,0.47767300795372003,0.0,-0.06748030986813573,0.9347461257093024,2.2291220286492863,-0.5806662382338474
2022-06-08 00:00:00,0,0,0.4863448554754003,0.0,-0.06748030986813573,0.9347461257093024,2.2291220286492863,-0.5806662382338474
2022-06-09 00:00:00,1,1,0.5631729830656936,-0.016627151993931902,-0.08410746186206763,0.9193324576089312,2.2291220286492863,-0.5875809193963278
2022-06-10 00:00:00,1,1,0.6204636589226366,-0.0186759859995938,-0.10278344786166144,0.9023223521607486,2.2291220286492863,-0.5952117737100729
2022-06-11 00:00:00,1,1,0.6035713993179677,-0.0261920481877296,-0.12897549604939104,0.8789955041441108,2.2291220286492863,-0.6056763636772595
2022-06-12 00:00:00,1,1,0.6002924748077287,-0.0812920383587695,-0.21026753440816054,0.8103674157997361,2.2291220286492863,-0.6364634123279603
2022-06-13 00:00:00,0,0,0.5424058110077332,0.0,-0.21026753440816054,0.8103674157997361,2.2291220286492863,-0.6364634123279603
2022-06-14 00:00:00,1,1,0.7717149854357663,0.0012406450089821998,-0.20902688939917835,0.8113734180063616,2.2291220286492863,-0.6360121125813802
2022-06-15 00:00:00,1,1,0.5858205032676455,0.0381919304987227,-0.17083495890045564,0.8429606851500818,2.2291220286492863,-0.62184183982926
2022-06-16 00:00:00,-1,-1,0.42097165439510703,0.1067330123029308,-0.06410194659752484,0.9379093779867944,2.2291220286492863,-0.5792471807588251
2022-06-17 00:00:00,1,1,0.6233095308540325,0.009041427775326499,-0.05506051882219834,0.9464278695203306,2.2291220286492863,-0.575425724856432
2022-06-18 00:00:00,0,0,0.5384457459981711,0.0,-0.05506051882219834,0.9464278695203306,2.2291220286492863,-0.575425724856432
2022-06-19 00:00:00,1,1,0.5736454458476462,0.0547677304371011,-0.000292788385097241,0.999707254473239,2.2291220286492863,-0.5515242137376385
2022-06-20 00:00:00,0,0,0.47879654460291393,0.0,-0.000292788385097241,0.999707254473239,2.2291220286492863,-0.5515242137376385
2022-06-21 00:00:00,0,0,0.47098263332124674,0.0,-0.000292788385097241,0.999707254473239,2.2291220286492863,-0.5515242137376385
2022-06-22 00:00:00,1,1,0.5533020509289636,-0.0091875980938173,-0.00948038647891454,0.9905644107083275,2.2291220286492863,-0.5556257584926609
2022-06-23 00:00:00,0,0,0.5022402923461953,0.0,-0.00948038647891454,0.9905644107083275,2.2291220286492863,-0.5556257584926609
2022-06-24 00:00:00,0,0,0.49250334338223156,0.0,-0.00948038647891454,0.9905644107083275,2.2291220286492863,-0.5556257584926609
2022-06-25 00:00:00,0,0,0.4911151142388217,0.0,-0.00948038647891454,0.9905644107083275,2.2291220286492863,-0.5556257584926609
2022-06-26 00:00:00,0,0,0.481611172819287,0.0,-0.00948038647891454,0.9905644107083275,2.2291220286492863,-0.5556257584926609
2022-06-27 00:00:00,0,0,0.546087461641041,0.0,-0.00948038647891454,0.9905644107083275,2.2291220286492863,-0.5556257584926609
2022-06-28 00:00:00,0,0,0.5486625842975932,0.0,-0.00948038647891454,0.9905644107083275,2.2291220286492863,-0.5556257584926609
2022-06-29 00:00:00,0,0,0.537476406507946,0.0,-0.00948038647891454,0.9905644107083275,2.2291220286492863,-0.5556257584926609
2022-06-30 00:00:00,1,1,0.5651202977847622,0.011752013726003499,0.0022716272470889587,1.0022742093470831,2.2291220286492863,-0.5503726595199452
2022-07-01 00:00:00,0,0,0.5301516269540334,0.0,0.0022716272470889587,1.0022742093470831,2.2291220286492863,-0.5503726595199452
2022-07-02 00:00:00,1,1,0.6069636855437964,0.0024851329135239,0.004756760160612859,1.004768091503929,2.2291220286492863,-0.5492538862429357
2022-07-03 00:00:00,0,0,0.523546707325596,0.0,0.004756760160612859,1.004768091503929,2.2291220286492863,-0.5492538862429357
2022-07-04 00:00:00,0,0,0.5088748906785984,0.0,0.004756760160612859,1.004768091503929,2.2291220286492863,-0.5492538862429357
2022-07-05 00:00:00,0,0,0.526165254070973,0.0,0.004756760160612859,1.004768091503929,2.2291220286492863,-0.5492538862429357
2022-07-06 00:00:00,0,0,0.50257690673329,0.0,0.004756760160612859,1.004768091503929,2.2291220286492863,-0.5492538862429357
2022-07-07 00:00:00,0,0,0.5141878005316471,0.0,0.004756760160612859,1.004768091503929,2.2291220286492863,-0.5492538862429357
2022-07-08 00:00:00,0,0,0.4920881739264678,0.0,0.004756760160612859,1.004768091503929,2.2291220286492863,-0.5492538862429357
2022-07-09 00:00:00,1,1,0.5773169435483525,-0.0091318555403428,-0.004375095379729941,0.9956344614076955,2.2291220286492863,-0.5533512976806434
2022-07-10 00:00:00,1,1,0.6224700222962486,-0.0277117357633979,-0.03208683114312784,0.9684224891965422,2.2291220286492863,-0.5655587820002175
2022-07-11 00:00:00,1,1,0.5549418729243926,-0.0502337125521718,-0.08232054369529965,0.9209766981028211,2.2291220286492863,-0.5868433014136613
2022-07-12 00:00:00,0,0,0.4957148620266134,0.0,-0.08232054369529965,0.9209766981028211,2.2291220286492863,-0.5868433014136613
2022-07-13 00:00:00,1,1,0.5581786423532261,0.0431917082054947,-0.03912883548980495,0.9616268095041905,2.2291220286492863,-0.5686073722545919
2022-07-14 00:00:00,0,0,0.49798600818614525,0.0,-0.03912883548980495,0.9616268095041905,2.2291220286492863,-0.5686073722545919
2022-07-15 00:00:00,0,0,0.4972973582606548,0.0,-0.03912883548980495,0.9616268095041905,2.2291220286492863,-0.5686073722545919
2022-07-16 00:00:00,0,0,0.5492085759051635,0.0,-0.03912883548980495,0.9616268095041905,2.2291220286492863,-0.5686073722545919
2022-07-17 00:00:00,-1,-1,0.4375823453116454,0.0214481284369905,-0.017680707052814448,0.9824746795189317,2.2291220286492863,-0.5592548694544766
2022-07-18 00:00:00,0,0,0.5436828972283209,0.0,-0.017680707052814448,0.9824746795189317,2.2291220286492863,-0.5592548694544766
2022-07-19 00:00:00,0,0,0.49576598202498556,0.0,-0.017680707052814448,0.9824746795189317,2.2291220286492863,-0.5592548694544766
2022-07-20 00:00:00,0,0,0.49895738325354877,0.0,-0.017680707052814448,0.9824746795189317,2.2291220286492863,-0.5592548694544766
2022-07-21 00:00:00,1,1,0.5556673130134538,-0.00012037562799100006,-0.017801082680805446,0.9823564206302862,2.2291220286492863,-0.5593079212332153
2022-07-22 00:00:00,0,0,0.5033716924158371,0.0,-0.017801082680805446,0.9823564206302862,2.2291220286492863,-0.5593079212332153
2022-07-23 00:00:00,1,1,0.6232444699794774,-0.010621762816131301,-0.028422845496936747,0.9719772836775202,2.2291220286492863,-0.5639640759072845
2022-07-24 00:00:00,0,0,0.49864108162422344,0.0,-0.028422845496936747,0.9719772836775202,2.2291220286492863,-0.5639640759072845
2022-07-25 00:00:00,0,0,0.543812909109194,0.0,-0.028422845496936747,0.9719772836775202,2.2291220286492863,-0.5639640759072845
2022-07-26 00:00:00,-1,-1,0.4415577109777654,-0.011009790951251201,-0.03943263644818795,0.9613347107300467,2.2291220286492863,-0.56873840984266
2022-07-27 00:00:00,-1,-1,0.4263368730808986,-0.0727318702143422,-0.11216450666253015,0.8938971933602488,2.2291220286492863,-0.5989913598844578
2022-07-28 00:00:00,0,0,0.5206041974428698,0.0,-0.11216450666253015,0.8938971933602488,2.2291220286492863,-0.5989913598844578
2022-07-29 00:00:00,0,0,0.4663483720747677,0.0,-0.11216450666253015,0.8938971933602488,2.2291220286492863,-0.5989913598844578
2022-07-30 00:00:00,0,0,0.4990089093608092,0.0,-0.11216450666253015,0.8938971933602488,2.2291220286492863,-0.5989913598844578
2022-07-31 00:00:00,1,1,0.6216891632104481,-0.0167921060859989,-0.12895661274852904,0.8790121026373885,2.2291220286492863,-0.6056689174750935
2022-08-01 00:00:00,0,0,0.5492660253955247,0.0,-0.12895661274852904,0.8790121026373885,2.2291220286492863,-0.6056689174750935
2022-08-02 00:00:00,0,0,0.5262438320415023,0.0,-0.12895661274852904,0.8790121026373885,2.2291220286492863,-0.6056689174750935
2022-08-03 00:00:00,1,1,0.561334136279974,0.0082774462211451,-0.12067916652738395,0.8863182745514264,2.2291220286492863,-0.6023913167784349
2022-08-04 00:00:00,0,0,0.5267816364302101,0.0,-0.12067916652738395,0.8863182745514264,2.2291220286492863,-0.6023913167784349
2022-08-05 00:00:00,1,1,0.620819273942396,0.0265839618058632,-0.09409520472152075,0.9101961031491255,2.2291220286492863,-0.5916795530029151
2022-08-06 00:00:00,0,0,0.48555282891019846,0.0,-0.09409520472152075,0.9101961031491255,2.2291220286492863,-0.5916795530029151
2022-08-07 00:00:00,1,1,0.6095236897567892,0.0152509163691667,-0.07884428835235405,0.9241838194269845,2.2291220286492863,-0.5854045639722182
2022-08-08 00:00:00,0,0,0.5001616607385816,0.0,-0.07884428835235405,0.9241838194269845,2.2291220286492863,-0.5854045639722182
2022-08-09 00:00:00,0,0,0.505503245530769,0.0,-0.07884428835235405,0.9241838194269845,2.2291220286492863,-0.5854045639722182
2022-08-10 00:00:00,0,0,0.4941795711175442,0.0,-0.07884428835235405,0.9241838194269845,2.2291220286492863,-0.5854045639722182
2022-08-11 00:00:00,0,0,0.5171996354408545,0.0,-0.07884428835235405,0.9241838194269845,2.2291220286492863,-0.5854045639722182
2022-08-12 00:00:00,1,1,0.6145579605382429,0.020497442173150398,-0.058346846179203646,0.9433227028130787,2.2291220286492863,-0.5768187247314247
2022-08-13 00:00:00,0,0,0.4769759607518324,0.0,-0.058346846179203646,0.9433227028130787,2.2291220286492863,-0.5768187247314247
2022-08-14 00:00:00,0,0,0.5146236762436184,0.0,-0.058346846179203646,0.9433227028130787,2.2291220286492863,-0.5768187247314247
2022-08-15 00:00:00,0,0,0.5298870319729618,0.0,-0.058346846179203646,0.9433227028130787,2.2291220286492863,-0.5768187247314247
2022-08-16 00:00:00,1,1,0.5569073006246106,-0.0057841076686957,-0.06413095384789935,0.9378821722092229,2.2291220286492863,-0.5792593854641852
2022-08-17 00:00:00,0,0,0.520530567348621,0.0,-0.06413095384789935,0.9378821722092229,2.2291220286492863,-0.5792593854641852
2022-08-18 00:00:00,1,1,0.5652313097894641,-0.0236354830876009,-0.08776643693550025,0.9159747896201456,2.2291220286492863,-0.5890871931425077
2022-08-19 00:00:00,1,1,0.6157343867039036,-0.0893766611007184,-0.17714309803621864,0.8376599084582642,2.2291220286492863,-0.6242198059628725
2022-08-20 00:00:00,1,1,0.6675849309370906,0.0073771976242987996,-0.16976590041191983,0.8438623413017506,2.2291220286492863,-0.6214373504652501
2022-08-21 00:00:00,0,0,0.4831532603782594,0.0,-0.16976590041191983,0.8438623413017506,2.2291220286492863,-0.6214373504652501
2022-08-22 00:00:00,0,0,0.48064551153582435,0.0,-0.16976590041191983,0.8438623413017506,2.2291220286492863,-0.6214373504652501
2022-08-23 00:00:00,0,0,0.5181078535511073,0.0,-0.16976590041191983,0.8438623413017506,2.2291220286492863,-0.6214373504652501
2022-08-24 00:00:00,0,0,0.5112756583491989,0.0,-0.16976590041191983,0.8438623413017506,2.2291220286492863,-0.6214373504652501
2022-08-25 00:00:00,0,0,0.5212227296475628,0.0,-0.16976590041191983,0.8438623413017506,2.2291220286492863,-0.6214373504652501
2022-08-26 00:00:00,1,1,0.6148096434450729,-0.057036809136353,-0.22680270954827284,0.7970780226617704,2.2291220286492863,-0.6424251286302385
2022-08-27 00:00:00,1,1,0.5874951267133798,-0.016611176600827,-0.24341388614909984,0.7839469818191456,2.2291220286492863,-0.6483158069663103
2022-08-28 00:00:00,1,1,0.605479553955797,-0.018719451158871202,-0.26213333730797106,0.7694084260194224,2.2291220286492863,-0.6548379065251813
2022-08-29 00:00:00,1,1,0.5514496950279235,0.0298426423646853,-0.23229069494328575,0.7927156513784754,2.2291220286492863,-0.6443821194217827
2022-08-30 00:00:00,0,0,0.5056416968057744,0.0,-0.23229069494328575,0.7927156513784754,2.2291220286492863,-0.6443821194217827
2022-08-31 00:00:00,1,1,0.556967645707499,0.0042068017772981,-0.22808389316598765,0.7960574732522847,2.2291220286492863,-0.6428829543555103
2022-09-01 00:00:00,0,0,0.524893906546513,0.0,-0.22808389316598765,0.7960574732522847,2.2291220286492863,-0.6428829543555103
2022-09-02 00:00:00,0,0,0.5186931117367721,0.0,-0.22808389316598765,0.7960574732522847,2.2291220286492863,-0.6428829543555103
2022-09-03 00:00:00,1,1,0.6042654548509225,-0.0107492195532134,-0.23883311271920105,0.7875463028671672,2.2291220286492863,-0.6467011259386402
2022-09-04 00:00:00,1,1,0.5591352180212643,0.004379478258911,-0.23445363446029005,0.7910029083179133,2.2291220286492863,-0.6451504681431849
2022-09-05 00:00:00,0,0,0.505757918882818,0.0,-0.23445363446029005,0.7910029083179133,2.2291220286492863,-0.6451504681431849
2022-09-06 00:00:00,0,0,0.50941488328025,0.0,-0.23445363446029005,0.7910029083179133,2.2291220286492863,-0.6451504681431849
2022-09-07 00:00:00,0,0,0.45397831677579725,0.0,-0.23445363446029005,0.7910029083179133,2.2291220286492863,-0.6451504681431849
2022-09-08 00:00:00,0,0,0.5044275716152278,0.0,-0.23445363446029005,0.7910029083179133,2.2291220286492863,-0.6451504681431849
2022-09-09 00:00:00,0,0,0.5204767117535134,0.0,-0.23445363446029005,0.7910029083179133,2.2291220286492863,-0.6451504681431849
2022-09-10 00:00:00,0,0,0.46954868086042145,0.0,-0.23445363446029005,0.7910029083179133,2.2291220286492863,-0.6451504681431849
2022-09-11 00:00:00,0,0,0.4581738068433622,0.0,-0.23445363446029005,0.7910029083179133,2.2291220286492863,-0.6451504681431849
2022-09-12 00:00:00,0,0,0.5036893040081027,0.0,-0.23445363446029005,0.7910029083179133,2.2291220286492863,-0.6451504681431849
2022-09-13 00:00:00,0,0,0.5054523203850281,0.0,-0.23445363446029005,0.7910029083179133,2.2291220286492863,-0.6451504681431849
2022-09-14 00:00:00,0,0,0.4752261520429977,0.0,-0.23445363446029005,0.7910029083179133,2.2291220286492863,-0.6451504681431849
2022-09-15 00:00:00,1,1,0.5578512710934921,-0.0195944835967348,-0.2540481180570249,0.775654478162095,2.2291220286492863,-0.6520358830996369
2022-09-16 00:00:00,1,1,0.6205229957997567,0.0071350531841426,-0.24691306487288228,0.7812086050487709,2.2291220286492863,-0.6495442622662806
2022-09-17 00:00:00,0,0,0.47509434274622,0.0,-0.24691306487288228,0.7812086050487709,2.2291220286492863,-0.6495442622662806
2022-09-18 00:00:00,0,0,0.5079314041787102,0.0,-0.24691306487288228,0.7812086050487709,2.2291220286492863,-0.6495442622662806
2022-09-19 00:00:00,0,0,0.5311085048478967,0.0,-0.24691306487288228,0.7812086050487709,2.2291220286492863,-0.6495442622662806
2022-09-20 00:00:00,0,0,0.481552792160248,0.0,-0.24691306487288228,0.7812086050487709,2.2291220286492863,-0.6495442622662806
2022-09-21 00:00:00,1,1,0.5697265152771436,-0.0301745544283573,-0.2770876193012396,0.757988079814931,2.2291220286492863,-0.6599611550767249
2022-09-22 00:00:00,0,0,0.5203004328961901,0.0,-0.2770876193012396,0.757988079814931,2.2291220286492863,-0.6599611550767249
2022-09-23 00:00:00,0,0,0.5237861523038158,0.0,-0.2770876193012396,0.757988079814931,2.2291220286492863,-0.6599611550767249
2022-09-24 00:00:00,0,0,0.46992343919313867,0.0,-0.2770876193012396,0.757988079814931,2.2291220286492863,-0.6599611550767249
2022-09-25 00:00:00,1,1,0.6179389787109392,-0.0110790309698288,-0.2881666502710684,0.7496366546771864,2.2291220286492863,-0.6637076638054575
2022-09-26 00:00:00,0,0,0.5442479312840399,0.0,-0.2881666502710684,0.7496366546771864,2.2291220286492863,-0.6637076638054575
2022-09-27 00:00:00,0,0,0.5041615693904452,0.0,-0.2881666502710684,0.7496366546771864,2.2291220286492863,-0.6637076638054575
2022-09-28 00:00:00,0,0,0.5130027162372641,0.0,-0.2881666502710684,0.7496366546771864,2.2291220286492863,-0.6637076638054575
2022-09-29 00:00:00,0,0,0.5147240694483678,0.0,-0.2881666502710684,0.7496366546771864,2.2291220286492863,-0.6637076638054575
2022-09-30 00:00:00,0,0,0.5166951554129682,0.0,-0.2881666502710684,0.7496366546771864,2.2291220286492863,-0.6637076638054575
2022-10-01 00:00:00,1,1,0.6024568813512939,-0.0074585154768446,-0.29562516574791303,0.7440662772823357,2.2291220286492863,-0.6662065747323869
2022-10-02 00:00:00,1,1,0.6084175011848204,-0.0107334020803278,-0.30635856782824084,0.7361226222384991,2.2291220286492863,-0.6697701548961207
2022-10-03 00:00:00,0,0,0.4740389568174938,0.0,-0.30635856782824084,0.7361226222384991,2.2291220286492863,-0.6697701548961207
2022-10-04 00:00:00,0,0,0.5023972016641577,0.0,-0.30635856782824084,0.7361226222384991,2.2291220286492863,-0.6697701548961207
2022-10-05 00:00:00,0,0,0.5058985478588411,0.0,-0.30635856782824084,0.7361226222384991,2.2291220286492863,-0.6697701548961207
2022-10-06 00:00:00,0,0,0.5179403686172817,0.0,-0.30635856782824084,0.7361226222384991,2.2291220286492863,-0.6697701548961207
2022-10-07 00:00:00,1,1,0.6274897516254119,-0.0222696257739361,-0.32862819360217693,0.7199106343727404,2.2291220286492863,-0.6770429679845913
2022-10-08 00:00:00,1,1,0.5961868900641222,-0.009912677457285399,-0.33854087105946234,0.7128096455081186,2.2291220286492863,-0.6802285221056119
2022-10-09 00:00:00,1,1,0.6104730895963032,0.0039245234602096,-0.33461634759925274,0.7156125801784758,2.2291220286492863,-0.6789711056724455
2022-10-10 00:00:00,0,0,0.4843218113771336,0.0,-0.33461634759925274,0.7156125801784758,2.2291220286492863,-0.6789711056724455
2022-10-11 00:00:00,1,1,0.5590312045347232,0.0014621519049058999,-0.33315419569434684,0.7166596797985619,2.2291220286492863,-0.6785013693338204
2022-10-12 00:00:00,0,0,0.5098260428496977,0.0,-0.33315419569434684,0.7166596797985619,2.2291220286492863,-0.6785013693338204
2022-10-13 00:00:00,1,1,0.603231181703137,0.012452327941541701,-0.3207018677528051,0.7256395552961685,2.2291220286492863,-0.6744729333028653
2022-10-14 00:00:00,0,0,0.4842626659061652,0.0,-0.3207018677528051,0.7256395552961685,2.2291220286492863,-0.6744729333028653
2022-10-15 00:00:00,1,1,0.6182094505171838,-0.004210211994301,-0.3249120797471061,0.7225908812223667,2.2291220286492863,-0.6758405901806044
2022-10-16 00:00:00,1,1,0.5748911313426566,0.0037495825511758996,-0.3211624971959302,0.7253053813229973,2.2291220286492863,-0.6746228461245396
2022-10-17 00:00:00,0,0,0.5040420925776974,0.0,-0.3211624971959302,0.7253053813229973,2.2291220286492863,-0.6746228461245396
2022-10-18 00:00:00,0,0,0.489978537067846,0.0,-0.3211624971959302,0.7253053813229973,2.2291220286492863,-0.6746228461245396
2022-10-19 00:00:00,1,1,0.5600291905557088,-0.0146789695498407,-0.3358414667457709,0.7147364063232814,2.2291220286492863,-0.6793641634969761
2022-10-20 00:00:00,1,1,0.5602210141809061,0.0030465771267446,-0.3327948896190263,0.716917226241681,2.2291220286492863,-0.6783858321672549
2022-10-21 00:00:00,1,1,0.5638832733209092,0.005023413100251,-0.3277714765187753,0.7205276583814951,2.2291220286492863,-0.6767661666247624
2022-10-22 00:00:00,0,0,0.48935696737863577,0.0,-0.3277714765187753,0.7205276583814951,2.2291220286492863,-0.6767661666247624
2022-10-23 00:00:00,1,1,0.5739856989616733,0.015696479376739698,-0.3120749971420356,0.7319266337641623,2.2291220286492863,-0.6716525051759208
2022-10-24 00:00:00,0,0,0.49280253533013535,0.0,-0.3120749971420356,0.7319266337641623,2.2291220286492863,-0.6716525051759208
2022-10-25 00:00:00,0,0,0.4913589422115898,0.0,-0.3120749971420356,0.7319266337641623,2.2291220286492863,-0.6716525051759208
2022-10-26 00:00:00,0,0,0.532977555571797,0.0,-0.3120749971420356,0.7319266337641623,2.2291220286492863,-0.6716525051759208
2022-10-27 00:00:00,0,0,0.5259538440867141,0.0,-0.3120749971420356,0.7319266337641623,2.2291220286492863,-0.6716525051759208
2022-10-28 00:00:00,1,1,0.6340118660964471,0.01546140583244,-0.29661359130959564,0.7433311865053885,2.2291220286492863,-0.6665363416843526
2022-10-29 00:00:00,0,0,0.47481546125080476,0.0,-0.29661359130959564,0.7433311865053885,2.2291220286492863,-0.6665363416843526
2022-10-30 00:00:00,1,1,0.5535826320304573,-0.0091516947167961,-0.30576528602639175,0.7365594799712603,2.2291220286492863,-0.6695741774094033
2022-10-31 00:00:00,0,0,0.5285480246797666,0.0,-0.30576528602639175,0.7365594799712603,2.2291220286492863,-0.6695741774094033
2022-11-01 00:00:00,0,0,0.5354335645991043,0.0,-0.30576528602639175,0.7365594799712603,2.2291220286492863,-0.6695741774094033
2022-11-02 00:00:00,0,0,0.4815028135231774,0.0,-0.30576528602639175,0.7365594799712603,2.2291220286492863,-0.6695741774094033
2022-11-03 00:00:00,1,1,0.5560594323237195,0.0027911581205749,-0.30297412790581685,0.7386182057230659,2.2291220286492863,-0.6686506183913924
2022-11-04 00:00:00,0,0,0.5087435349133167,0.0,-0.30297412790581685,0.7386182057230659,2.2291220286492863,-0.6686506183913924
2022-11-05 00:00:00,-1,-1,0.43938985090585714,0.0041048392035267,-0.2988692887022901,0.7416563459629584,2.2291220286492863,-0.6672876870664827
2022-11-06 00:00:00,0,0,0.5242433155786311,0.0,-0.2988692887022901,0.7416563459629584,2.2291220286492863,-0.6672876870664827
2022-11-07 00:00:00,0,0,0.4984580175815156,0.0,-0.2988692887022901,0.7416563459629584,2.2291220286492863,-0.6672876870664827
2022-11-08 00:00:00,1,1,0.5604803965303903,-0.1132665151687882,-0.41213580387107834,0.6622343359587699,2.2291220286492863,-0.7029169657616079
2022-11-09 00:00:00,1,1,0.6406802157026688,-0.1203791431149377,-0.5325149469860161,0.5871265192753624,2.2291220286492863,-0.7366108666419102
2022-11-10 00:00:00,1,1,0.754282917054505,0.0747969120409788,-0.45771803494503727,0.6327258576387419,2.2291220286492863,-0.7161546790589407
2022-11-11 00:00:00,0,0,0.4664802809940315,0.0,-0.45771803494503727,0.6327258576387419,2.2291220286492863,-0.7161546790589407
2022-11-12 00:00:00,1,1,0.6091361460706441,-0.0044785591809896,-0.46219659412602687,0.6298984934247618,2.2291220286492863,-0.717423054759168
2022-11-13 00:00:00,1,1,0.5694445783116414,-0.0362254275427308,-0.49842202166875765,0.6074885074836531,2.2291220286492863,-0.7274763338767261
2022-11-14 00:00:00,0,0,0.5439004329032434,0.0,-0.49842202166875765,0.6074885074836531,2.2291220286492863,-0.7274763338767261
2022-11-15 00:00:00,0,0,0.49400760111967684,0.0,-0.49842202166875765,0.6074885074836531,2.2291220286492863,-0.7274763338767261
2022-11-16 00:00:00,0,0,0.5233018155576639,0.0,-0.49842202166875765,0.6074885074836531,2.2291220286492863,-0.7274763338767261
2022-11-17 00:00:00,0,0,0.5288503801322352,0.0,-0.49842202166875765,0.6074885074836531,2.2291220286492863,-0.7274763338767261
2022-11-18 00:00:00,0,0,0.5236012546301995,0.0,-0.49842202166875765,0.6074885074836531,2.2291220286492863,-0.7274763338767261
2022-11-19 00:00:00,1,1,0.5696842771164683,0.0023381051502387,-0.49608391651851896,0.608910541276155,2.2291220286492863,-0.7268383994010781
2022-11-20 00:00:00,1,1,0.5655160536270851,-0.0283595510743577,-0.5244434675928766,0.5918846757254147,2.2291220286492863,-0.7344763238089478
2022-11-21 00:00:00,0,0,0.5263597262405154,0.0,-0.5244434675928766,0.5918846757254147,2.2291220286492863,-0.7344763238089478
2022-11-22 00:00:00,1,1,0.5546633425284754,0.0187624876100667,-0.5056809799828099,0.60309474011185,2.2291220286492863,-0.7294474091769264
2022-11-23 00:00:00,0,0,0.5015426745263525,0.0,-0.5056809799828099,0.60309474011185,2.2291220286492863,-0.7294474091769264
2022-11-24 00:00:00,0,0,0.5251572684355518,0.0,-0.5056809799828099,0.60309474011185,2.2291220286492863,-0.7294474091769264
2022-11-25 00:00:00,1,1,0.6082103013848202,0.0020632835253026,-0.5036176964575073,0.604340380165715,2.2291220286492863,-0.7288886061872939
2022-11-26 00:00:00,0,0,0.5087697619937539,0.0,-0.5036176964575073,0.604340380165715,2.2291220286492863,-0.7288886061872939
2022-11-27 00:00:00,1,1,0.5972272982947859,-0.0019650721240945,-0.5055827685816018,0.6031539738000018,2.2291220286492863,-0.7294208365230338
2022-11-28 00:00:00,0,0,0.46563896163663687,0.0,-0.5055827685816018,0.6031539738000018,2.2291220286492863,-0.7294208365230338
2022-11-29 00:00:00,0,0,0.5422031822282258,0.0,-0.5055827685816018,0.6031539738000018,2.2291220286492863,-0.7294208365230338
2022-11-30 00:00:00,0,0,0.5253839660863414,0.0,-0.5055827685816018,0.6031539738000018,2.2291220286492863,-0.7294208365230338
2022-12-01 00:00:00,0,0,0.5228852350690315,0.0,-0.5055827685816018,0.6031539738000018,2.2291220286492863,-0.7294208365230338
2022-12-02 00:00:00,1,1,0.5540175878219139,-0.00040679021019200006,-0.5059895587917937,0.6029086665658949,2.2291220286492863,-0.7295308830933669
2022-12-03 00:00:00,0,0,0.5111892887878173,0.0,-0.5059895587917937,0.6029086665658949,2.2291220286492863,-0.7295308830933669
2022-12-04 00:00:00,1,1,0.565289044488544,0.0146898034747837,-0.49129975531701003,0.6118306470215626,2.2291220286492863,-0.7255284191900901
2022-12-05 00:00:00,0,0,0.4945907141287361,0.0,-0.49129975531701003,0.6118306470215626,2.2291220286492863,-0.7255284191900901
2022-12-06 00:00:00,0,0,0.5472699510126462,0.0,-0.49129975531701003,0.6118306470215626,2.2291220286492863,-0.7255284191900901
2022-12-07 00:00:00,0,0,0.4930640442947699,0.0,-0.49129975531701003,0.6118306470215626,2.2291220286492863,-0.7255284191900901
2022-12-08 00:00:00,0,0,0.49340271033580657,0.0,-0.49129975531701003,0.6118306470215626,2.2291220286492863,-0.7255284191900901
2022-12-09 00:00:00,0,0,0.5148777390830103,0.0,-0.49129975531701003,0.6118306470215626,2.2291220286492863,-0.7255284191900901
2022-12-10 00:00:00,1,1,0.5727014948120477,-0.0016887512501107,-0.49298850656712073,0.6107982891946812,2.2291220286492863,-0.7259915422554106
2022-12-11 00:00:00,1,1,0.5621817059095517,-0.012194755312096801,-0.5051832618792176,0.6033949859948926,2.2291220286492863,-0.7293127167378479
2022-12-12 00:00:00,-1,-1,0.43379483517180867,-0.013246062151720701,-0.5184293240309383,0.5954550808400388,2.2291220286492863,-0.7328746146747073
2022-12-13 00:00:00,0,0,0.5002677453177797,0.0,-0.5184293240309383,0.5954550808400388,2.2291220286492863,-0.7328746146747073
2022-12-14 00:00:00,0,0,0.4555279141647825,0.0,-0.5184293240309383,0.5954550808400388,2.2291220286492863,-0.7328746146747073
2022-12-15 00:00:00,1,1,0.5740354301562308,-0.0217102256353133,-0.5401395496662517,0.5826669357238498,2.2291220286492863,-0.7386114675485438
2022-12-16 00:00:00,1,1,0.618136729006083,-0.043306722215455604,-0.5834462718817073,0.5579721256495096,2.2291220286492863,-0.7496897350264817
2022-12-17 00:00:00,1,1,0.6092926108437934,0.0014829166594536002,-0.5819633552222537,0.5588001656155349,2.2291220286492863,-0.7493182704070561
2022-12-18 00:00:00,0,0,0.5407205675082908,0.0,-0.5819633552222537,0.5588001656155349,2.2291220286492863,-0.7493182704070561
2022-12-19 00:00:00,1,1,0.5554654931743598,-0.0198486877500007,-0.6018120429722544,0.5478180662932038,2.2291220286492863,-0.7542449182895794
2022-12-20 00:00:00,0,0,0.521280272792437,0.0,-0.6018120429722544,0.5478180662932038,2.2291220286492863,-0.7542449182895794
2022-12-21 00:00:00,0,0,0.5038764782643393,0.0,-0.6018120429722544,0.5478180662932038,2.2291220286492863,-0.7542449182895794
2022-12-22 00:00:00,0,0,0.49948123521731236,0.0,-0.6018120429722544,0.5478180662932038,2.2291220286492863,-0.7542449182895794
2022-12-23 00:00:00,0,0,0.5367917872559033,0.0,-0.6018120429722544,0.5478180662932038,2.2291220286492863,-0.7542449182895794
2022-12-24 00:00:00,1,1,0.5551467984161816,0.0012603365892147,-0.6005517063830398,0.5485089367195733,2.2291220286492863,-0.7539349889014659
2022-12-25 00:00:00,1,1,0.5668683789889631,-0.0017405993372599,-0.6022923057202997,0.5475550328508947,2.2291220286492863,-0.7543629169630162
2022-12-26 00:00:00,0,0,0.5054396791885842,0.0,-0.6022923057202997,0.5475550328508947,2.2291220286492863,-0.7543629169630162
2022-12-27 00:00:00,1,1,0.5710938169692069,-0.0119761858561063,-0.614268491576406,0.54103652336336,2.2291220286492863,-0.7572871666917241
2022-12-28 00:00:00,0,0,0.46723609004865957,0.0,-0.614268491576406,0.54103652336336,2.2291220286492863,-0.7572871666917241
2022-12-29 00:00:00,0,0,0.5267158133088554,0.0,-0.614268491576406,0.54103652336336,2.2291220286492863,-0.7572871666917241
2022-12-30 00:00:00,1,1,0.5975438326868506,-0.003962979405797,-0.618231470982203,0.5388966497017086,2.2291220286492863,-0.7582471292393771
2022-12-31 00:00:00,0,0,0.512613506045194,0.0,-0.618231470982203,0.5388966497017086,2.2291220286492863,-0.7582471292393771
2023-01-01 00:00:00,1,1,0.5657240440913364,0.0025436938203106,-0.6156877771618924,0.5402691826911153,2.2291220286492863,-0.7576314011761456
2023-01-02 00:00:00,0,0,0.49844322868330465,0.0,-0.6156877771618924,0.5402691826911153,2.2291220286492863,-0.7576314011761456
2023-01-03 00:00:00,0,0,0.45294430527687574,0.0,-0.6156877771618924,0.5402691826911153,2.2291220286492863,-0.7576314011761456
2023-01-04 00:00:00,0,0,0.5217167572417991,0.0,-0.6156877771618924,0.5402691826911153,2.2291220286492863,-0.7576314011761456
2023-01-05 00:00:00,0,0,0.47151516934131926,0.0,-0.6156877771618924,0.5402691826911153,2.2291220286492863,-0.7576314011761456
2023-01-06 00:00:00,1,1,0.5537243843205595,0.0059980863622968,-0.6096896907995956,0.543519502011044,2.2291220286492863,-0.7561732848064922
2023-01-07 00:00:00,0,0,0.4627921092065312,0.0,-0.6096896907995956,0.543519502011044,2.2291220286492863,-0.7561732848064922
2023-01-08 00:00:00,0,0,0.5179018437023407,0.0,-0.6096896907995956,0.543519502011044,2.2291220286492863,-0.7561732848064922
2023-01-09 00:00:00,0,0,0.4770114192280933,0.0,-0.6096896907995956,0.543519502011044,2.2291220286492863,-0.7561732848064922
2023-01-10 00:00:00,0,0,0.46082970875456947,0.0,-0.6096896907995956,0.543519502011044,2.2291220286492863,-0.7561732848064922
2023-01-11 00:00:00,-1,-1,0.4465901615015924,-0.0456801053916077,-0.6553697961912033,0.5192500104030243,2.2291220286492863,-0.7670607513947281
2023-01-12 00:00:00,1,1,0.555751571253287,0.0264082376287196,-0.6289615585624837,0.5331451536647828,2.2291220286492863,-0.7608272912776173
2023-01-13 00:00:00,0,0,0.493938426667899,0.0,-0.6289615585624837,0.5331451536647828,2.2291220286492863,-0.7608272912776173
2023-01-14 00:00:00,-1,-1,0.43043295634114237,0.0049829189055334,-0.6239786396569503,0.5358084025965102,2.2291220286492863,-0.7596325388605227
2023-01-15 00:00:00,1,1,0.550015236991399,0.008562145460480002,-0.6154164941964704,0.5404157683993258,2.2291220286492863,-0.7575656417846334
2023-01-16 00:00:00,0,0,0.48399854322850594,0.0,-0.6154164941964704,0.5404157683993258,2.2291220286492863,-0.7575656417846334
2023-01-17 00:00:00,0,0,0.4893915789467213,0.0,-0.6154164941964704,0.5404157683993258,2.2291220286492863,-0.7575656417846334
2023-01-18 00:00:00,0,0,0.4920037888741279,0.0,-0.6154164941964704,0.5404157683993258,2.2291220286492863,-0.7575656417846334
2023-01-19 00:00:00,1,1,0.5542777123106017,0.0162814265123684,-0.599135067684102,0.5492865263577871,2.2291220286492863,-0.7535861566579998
2023-01-20 00:00:00,0,0,0.4929863002669394,0.0,-0.599135067684102,0.5492865263577871,2.2291220286492863,-0.7535861566579998
2023-01-21 00:00:00,0,0,0.5448165704390907,0.0,-0.599135067684102,0.5492865263577871,2.2291220286492863,-0.7535861566579998
2023-01-22 00:00:00,0,0,0.530109908117592,0.0,-0.599135067684102,0.5492865263577871,2.2291220286492863,-0.7535861566579998
2023-01-23 00:00:00,0,0,0.5309235194916436,0.0,-0.599135067684102,0.5492865263577871,2.2291220286492863,-0.7535861566579998
2023-01-24 00:00:00,0,0,0.4851890457893703,0.0,-0.599135067684102,0.5492865263577871,2.2291220286492863,-0.7535861566579998
2023-01-25 00:00:00,1,1,0.5503627830845558,0.0246347022807357,-0.5745003654033662,0.5629860858741438,2.2291220286492863,-0.7474404368004566
2023-01-26 00:00:00,0,0,0.4942191040657093,0.0,-0.5745003654033662,0.5629860858741438,2.2291220286492863,-0.7474404368004566
2023-01-27 00:00:00,1,1,0.5650899452198406,0.008824430859707098,-0.5656759345436592,0.567976102310184,2.2291220286492863,-0.7452018799283306
2023-01-28 00:00:00,0,0,0.47471088918924453,0.0,-0.5656759345436592,0.567976102310184,2.2291220286492863,-0.7452018799283306
2023-01-29 00:00:00,0,0,0.5298663747615939,0.0,-0.5656759345436592,0.567976102310184,2.2291220286492863,-0.7452018799283306
2023-01-30 00:00:00,0,0,0.4811918224234657,0.0,-0.5656759345436592,0.567976102310184,2.2291220286492863,-0.7452018799283306
2023-01-31 00:00:00,1,1,0.5519724804807195,0.010212807275519199,-0.55546312726814,0.5738064542343703,2.2291220286492863,-0.7425863425780856
2023-02-01 00:00:00,0,0,0.49386986448357806,0.0,-0.55546312726814,0.5738064542343703,2.2291220286492863,-0.7425863425780856
2023-02-02 00:00:00,1,1,0.5549147186059833,-0.027684593137927302,-0.5831477204060672,0.5581387339203233,2.2291220286492863,-0.7496149933709453
2023-02-03 00:00:00,1,1,0.5958344874166153,-0.0070297187703244,-0.5901774391763916,0.5542289340835396,2.2291220286492863,-0.7513689573919966
2023-02-04 00:00:00,1,1,0.5553707606494681,-0.0061517919277211,-0.5963292311041127,0.5508298987992187,2.2291220286492863,-0.7528937888012401
2023-02-05 00:00:00,1,1,0.5846631609188887,-0.011208644235523601,-0.6075378753396363,0.5446903149131437,2.2291220286492863,-0.755648049809461
2023-02-06 00:00:00,0,0,0.5436826229059276,0.0,-0.6075378753396363,0.5446903149131437,2.2291220286492863,-0.755648049809461
2023-02-07 00:00:00,1,1,0.5570853189996894,0.0220388497142328,-0.5854990256254036,0.5568279210666122,2.2291220286492863,-0.7502030333422274
2023-02-08 00:00:00,0,0,0.4831723478105684,0.0,-0.5854990256254036,0.5568279210666122,2.2291220286492863,-0.7502030333422274
2023-02-09 00:00:00,0,0,0.5308771137568279,0.0,-0.5854990256254036,0.5568279210666122,2.2291220286492863,-0.7502030333422274
2023-02-10 00:00:00,0,0,0.5263486201954053,0.0,-0.5854990256254036,0.5568279210666122,2.2291220286492863,-0.7502030333422274
2023-02-11 00:00:00,1,1,0.5505286832546362,0.0063032498562703,-0.5791957757691333,0.56034883151175,2.2291220286492863,-0.748623527868823
2023-02-12 00:00:00,0,0,0.48063906555537167,0.0,-0.5791957757691333,0.56034883151175,2.2291220286492863,-0.748623527868823
2023-02-13 00:00:00,0,0,0.5091400096025728,0.0,-0.5791957757691333,0.56034883151175,2.2291220286492863,-0.748623527868823
2023-02-14 00:00:00,0,0,0.4933127180055381,0.0,-0.5791957757691333,0.56034883151175,2.2291220286492863,-0.748623527868823
2023-02-15 00:00:00,0,0,0.47757234845476415,0.0,-0.5791957757691333,0.56034883151175,2.2291220286492863,-0.748623527868823
2023-02-16 00:00:00,1,1,0.567875345366084,-0.0370230383641097,-0.616218814133243,0.5399823559451687,2.2291220286492863,-0.7577600736948593
2023-02-17 00:00:00,1,1,0.5954264066393719,0.0370374282946001,-0.5791813858386429,0.5603568949505018,2.2291220286492863,-0.7486199105528357
2023-02-18 00:00:00,0,0,0.4647210668319635,0.0,-0.5791813858386429,0.5603568949505018,2.2291220286492863,-0.7486199105528357
2023-02-19 00:00:00,0,0,0.47427736508268536,0.0,-0.5791813858386429,0.5603568949505018,2.2291220286492863,-0.7486199105528357
2023-02-20 00:00:00,1,1,0.5536885571375675,0.025393802544449798,-0.5537875832941931,0.5747686980968063,2.2291220286492863,-0.7421546731360052
2023-02-21 00:00:00,0,0,0.4775227745744658,0.0,-0.5537875832941931,0.5747686980968063,2.2291220286492863,-0.7421546731360052
2023-02-22 00:00:00,1,1,0.5520573790621466,-0.0126705131156697,-0.5664580964098628,0.5675320267541645,2.2291220286492863,-0.7454010953819092
2023-02-23 00:00:00,0,0,0.5073951427028336,0.0,-0.5664580964098628,0.5675320267541645,2.2291220286492863,-0.7454010953819092
2023-02-24 00:00:00,1,1,0.55711743091266,-0.0346630807133411,-0.6011211771232039,0.548196665852393,2.2291220286492863,-0.7540750758339744
2023-02-25 00:00:00,1,1,0.557878057298803,-0.003924116473306601,-0.6050452935965105,0.5460496935250946,2.2291220286492863,-0.7550382228935364
2023-02-26 00:00:00,0,0,0.49868015044744474,0.0,-0.6050452935965105,0.5460496935250946,2.2291220286492863,-0.7550382228935364
2023-02-27 00:00:00,0,0,0.48269396033748735,0.0,-0.6050452935965105,0.5460496935250946,2.2291220286492863,-0.7550382228935364
2023-02-28 00:00:00,0,0,0.5038405768717285,0.0,-0.6050452935965105,0.5460496935250946,2.2291220286492863,-0.7550382228935364
2023-03-01 00:00:00,1,1,0.5528655670501432,0.0206652535688193,-0.5843800400276912,0.5574513522308855,2.2291220286492863,-0.7499233576868525
2023-03-02 00:00:00,0,0,0.49022239978370796,0.0,-0.5843800400276912,0.5574513522308855,2.2291220286492863,-0.7499233576868525
2023-03-03 00:00:00,0,0,0.5092881082342379,0.0,-0.5843800400276912,0.5574513522308855,2.2291220286492863,-0.7499233576868525
2023-03-04 00:00:00,0,0,0.5094254349872209,0.0,-0.5843800400276912,0.5574513522308855,2.2291220286492863,-0.7499233576868525
2023-03-05 00:00:00,0,0,0.5365588794918719,0.0,-0.5843800400276912,0.5574513522308855,2.2291220286492863,-0.7499233576868525
2023-03-06 00:00:00,0,0,0.48090548972025726,0.0,-0.5843800400276912,0.5574513522308855,2.2291220286492863,-0.7499233576868525
2023-03-07 00:00:00,0,0,0.49257953294384493,0.0,-0.5843800400276912,0.5574513522308855,2.2291220286492863,-0.7499233576868525
2023-03-08 00:00:00,0,0,0.5200256322874459,0.0,-0.5843800400276912,0.5574513522308855,2.2291220286492863,-0.7499233576868525
2023-03-09 00:00:00,1,1,0.5569525145962998,-0.0774790265855112,-0.6618590666132024,0.5158913660308955,2.2291220286492863,-0.7685674631534216
2023-03-10 00:00:00,0,0,0.5289568505746638,0.0,-0.6618590666132024,0.5158913660308955,2.2291220286492863,-0.7685674631534216
2023-03-11 00:00:00,-1,-1,0.35259353609420485,-0.012673762696257002,-0.6745328293094593,0.5093943391341117,2.2291220286492863,-0.7714820756390919
2023-03-12 00:00:00,0,0,0.45787732358848854,0.0,-0.6745328293094593,0.5093943391341117,2.2291220286492863,-0.7714820756390919
2023-03-13 00:00:00,1,1,0.5772895842443868,0.0728461988418985,-0.6016866304675609,0.5478867738373165,2.2291220286492863,-0.7542140955965058
2023-03-14 00:00:00,-1,-1,0.41890869830343486,-0.023655545308090102,-0.625342175775651,0.5350783063562815,2.2291220286492863,-0.7599600652277854
2023-03-15 00:00:00,1,1,0.5676801236709474,-0.022153341649259303,-0.6474955174249103,0.5233548699285603,2.2291220286492863,-0.7652192822096502
2023-03-16 00:00:00,1,1,0.5726307962477359,0.0281343341675824,-0.6193611832573279,0.5382881952954344,2.2291220286492863,-0.7585200862145691
2023-03-17 00:00:00,0,0,0.4986623946854066,0.0,-0.6193611832573279,0.5382881952954344,2.2291220286492863,-0.7585200862145691
2023-03-18 00:00:00,-1,-1,0.43232322622370023,0.0191074134710125,-0.6002537697863154,0.5486723819524016,2.2291220286492863,-0.7538616662072717
2023-03-19 00:00:00,1,1,0.5945540267761764,0.0262471863358521,-0.5740065834504633,0.5632641468881894,2.2291220286492863,-0.7473156966514329
2023-03-20 00:00:00,0,0,0.4911566574711,0.0,-0.5740065834504633,0.5632641468881894,2.2291220286492863,-0.7473156966514329
2023-03-21 00:00:00,0,0,0.49704219000392696,0.0,-0.5740065834504633,0.5632641468881894,2.2291220286492863,-0.7473156966514329
2023-03-22 00:00:00,0,0,0.48713984957823414,0.0,-0.5740065834504633,0.5632641468881894,2.2291220286492863,-0.7473156966514329
2023-03-23 00:00:00,1,1,0.5880567984854512,0.030452810822512902,-0.5435537726279503,0.5806809730816891,2.2291220286492863,-0.739502384517932
2023-03-24 00:00:00,0,0,0.49444193120442537,0.0,-0.5435537726279503,0.5806809730816891,2.2291220286492863,-0.739502384517932
2023-03-25 02:00:00,1,1,0.5731582193995263,-0.0013631138684526,-0.5449168864964029,0.5798899780247786,2.2291220286492863,-0.7398572305275917
2023-03-26 02:00:00,0,0,0.48822951073654147,0.0,-0.5449168864964029,0.5798899780247786,2.2291220286492863,-0.7398572305275917
2023-03-27 02:00:00,0,0,0.48348023400620943,0.0,-0.5449168864964029,0.5798899780247786,2.2291220286492863,-0.7398572305275917
2023-03-28 02:00:00,1,1,0.5554315613188042,0.012132764862134899,-0.532784121634268,0.5869685009692721,2.2291220286492863,-0.7366817547781628
2023-03-29 02:00:00,0,0,0.48166306529461766,0.0,-0.532784121634268,0.5869685009692721,2.2291220286492863,-0.7366817547781628
2023-03-30 02:00:00,0,0,0.5018813519897182,0.0,-0.532784121634268,0.5869685009692721,2.2291220286492863,-0.7366817547781628
2023-03-31 02:00:00,1,1,0.5837043909140229,0.014391414210131799,-0.5183927074241362,0.595476884783793,2.2291220286492863,-0.7328648332704262
2023-04-01 02:00:00,0,0,0.47425925854440343,0.0,-0.5183927074241362,0.595476884783793,2.2291220286492863,-0.7328648332704262
2023-04-02 02:00:00,0,0,0.5045477647273736,0.0,-0.5183927074241362,0.595476884783793,2.2291220286492863,-0.7328648332704262
2023-04-03 02:00:00,0,0,0.5469691870850616,0.0,-0.5183927074241362,0.595476884783793,2.2291220286492863,-0.7328648332704262
2023-04-04 02:00:00,0,0,0.5208179015265865,0.0,-0.5183927074241362,0.595476884783793,2.2291220286492863,-0.7328648332704262
2023-04-05 02:00:00,0,0,0.48985142518336167,0.0,-0.5183927074241362,0.595476884783793,2.2291220286492863,-0.7328648332704262
2023-04-06 02:00:00,1,1,0.5502659985403829,-0.0018031118785409,-0.5201958193026771,0.5944041407688241,2.2291220286492863,-0.7333460738670295
2023-04-07 02:00:00,0,0,0.49432285468926324,0.0,-0.5201958193026771,0.5944041407688241,2.2291220286492863,-0.7333460738670295
2023-04-08 02:00:00,0,0,0.5019139040831548,0.0,-0.5201958193026771,0.5944041407688241,2.2291220286492863,-0.7333460738670295
2023-04-09 02:00:00,0,0,0.487606384336747,0.0,-0.5201958193026771,0.5944041407688241,2.2291220286492863,-0.7333460738670295
2023-04-10 02:00:00,0,0,0.4762332519659076,0.0,-0.5201958193026771,0.5944041407688241,2.2291220286492863,-0.7333460738670295
2023-04-11 02:00:00,0,0,0.5293330981786729,0.0,-0.5201958193026771,0.5944041407688241,2.2291220286492863,-0.7333460738670295
2023-04-12 02:00:00,0,0,0.5347763685031269,0.0,-0.5201958193026771,0.5944041407688241,2.2291220286492863,-0.7333460738670295
2023-04-13 02:00:00,0,0,0.4893643282085651,0.0,-0.5201958193026771,0.5944041407688241,2.2291220286492863,-0.7333460738670295
2023-04-14 02:00:00,0,0,0.5045249303218504,0.0,-0.5201958193026771,0.5944041407688241,2.2291220286492863,-0.7333460738670295
2023-04-15 02:00:00,1,1,0.560273352186019,-0.004819001346971601,-0.5250148206496487,0.5915465971969798,2.2291220286492863,-0.7346279882418902
2023-04-16 02:00:00,1,1,0.5890298627271665,-0.0091016696153392,-0.5341164902649879,0.586186963315103,2.2291220286492863,-0.7370323581296727
2023-04-17 02:00:00,0,0,0.5494244613172027,0.0,-0.5341164902649879,0.586186963315103,2.2291220286492863,-0.7370323581296727
2023-04-18 02:00:00,0,0,0.5285985727368802,0.0,-0.5341164902649879,0.586186963315103,2.2291220286492863,-0.7370323581296727
2023-04-19 02:00:00,0,0,0.47585511427140764,0.0,-0.5341164902649879,0.586186963315103,2.2291220286492863,-0.7370323581296727
2023-04-20 02:00:00,1,1,0.5576304696844232,-0.0183743409594634,-0.5524908312244513,0.5755145140603718,2.2291220286492863,-0.7418200947890238
2023-04-21 02:00:00,0,0,0.5413433461646225,0.0,-0.5524908312244513,0.5755145140603718,2.2291220286492863,-0.7418200947890238
2023-04-22 02:00:00,0,0,0.5302550982044907,0.0,-0.5524908312244513,0.5755145140603718,2.2291220286492863,-0.7418200947890238
2023-04-23 02:00:00,0,0,0.4739222214756674,0.0,-0.5524908312244513,0.5755145140603718,2.2291220286492863,-0.7418200947890238
2023-04-24 02:00:00,0,0,0.4888261442502857,0.0,-0.5524908312244513,0.5755145140603718,2.2291220286492863,-0.7418200947890238
2023-04-25 02:00:00,0,0,0.516431407077328,0.0,-0.5524908312244513,0.5755145140603718,2.2291220286492863,-0.7418200947890238
2023-04-26 02:00:00,0,0,0.5049708909073158,0.0,-0.5524908312244513,0.5755145140603718,2.2291220286492863,-0.7418200947890238
2023-04-27 02:00:00,0,0,0.543406342678735,0.0,-0.5524908312244513,0.5755145140603718,2.2291220286492863,-0.7418200947890238
2023-04-28 02:00:00,0,0,0.4966936571262092,0.0,-0.5524908312244513,0.5755145140603718,2.2291220286492863,-0.7418200947890238
2023-04-29 02:00:00,0,0,0.4822016305229473,0.0,-0.5524908312244513,0.5755145140603718,2.2291220286492863,-0.7418200947890238
2023-04-30 02:00:00,0,0,0.5432970378880454,0.0,-0.5524908312244513,0.5755145140603718,2.2291220286492863,-0.7418200947890238
2023-05-01 02:00:00,0,0,0.5377193929803656,0.0,-0.5524908312244513,0.5755145140603718,2.2291220286492863,-0.7418200947890238
2023-05-02 02:00:00,1,1,0.5665245383998151,0.0166977480803371,-0.5357930831441142,0.5852049898414632,2.2291220286492863,-0.7374728784156952
2023-05-03 02:00:00,0,0,0.4859023017261426,0.0,-0.5357930831441142,0.5852049898414632,2.2291220286492863,-0.7374728784156952
2023-05-04 02:00:00,0,0,0.49489767547152513,0.0,-0.5357930831441142,0.5852049898414632,2.2291220286492863,-0.7374728784156952
2023-05-05 02:00:00,0,0,0.5025445330543454,0.0,-0.5357930831441142,0.5852049898414632,2.2291220286492863,-0.7374728784156952
2023-05-06 02:00:00,0,0,0.47392471700901373,0.0,-0.5357930831441142,0.5852049898414632,2.2291220286492863,-0.7374728784156952
2023-05-07 02:00:00,1,1,0.5559877785723865,-0.019606807291770202,-0.5553998904358844,0.5738427410841844,2.2291220286492863,-0.7425700640391147
2023-05-08 02:00:00,0,0,0.5452228583991277,0.0,-0.5553998904358844,0.5738427410841844,2.2291220286492863,-0.7425700640391147
2023-05-09 02:00:00,1,1,0.5565225031224387,9.16003368393e-05,-0.5553082900990451,0.5738953076800828,2.2291220286492863,-0.7425464822902366
2023-05-10 02:00:00,0,0,0.48141457038599156,0.0,-0.5553082900990451,0.5738953076800828,2.2291220286492863,-0.7425464822902366
2023-05-11 02:00:00,1,1,0.5596354987997446,-0.0326537711733181,-0.5879620612723633,0.5554581216726665,2.2291220286492863,-0.7508175350950882
2023-05-12 02:00:00,1,1,0.5732865633162102,0.0039877842300587,-0.5839742770423045,0.5576775912523808,2.2291220286492863,-0.7498218652523478
2023-05-13 02:00:00,0,0,0.4660210543253106,0.0,-0.5839742770423045,0.5576775912523808,2.2291220286492863,-0.7498218652523478
2023-05-14 02:00:00,1,1,0.5589936559970128,0.0120226911557577,-0.5719515858865468,0.5644228434894665,2.2291220286492863,-0.7467958971131461
2023-05-15 02:00:00,0,0,0.48480447750579997,0.0,-0.5719515858865468,0.5644228434894665,2.2291220286492863,-0.7467958971131461
2023-05-16 02:00:00,0,0,0.5124764305484739,0.0,-0.5719515858865468,0.5644228434894665,2.2291220286492863,-0.7467958971131461
2023-05-17 02:00:00,0,0,0.4894325221586715,0.0,-0.5719515858865468,0.5644228434894665,2.2291220286492863,-0.7467958971131461
2023-05-18 02:00:00,0,0,0.4821201339707461,0.0,-0.5719515858865468,0.5644228434894665,2.2291220286492863,-0.7467958971131461
2023-05-19 02:00:00,1,1,0.5720344545989738,0.0004011494848093001,-0.5715504364017375,0.5646493068421387,2.2291220286492863,-0.7466943040420797
2023-05-20 02:00:00,1,1,0.5588845445355466,0.011180159642964899,-0.5603702767587726,0.5709975975610133,2.2291220286492863,-0.7438464156639268
2023-05-21 02:00:00,0,0,0.4631729685928248,0.0,-0.5603702767587726,0.5709975975610133,2.2291220286492863,-0.7438464156639268
2023-05-22 02:00:00,0,0,0.5019041790227092,0.0,-0.5603702767587726,0.5709975975610133,2.2291220286492863,-0.7438464156639268
2023-05-23 02:00:00,0,0,0.4918838540770493,0.0,-0.5603702767587726,0.5709975975610133,2.2291220286492863,-0.7438464156639268
2023-05-24 02:00:00,0,0,0.47442270781559576,0.0,-0.5603702767587726,0.5709975975610133,2.2291220286492863,-0.7438464156639268
2023-05-25 02:00:00,0,0,0.5477797302913773,0.0,-0.5603702767587726,0.5709975975610133,2.2291220286492863,-0.7438464156639268
2023-05-26 02:00:00,0,0,0.48496638939101105,0.0,-0.5603702767587726,0.5709975975610133,2.2291220286492863,-0.7438464156639268
2023-05-27 02:00:00,0,0,0.4616074462922135,0.0,-0.5603702767587726,0.5709975975610133,2.2291220286492863,-0.7438464156639268
2023-05-28 02:00:00,0,0,0.4575059333803647,0.0,-0.5603702767587726,0.5709975975610133,2.2291220286492863,-0.7438464156639268
2023-05-29 02:00:00,0,0,0.4965627576411151,0.0,-0.5603702767587726,0.5709975975610133,2.2291220286492863,-0.7438464156639268
2023-05-30 02:00:00,0,0,0.48994451645355325,0.0,-0.5603702767587726,0.5709975975610133,2.2291220286492863,-0.7438464156639268
2023-05-31 02:00:00,0,0,0.4896723615774302,0.0,-0.5603702767587726,0.5709975975610133,2.2291220286492863,-0.7438464156639268
2023-06-01 02:00:00,1,1,0.5546437824132101,0.007970003289755001,-0.5524002734690177,0.5755666337228688,2.2291220286492863,-0.741796713537649
2023-06-02 02:00:00,0,0,0.4962080534506951,0.0,-0.5524002734690177,0.5755666337228688,2.2291220286492863,-0.741796713537649
2023-06-03 02:00:00,0,0,0.4758302194877504,0.0,-0.5524002734690177,0.5755666337228688,2.2291220286492863,-0.741796713537649
2023-06-04 02:00:00,0,0,0.5404533375331048,0.0,-0.5524002734690177,0.5755666337228688,2.2291220286492863,-0.741796713537649
2023-06-05 02:00:00,0,0,0.4921787829679035,0.0,-0.5524002734690177,0.5755666337228688,2.2291220286492863,-0.741796713537649
2023-06-06 02:00:00,0,0,0.5350940007789476,0.0,-0.5524002734690177,0.5755666337228688,2.2291220286492863,-0.741796713537649
2023-06-07 02:00:00,0,0,0.48854487099397953,0.0,-0.5524002734690177,0.5755666337228688,2.2291220286492863,-0.741796713537649
2023-06-08 02:00:00,1,1,0.5537146300913319,0.0016871552437941,-0.5507131182252235,0.5765385236211367,2.2291220286492863,-0.7413607168152727
2023-06-09 02:00:00,0,0,0.5217111027768001,0.0,-0.5507131182252235,0.5765385236211367,2.2291220286492863,-0.7413607168152727
2023-06-10 02:00:00,1,1,0.5628824333546838,-0.0225082530525624,-0.5732213712777859,0.5637066024407683,2.2291220286492863,-0.7471172079429225
2023-06-11 02:00:00,0,0,0.5094394543366877,0.0,-0.5732213712777859,0.5637066024407683,2.2291220286492863,-0.7471172079429225
2023-06-12 02:00:00,0,0,0.5131281460169379,0.0,-0.5732213712777859,0.5637066024407683,2.2291220286492863,-0.7471172079429225
2023-06-13 02:00:00,0,0,0.48610417714771426,0.0,-0.5732213712777859,0.5637066024407683,2.2291220286492863,-0.7471172079429225
2023-06-14 02:00:00,0,0,0.49499062698864843,0.0,-0.5732213712777859,0.5637066024407683,2.2291220286492863,-0.7471172079429225
2023-06-15 02:00:00,1,1,0.5592901927690761,0.0176064756797472,-0.5556148955980388,0.5737193751952133,2.2291220286492863,-0.7426254068545306
2023-06-16 02:00:00,0,0,0.48822032006300353,0.0,-0.5556148955980388,0.5737193751952133,2.2291220286492863,-0.7426254068545306
2023-06-17 02:00:00,0,0,0.4668824395688161,0.0,-0.5556148955980388,0.5737193751952133,2.2291220286492863,-0.7426254068545306
2023-06-18 02:00:00,0,0,0.48430365696623584,0.0,-0.5556148955980388,0.5737193751952133,2.2291220286492863,-0.7426254068545306
2023-06-19 02:00:00,0,0,0.49195382141335403,0.0,-0.5556148955980388,0.5737193751952133,2.2291220286492863,-0.7426254068545306
2023-06-20 02:00:00,0,0,0.478843392413433,0.0,-0.5556148955980388,0.5737193751952133,2.2291220286492863,-0.7426254068545306
2023-06-21 02:00:00,1,1,0.5674955221571448,0.055816732530092096,-0.49979816306794667,0.6066530923554849,2.2291220286492863,-0.7278511070463558
2023-06-22 02:00:00,0,0,0.4721087061800682,0.0,-0.49979816306794667,0.6066530923554849,2.2291220286492863,-0.7278511070463558
2023-06-23 02:00:00,1,1,0.5579031234190053,0.0244103502530371,-0.47538781281490955,0.6216439282300541,2.2291220286492863,-0.7211261114283937
2023-06-24 02:00:00,0,0,0.4673256165270599,0.0,-0.47538781281490955,0.6216439282300541,2.2291220286492863,-0.7211261114283937
2023-06-25 02:00:00,0,0,0.5113346958334267,0.0,-0.47538781281490955,0.6216439282300541,2.2291220286492863,-0.7211261114283937
2023-06-26 02:00:00,0,0,0.5089086380755815,0.0,-0.47538781281490955,0.6216439282300541,2.2291220286492863,-0.7211261114283937
2023-06-27 02:00:00,0,0,0.48662898972730373,0.0,-0.47538781281490955,0.6216439282300541,2.2291220286492863,-0.7211261114283937
2023-06-28 02:00:00,0,0,0.519258976513772,0.0,-0.47538781281490955,0.6216439282300541,2.2291220286492863,-0.7211261114283937
2023-06-29 02:00:00,0,0,0.5201323568946965,0.0,-0.47538781281490955,0.6216439282300541,2.2291220286492863,-0.7211261114283937
2023-06-30 02:00:00,0,0,0.49799492069511736,0.0,-0.47538781281490955,0.6216439282300541,2.2291220286492863,-0.7211261114283937
2023-07-01 02:00:00,0,0,0.5470267838963616,0.0,-0.47538781281490955,0.6216439282300541,2.2291220286492863,-0.7211261114283937
2023-07-02 02:00:00,0,0,0.5327728074827115,0.0,-0.47538781281490955,0.6216439282300541,2.2291220286492863,-0.7211261114283937
2023-07-03 02:00:00,0,0,0.48862895149130214,0.0,-0.47538781281490955,0.6216439282300541,2.2291220286492863,-0.7211261114283937
2023-07-04 02:00:00,0,0,0.47819495799690903,0.0,-0.47538781281490955,0.6216439282300541,2.2291220286492863,-0.7211261114283937
2023-07-05 02:00:00,0,0,0.5014361241745194,0.0,-0.47538781281490955,0.6216439282300541,2.2291220286492863,-0.7211261114283937
2023-07-06 02:00:00,0,0,0.5178807941706712,0.0,-0.47538781281490955,0.6216439282300541,2.2291220286492863,-0.7211261114283937
2023-07-07 02:00:00,1,1,0.5760014688428823,0.0073509145808889,-0.46803689823402067,0.6262304164347943,2.2291220286492863,-0.719068580191524
2023-07-08 02:00:00,0,0,0.4866232419487333,0.0,-0.46803689823402067,0.6262304164347943,2.2291220286492863,-0.719068580191524
2023-07-09 02:00:00,0,0,0.5314851648122463,0.0,-0.46803689823402067,0.6262304164347943,2.2291220286492863,-0.719068580191524
2023-07-10 02:00:00,0,0,0.5253788970004846,0.0,-0.46803689823402067,0.6262304164347943,2.2291220286492863,-0.719068580191524
2023-07-11 02:00:00,0,0,0.49130959467436097,0.0,-0.46803689823402067,0.6262304164347943,2.2291220286492863,-0.719068580191524
2023-07-12 02:00:00,0,0,0.4729286677856799,0.0,-0.46803689823402067,0.6262304164347943,2.2291220286492863,-0.719068580191524
2023-07-13 02:00:00,0,0,0.5365571421512614,0.0,-0.46803689823402067,0.6262304164347943,2.2291220286492863,-0.719068580191524
2023-07-14 02:00:00,0,0,0.49540354862860453,0.0,-0.46803689823402067,0.6262304164347943,2.2291220286492863,-0.719068580191524
2023-07-15 02:00:00,1,1,0.5695228799736715,-0.0022124076694039,-0.47024930590342456,0.6248464709489686,2.2291220286492863,-0.7196894279818373
2023-07-16 02:00:00,1,1,0.5822289841282613,-0.0006694979644042,-0.47091880386782875,0.6244282775140504,2.2291220286492863,-0.7198770325317648
2023-07-17 02:00:00,0,0,0.5375686060759532,0.0,-0.47091880386782875,0.6244282775140504,2.2291220286492863,-0.7198770325317648
2023-07-18 02:00:00,0,0,0.5140794776493908,0.0,-0.47091880386782875,0.6244282775140504,2.2291220286492863,-0.7198770325317648
2023-07-19 02:00:00,0,0,0.4918757368661388,0.0,-0.47091880386782875,0.6244282775140504,2.2291220286492863,-0.7198770325317648
2023-07-20 02:00:00,0,0,0.486864840059369,0.0,-0.47091880386782875,0.6244282775140504,2.2291220286492863,-0.7198770325317648
2023-07-21 02:00:00,0,0,0.53019273970711,0.0,-0.47091880386782875,0.6244282775140504,2.2291220286492863,-0.7198770325317648
2023-07-22 02:00:00,0,0,0.4854781746105034,0.0,-0.47091880386782875,0.6244282775140504,2.2291220286492863,-0.7198770325317648
2023-07-23 02:00:00,0,0,0.5140061181931588,0.0,-0.47091880386782875,0.6244282775140504,2.2291220286492863,-0.7198770325317648
2023-07-24 02:00:00,0,0,0.5013480571364811,0.0,-0.47091880386782875,0.6244282775140504,2.2291220286492863,-0.7198770325317648
2023-07-25 02:00:00,0,0,0.5392556409714045,0.0,-0.47091880386782875,0.6244282775140504,2.2291220286492863,-0.7198770325317648
2023-07-26 02:00:00,0,0,0.4797232461752153,0.0,-0.47091880386782875,0.6244282775140504,2.2291220286492863,-0.7198770325317648
2023-07-27 02:00:00,0,0,0.46629552420950554,0.0,-0.47091880386782875,0.6244282775140504,2.2291220286492863,-0.7198770325317648
2023-07-28 02:00:00,1,1,0.5696213334549053,0.004087619427689,-0.46683118444013977,0.6269859264589396,2.2291220286492863,-0.718729653020003
2023-07-29 02:00:00,0,0,0.47343802117198835,0.0,-0.46683118444013977,0.6269859264589396,2.2291220286492863,-0.718729653020003
2023-07-30 02:00:00,0,0,0.5145837374478656,0.0,-0.46683118444013977,0.6269859264589396,2.2291220286492863,-0.718729653020003
2023-07-31 02:00:00,0,0,0.48052692419983023,0.0,-0.46683118444013977,0.6269859264589396,2.2291220286492863,-0.718729653020003
2023-08-01 02:00:00,0,0,0.5207381908285773,0.0,-0.46683118444013977,0.6269859264589396,2.2291220286492863,-0.718729653020003
2023-08-02 02:00:00,0,0,0.5049538947014353,0.0,-0.46683118444013977,0.6269859264589396,2.2291220286492863,-0.718729653020003
2023-08-03 02:00:00,0,0,0.5389651072550061,0.0,-0.46683118444013977,0.6269859264589396,2.2291220286492863,-0.718729653020003
2023-08-04 02:00:00,0,0,0.5230637429053631,0.0,-0.46683118444013977,0.6269859264589396,2.2291220286492863,-0.718729653020003
2023-08-05 02:00:00,1,1,0.5669554177010362,-0.0016008120256466,-0.46843199646578637,0.6259830427762485,2.2291220286492863,-0.7191795537745609
2023-08-06 02:00:00,0,0,0.4977345438458703,0.0,-0.46843199646578637,0.6259830427762485,2.2291220286492863,-0.7191795537745609
2023-08-07 02:00:00,0,0,0.5199986781296715,0.0,-0.46843199646578637,0.6259830427762485,2.2291220286492863,-0.7191795537745609
2023-08-08 02:00:00,0,0,0.4682727452270751,0.0,-0.46843199646578637,0.6259830427762485,2.2291220286492863,-0.7191795537745609
2023-08-09 02:00:00,0,0,0.4912443307368772,0.0,-0.46843199646578637,0.6259830427762485,2.2291220286492863,-0.7191795537745609
2023-08-10 02:00:00,0,0,0.5225696173155759,0.0,-0.46843199646578637,0.6259830427762485,2.2291220286492863,-0.7191795537745609
2023-08-11 02:00:00,1,1,0.5752432702108005,-0.0003724099794555,-0.46880440644524185,0.6257499638473021,2.2291220286492863,-0.7192841146402071
2023-08-12 02:00:00,0,0,0.5310561644363131,0.0,-0.46880440644524185,0.6257499638473021,2.2291220286492863,-0.7192841146402071
2023-08-13 02:00:00,0,0,0.48950902827392145,0.0,-0.46880440644524185,0.6257499638473021,2.2291220286492863,-0.7192841146402071
2023-08-14 02:00:00,0,0,0.5153859456955949,0.0,-0.46880440644524185,0.6257499638473021,2.2291220286492863,-0.7192841146402071
2023-08-15 02:00:00,0,0,0.46867835493912785,0.0,-0.46880440644524185,0.6257499638473021,2.2291220286492863,-0.7192841146402071
2023-08-16 02:00:00,0,0,0.5093354233451921,0.0,-0.46880440644524185,0.6257499638473021,2.2291220286492863,-0.7192841146402071
2023-08-17 02:00:00,0,0,0.5256314246541829,0.0,-0.46880440644524185,0.6257499638473021,2.2291220286492863,-0.7192841146402071
2023-08-18 02:00:00,1,1,0.5531842033099719,-0.0192963231746009,-0.48810072961984274,0.6137910429903872,2.2291220286492863,-0.7246489716122416
2023-08-19 02:00:00,0,0,0.5407951609570414,0.0,-0.48810072961984274,0.6137910429903872,2.2291220286492863,-0.7246489716122416
2023-08-20 02:00:00,-1,-1,0.4239675721900142,-0.0011295233046042,-0.48923025292444694,0.6130981431001272,2.2291220286492863,-0.7249598114322939
2023-08-21 02:00:00,1,1,0.5572927821423732,-0.0022181051710535,-0.4914483580955004,0.6117397340425776,2.2291220286492863,-0.7255692033992167
2023-08-22 02:00:00,0,0,0.46824067209627174,0.0,-0.4914483580955004,0.6117397340425776,2.2291220286492863,-0.7255692033992167
2023-08-23 02:00:00,0,0,0.4942305396476448,0.0,-0.4914483580955004,0.6117397340425776,2.2291220286492863,-0.7255692033992167
2023-08-24 02:00:00,0,0,0.4957374248264935,0.0,-0.4914483580955004,0.6117397340425776,2.2291220286492863,-0.7255692033992167
2023-08-25 02:00:00,1,1,0.5505081913913968,-0.0031050836810493,-0.4945534417765497,0.6098431769853483,2.2291220286492863,-0.7264200123871745
2023-08-26 02:00:00,0,0,0.493577519166363,0.0,-0.4945534417765497,0.6098431769853483,2.2291220286492863,-0.7264200123871745
2023-08-27 02:00:00,1,1,0.555227611402261,0.00017008171631910005,-0.4943833600602306,0.6099469089807833,2.2291220286492863,-0.7263734774760742
2023-08-28 02:00:00,0,0,0.525305087736196,0.0,-0.4943833600602306,0.6099469089807833,2.2291220286492863,-0.7263734774760742
2023-08-29 02:00:00,0,0,0.4506382832559878,0.0,-0.4943833600602306,0.6099469089807833,2.2291220286492863,-0.7263734774760742
2023-08-30 02:00:00,0,0,0.5114458459823823,0.0,-0.4943833600602306,0.6099469089807833,2.2291220286492863,-0.7263734774760742
2023-08-31 02:00:00,0,0,0.5437090377543822,0.0,-0.4943833600602306,0.6099469089807833,2.2291220286492863,-0.7263734774760742
2023-09-01 02:00:00,0,0,0.5340340499829704,0.0,-0.4943833600602306,0.6099469089807833,2.2291220286492863,-0.7263734774760742
2023-09-02 02:00:00,1,1,0.5584310841130924,0.0028181168250093,-0.49156524323522127,0.6116682349369642,2.2291220286492863,-0.7256012784066388
2023-09-03 02:00:00,0,0,0.5024008070349927,0.0,-0.49156524323522127,0.6116682349369642,2.2291220286492863,-0.7256012784066388
2023-09-04 02:00:00,0,0,0.5353143934957006,0.0,-0.49156524323522127,0.6116682349369642,2.2291220286492863,-0.7256012784066388
2023-09-05 02:00:00,0,0,0.5112253836638182,0.0,-0.49156524323522127,0.6116682349369642,2.2291220286492863,-0.7256012784066388
2023-09-06 02:00:00,0,0,0.524380185146578,0.0,-0.49156524323522127,0.6116682349369642,2.2291220286492863,-0.7256012784066388
2023-09-07 02:00:00,0,0,0.4807933315600359,0.0,-0.49156524323522127,0.6116682349369642,2.2291220286492863,-0.7256012784066388
2023-09-08 02:00:00,0,0,0.4967169070489687,0.0,-0.49156524323522127,0.6116682349369642,2.2291220286492863,-0.7256012784066388
2023-09-09 02:00:00,0,0,0.5353162363945138,0.0,-0.49156524323522127,0.6116682349369642,2.2291220286492863,-0.7256012784066388
2023-09-10 02:00:00,0,0,0.5323008677329054,0.0,-0.49156524323522127,0.6116682349369642,2.2291220286492863,-0.7256012784066388
2023-09-11 02:00:00,0,0,0.5033031111230043,0.0,-0.49156524323522127,0.6116682349369642,2.2291220286492863,-0.7256012784066388
2023-09-12 02:00:00,0,0,0.5412283087536495,0.0,-0.49156524323522127,0.6116682349369642,2.2291220286492863,-0.7256012784066388
2023-09-13 02:00:00,0,0,0.49203662089546224,0.0,-0.49156524323522127,0.6116682349369642,2.2291220286492863,-0.7256012784066388
2023-09-14 02:00:00,0,0,0.4907438771482502,0.0,-0.49156524323522127,0.6116682349369642,2.2291220286492863,-0.7256012784066388
2023-09-15 02:00:00,0,0,0.4905134739762904,0.0,-0.49156524323522127,0.6116682349369642,2.2291220286492863,-0.7256012784066388
2023-09-16 02:00:00,0,0,0.46807962063553094,0.0,-0.49156524323522127,0.6116682349369642,2.2291220286492863,-0.7256012784066388
2023-09-17 02:00:00,1,1,0.5758695720784497,0.005041891672549,-0.4865233515626723,0.6147599875082943,2.2291220286492863,-0.7242142962084486
2023-09-18 02:00:00,0,0,0.48330801370471477,0.0,-0.4865233515626723,0.6147599875082943,2.2291220286492863,-0.7242142962084486
2023-09-19 02:00:00,0,0,0.49028505168927117,0.0,-0.4865233515626723,0.6147599875082943,2.2291220286492863,-0.7242142962084486
2023-09-20 02:00:00,0,0,0.48635773520384257,0.0,-0.4865233515626723,0.6147599875082943,2.2291220286492863,-0.7242142962084486
2023-09-21 02:00:00,0,0,0.537253688019936,0.0,-0.4865233515626723,0.6147599875082943,2.2291220286492863,-0.7242142962084486
2023-09-22 02:00:00,1,1,0.5693987123673361,-0.0018318078668415,-0.4883551594295138,0.6136348961171932,2.2291220286492863,-0.7247190202103835
2023-09-23 02:00:00,1,1,0.5885573018324414,0.000523763357202,-0.4878313960723118,0.6139563797738102,2.2291220286492863,-0.7245748003549941
2023-09-24 02:00:00,0,0,0.49452059713869206,0.0,-0.4878313960723118,0.6139563797738102,2.2291220286492863,-0.7245748003549941
2023-09-25 02:00:00,0,0,0.5360273918299581,0.0,-0.4878313960723118,0.6139563797738102,2.2291220286492863,-0.7245748003549941
2023-09-26 02:00:00,0,0,0.48504006123348536,0.0,-0.4878313960723118,0.6139563797738102,2.2291220286492863,-0.7245748003549941
2023-09-27 02:00:00,0,0,0.5206371671432085,0.0,-0.4878313960723118,0.6139563797738102,2.2291220286492863,-0.7245748003549941
2023-09-28 02:00:00,0,0,0.47341151014010036,0.0,-0.4878313960723118,0.6139563797738102,2.2291220286492863,-0.7245748003549941
2023-09-29 02:00:00,0,0,0.5042175686589763,0.0,-0.4878313960723118,0.6139563797738102,2.2291220286492863,-0.7245748003549941
2023-09-30 02:00:00,0,0,0.5104486960332536,0.0,-0.4878313960723118,0.6139563797738102,2.2291220286492863,-0.7245748003549941
2023-10-01 02:00:00,0,0,0.5403612546376642,0.0,-0.4878313960723118,0.6139563797738102,2.2291220286492863,-0.7245748003549941
2023-10-02 02:00:00,0,0,0.4855564876119091,0.0,-0.4878313960723118,0.6139563797738102,2.2291220286492863,-0.7245748003549941
2023-10-03 02:00:00,1,1,0.5547052771404374,-0.0072571640722101,-0.4950885601445219,0.6095169259989938,2.2291220286492863,-0.7265663709005987
2023-10-04 02:00:00,0,0,0.510601131357133,0.0,-0.4950885601445219,0.6095169259989938,2.2291220286492863,-0.7265663709005987
2023-10-05 02:00:00,0,0,0.4770281571087054,0.0,-0.4950885601445219,0.6095169259989938,2.2291220286492863,-0.7265663709005987
2023-10-06 02:00:00,1,1,0.5599391114419796,0.011168941258362701,-0.4839196188861592,0.6163627438450253,2.2291220286492863,-0.7234952883138013
2023-10-07 02:00:00,0,0,0.47680053775890685,0.0,-0.4839196188861592,0.6163627438450253,2.2291220286492863,-0.7234952883138013
2023-10-08 02:00:00,0,0,0.5305498259572959,0.0,-0.4839196188861592,0.6163627438450253,2.2291220286492863,-0.7234952883138013
2023-10-09 02:00:00,0,0,0.4724695205518456,0.0,-0.4839196188861592,0.6163627438450253,2.2291220286492863,-0.7234952883138013
2023-10-10 02:00:00,0,0,0.48283897562201683,0.0,-0.4839196188861592,0.6163627438450253,2.2291220286492863,-0.7234952883138013
2023-10-11 02:00:00,1,1,0.555579995720345,-0.0090571705577536,-0.4929767894439128,0.6108054460354195,2.2291220286492863,-0.7259883316457418
2023-10-12 02:00:00,0,0,0.5318600994351438,0.0,-0.4929767894439128,0.6108054460354195,2.2291220286492863,-0.7259883316457418
2023-10-13 02:00:00,1,1,0.5646943187490352,0.0025670307508102,-0.4904097586931026,0.6123754166174065,2.2291220286492863,-0.7252840316739102
2023-10-14 02:00:00,0,0,0.4820917969671959,0.0,-0.4904097586931026,0.6123754166174065,2.2291220286492863,-0.7252840316739102
2023-10-15 02:00:00,0,0,0.537403960650193,0.0,-0.4904097586931026,0.6123754166174065,2.2291220286492863,-0.7252840316739102
2023-10-16 02:00:00,0,0,0.5236128564414337,0.0,-0.4904097586931026,0.6123754166174065,2.2291220286492863,-0.7252840316739102
2023-10-17 02:00:00,0,0,0.4812198051236736,0.0,-0.4904097586931026,0.6123754166174065,2.2291220286492863,-0.7252840316739102
2023-10-18 02:00:00,0,0,0.4808454961317463,0.0,-0.4904097586931026,0.6123754166174065,2.2291220286492863,-0.7252840316739102
2023-10-19 02:00:00,0,0,0.522020632421536,0.0,-0.4904097586931026,0.6123754166174065,2.2291220286492863,-0.7252840316739102
2023-10-20 02:00:00,0,0,0.503509618421464,0.0,-0.4904097586931026,0.6123754166174065,2.2291220286492863,-0.7252840316739102
2023-10-21 02:00:00,0,0,0.48750471282544233,0.0,-0.4904097586931026,0.6123754166174065,2.2291220286492863,-0.7252840316739102
2023-10-22 02:00:00,0,0,0.48048035691570445,0.0,-0.4904097586931026,0.6123754166174065,2.2291220286492863,-0.7252840316739102
2023-10-23 02:00:00,0,0,0.4814713156452976,0.0,-0.4904097586931026,0.6123754166174065,2.2291220286492863,-0.7252840316739102
2023-10-24 02:00:00,0,0,0.4581335484783769,0.0,-0.4904097586931026,0.6123754166174065,2.2291220286492863,-0.7252840316739102
2023-10-25 02:00:00,1,1,0.5749396678387274,0.020747481996754198,-0.4696622766963484,0.625213381760499,2.2291220286492863,-0.7195248291815857
2023-10-26 02:00:00,0,0,0.4916413341265663,0.0,-0.4696622766963484,0.625213381760499,2.2291220286492863,-0.7195248291815857
2023-10-27 02:00:00,1,1,0.566255407578487,-0.000889118539208,-0.4705513952355564,0.6246577400041126,2.2291220286492863,-0.7197740940263295
2023-10-28 02:00:00,0,0,0.48884116731147326,0.0,-0.4705513952355564,0.6246577400041126,2.2291220286492863,-0.7197740940263295
2023-10-29 02:00:00,1,1,0.5647301384287466,0.0075545803371402,-0.4629968148984162,0.6293946371908261,2.2291220286492863,-0.7176490882501388
2023-10-30 02:00:00,0,0,0.48206564032352534,0.0,-0.4629968148984162,0.6293946371908261,2.2291220286492863,-0.7176490882501388
2023-10-31 02:00:00,0,0,0.4818499622698305,0.0,-0.4629968148984162,0.6293946371908261,2.2291220286492863,-0.7176490882501388
2023-11-01 02:00:00,0,0,0.48707422682408247,0.0,-0.4629968148984162,0.6293946371908261,2.2291220286492863,-0.7176490882501388
2023-11-02 02:00:00,0,0,0.49728833136488904,0.0,-0.4629968148984162,0.6293946371908261,2.2291220286492863,-0.7176490882501388
2023-11-03 02:00:00,1,1,0.5760695624372214,-0.0011107404703043,-0.4641075553687205,0.6286959312078472,2.2291220286492863,-0.7179625327246894
2023-11-04 02:00:00,0,0,0.5005420443602417,0.0,-0.4641075553687205,0.6286959312078472,2.2291220286492863,-0.7179625327246894
2023-11-05 02:00:00,0,0,0.4755091847280309,0.0,-0.4641075553687205,0.6286959312078472,2.2291220286492863,-0.7179625327246894
2023-11-06 02:00:00,0,0,0.5226861591673742,0.0,-0.4641075553687205,0.6286959312078472,2.2291220286492863,-0.7179625327246894
2023-11-07 02:00:00,0,0,0.4899155593131323,0.0,-0.4641075553687205,0.6286959312078472,2.2291220286492863,-0.7179625327246894
2023-11-08 02:00:00,0,0,0.4901766006435913,0.0,-0.4641075553687205,0.6286959312078472,2.2291220286492863,-0.7179625327246894
2023-11-09 02:00:00,0,0,0.5026870183980281,0.0,-0.4641075553687205,0.6286959312078472,2.2291220286492863,-0.7179625327246894
2023-11-10 02:00:00,0,0,0.4991310699720103,0.0,-0.4641075553687205,0.6286959312078472,2.2291220286492863,-0.7179625327246894
2023-11-11 02:00:00,0,0,0.48390406197765856,0.0,-0.4641075553687205,0.6286959312078472,2.2291220286492863,-0.7179625327246894
2023-11-12 02:00:00,1,1,0.5787305349554155,0.0055807340180895,-0.458526821350631,0.6322143244550429,2.2291220286492863,-0.7163841564841891
2023-11-13 02:00:00,0,0,0.5375198733568317,0.0,-0.458526821350631,0.6322143244550429,2.2291220286492863,-0.7163841564841891
2023-11-14 02:00:00,0,0,0.5472859070246525,0.0,-0.458526821350631,0.6322143244550429,2.2291220286492863,-0.7163841564841891
2023-11-15 02:00:00,1,1,0.5567097524550726,0.054548179389089,-0.403978641961542,0.6676583809900265,2.2291220286492863,-0.7004837005739936
2023-11-16 02:00:00,0,0,0.49125800547003906,0.0,-0.403978641961542,0.6676583809900265,2.2291220286492863,-0.7004837005739936
2023-11-17 02:00:00,1,1,0.5642674373646078,-0.002205049605008,-0.40618369156655,0.6661877831072516,2.2291220286492863,-0.7011434212460225
2023-11-18 02:00:00,0,0,0.5067788868313798,0.0,-0.40618369156655,0.6661877831072516,2.2291220286492863,-0.7011434212460225
2023-11-19 02:00:00,0,0,0.5072475936668821,0.0,-0.40618369156655,0.6661877831072516,2.2291220286492863,-0.7011434212460225
2023-11-20 02:00:00,0,0,0.48317167836081465,0.0,-0.40618369156655,0.6661877831072516,2.2291220286492863,-0.7011434212460225
2023-11-21 02:00:00,0,0,0.4832995637654766,0.0,-0.40618369156655,0.6661877831072516,2.2291220286492863,-0.7011434212460225
2023-11-22 02:00:00,1,1,0.5554419504027799,0.0273014527656701,-0.3788822388008799,0.6846262303252011,2.2291220286492863,-0.6928718026531534
2023-11-23 02:00:00,0,0,0.490295120809477,0.0,-0.3788822388008799,0.6846262303252011,2.2291220286492863,-0.6928718026531534
2023-11-24 02:00:00,0,0,0.4822463087727544,0.0,-0.3788822388008799,0.6846262303252011,2.2291220286492863,-0.6928718026531534
2023-11-25 02:00:00,0,0,0.47368394117766616,0.0,-0.3788822388008799,0.6846262303252011,2.2291220286492863,-0.6928718026531534
2023-11-26 02:00:00,1,1,0.554754019736885,-0.0124327400157279,-0.3913149788166078,0.6761671441670377,2.2291220286492863,-0.696666608881545
2023-11-27 02:00:00,0,0,0.5311982681987434,0.0,-0.3913149788166078,0.6761671441670377,2.2291220286492863,-0.696666608881545
2023-11-28 02:00:00,0,0,0.49480751614039375,0.0,-0.3913149788166078,0.6761671441670377,2.2291220286492863,-0.696666608881545
2023-11-29 02:00:00,0,0,0.4849256341899102,0.0,-0.3913149788166078,0.6761671441670377,2.2291220286492863,-0.696666608881545
2023-11-30 02:00:00,0,0,0.4979652534256252,0.0,-0.3913149788166078,0.6761671441670377,2.2291220286492863,-0.696666608881545
2023-12-01 02:00:00,0,0,0.4933272654578911,0.0,-0.3913149788166078,0.6761671441670377,2.2291220286492863,-0.696666608881545
2023-12-02 02:00:00,0,0,0.46345174475264694,0.0,-0.3913149788166078,0.6761671441670377,2.2291220286492863,-0.696666608881545
2023-12-03 02:00:00,0,0,0.4639712891668833,0.0,-0.3913149788166078,0.6761671441670377,2.2291220286492863,-0.696666608881545
2023-12-04 02:00:00,0,0,0.48557462823391045,0.0,-0.3913149788166078,0.6761671441670377,2.2291220286492863,-0.696666608881545
2023-12-05 02:00:00,0,0,0.48082156446375346,0.0,-0.3913149788166078,0.6761671441670377,2.2291220286492863,-0.696666608881545
2023-12-06 02:00:00,0,0,0.4861732197318605,0.0,-0.3913149788166078,0.6761671441670377,2.2291220286492863,-0.696666608881545
2023-12-07 02:00:00,0,0,0.4841915188952393,0.0,-0.3913149788166078,0.6761671441670377,2.2291220286492863,-0.696666608881545
2023-12-08 02:00:00,0,0,0.5115658589156172,0.0,-0.3913149788166078,0.6761671441670377,2.2291220286492863,-0.696666608881545
2023-12-09 02:00:00,0,0,0.48144588095527163,0.0,-0.3913149788166078,0.6761671441670377,2.2291220286492863,-0.696666608881545
2023-12-10 02:00:00,1,1,0.5683515040872027,-0.0428209855061667,-0.4341359643227745,0.647824168522794,2.2291220286492863,-0.7093814693871486
2023-12-11 02:00:00,0,0,0.4764364928026555,0.0,-0.4341359643227745,0.647824168522794,2.2291220286492863,-0.7093814693871486
2023-12-12 02:00:00,0,0,0.5094516576751359,0.0,-0.4341359643227745,0.647824168522794,2.2291220286492863,-0.7093814693871486
2023-12-13 02:00:00,1,1,0.554238765862567,0.0411235339878727,-0.3930124303349018,0.6750203568048826,2.2291220286492863,-0.6971810658504396
2023-12-14 02:00:00,0,0,0.4862167974857742,0.0,-0.3930124303349018,0.6750203568048826,2.2291220286492863,-0.6971810658504396
2023-12-15 02:00:00,0,0,0.4946853967319115,0.0,-0.3930124303349018,0.6750203568048826,2.2291220286492863,-0.6971810658504396
2023-12-16 02:00:00,1,1,0.5602773449148772,-0.0075427642526174,-0.4005551945875192,0.669947991265129,2.2291220286492863,-0.699456565116322
2023-12-17 02:00:00,1,1,0.5918728391795398,-0.0245213486927514,-0.4250765432802706,0.65371974536108,2.2291220286492863,-0.7067366716764292
2023-12-18 02:00:00,0,0,0.533585409013037,0.0,-0.4250765432802706,0.65371974536108,2.2291220286492863,-0.7067366716764292
2023-12-19 02:00:00,0,0,0.49213568675692604,0.0,-0.4250765432802706,0.65371974536108,2.2291220286492863,-0.7067366716764292
2023-12-20 02:00:00,1,1,0.5503812600791985,0.0214190901337405,-0.4036574531465301,0.6678728598365089,2.2291220286492863,-0.7003874838376616
2023-12-21 02:00:00,0,0,0.4845633463670979,0.0,-0.4036574531465301,0.6678728598365089,2.2291220286492863,-0.7003874838376616
2023-12-22 02:00:00,0,0,0.4955586536137944,0.0,-0.4036574531465301,0.6678728598365089,2.2291220286492863,-0.7003874838376616
2023-12-23 02:00:00,1,1,0.5672626992418968,0.0073803498436827005,-0.39627710330284743,0.6728202293955442,2.2291220286492863,-0.6981680586579494
2023-12-24 02:00:00,0,0,0.539012572182181,0.0,-0.39627710330284743,0.6728202293955442,2.2291220286492863,-0.6981680586579494
2023-12-25 02:00:00,0,0,0.5312653689438279,0.0,-0.39627710330284743,0.6728202293955442,2.2291220286492863,-0.6981680586579494
2023-12-26 02:00:00,0,0,0.4641628487096491,0.0,-0.39627710330284743,0.6728202293955442,2.2291220286492863,-0.6981680586579494
2023-12-27 02:00:00,1,1,0.5524527919992389,0.0256995580078182,-0.37057754529502923,0.6903355154525823,2.2291220286492863,-0.6903105767292228
2023-12-28 02:00:00,0,0,0.48356255175491003,0.0,-0.37057754529502923,0.6903355154525823,2.2291220286492863,-0.6903105767292228
2023-12-29 02:00:00,1,1,0.5599477214188056,-0.016836172847188902,-0.38741371814221814,0.678810200729966,2.2291220286492863,-0.6954809149047421
2023-12-30 02:00:00,1,1,0.5763039110034693,0.003254784471642,-0.38415893367057613,0.6810231810638848,2.2291220286492863,-0.69448815618383
2023-12-31 02:00:00,0,0,0.5082823555758545,0.0,-0.38415893367057613,0.6810231810638848,2.2291220286492863,-0.69448815618383
2024-01-01 00:00:00,0,0,0.4758628409111388,0.0,-0.38415893367057613,0.6810231810638848,2.2291220286492863,-0.69448815618383
2024-01-02 00:00:00,1,1,0.578124659832254,0.0007653531337380999,-0.38339358053683803,0.6815446038004704,2.2291220286492863,-0.6942542422348025
2024-01-03 00:00:00,0,0,0.5170443126047278,0.0,-0.38339358053683803,0.6815446038004704,2.2291220286492863,-0.6942542422348025
2024-01-04 00:00:00,0,0,0.5409546267237595,0.0,-0.38339358053683803,0.6815446038004704,2.2291220286492863,-0.6942542422348025
2024-01-05 00:00:00,0,0,0.47782804262548,0.0,-0.38339358053683803,0.6815446038004704,2.2291220286492863,-0.6942542422348025
2024-01-06 00:00:00,0,0,0.4880033196041905,0.0,-0.38339358053683803,0.6815446038004704,2.2291220286492863,-0.6942542422348025
2024-01-07 00:00:00,0,0,0.4745382930707079,0.0,-0.38339358053683803,0.6815446038004704,2.2291220286492863,-0.6942542422348025
2024-01-08 00:00:00,0,0,0.5254571793355275,0.0,-0.38339358053683803,0.6815446038004704,2.2291220286492863,-0.6942542422348025
2024-01-09 00:00:00,0,0,0.48051338323032655,0.0,-0.38339358053683803,0.6815446038004704,2.2291220286492863,-0.6942542422348025
2024-01-10 00:00:00,1,1,0.5809215521592874,0.0165865635215245,-0.36680701701531354,0.6929433584193001,2.2291220286492863,-0.6891406798221891
2024-01-11 00:00:00,0,0,0.4822751009490566,0.0,-0.36680701701531354,0.6929433584193001,2.2291220286492863,-0.6891406798221891
2024-01-12 00:00:00,1,1,0.5927760565148524,-0.0794208271377779,-0.44622784415309147,0.6400379265479336,2.2291220286492863,-0.712874432928305
2024-01-13 00:00:00,0,0,0.4980759026108161,0.0,-0.44622784415309147,0.6400379265479336,2.2291220286492863,-0.712874432928305
2024-01-14 00:00:00,0,0,0.5229955761027425,0.0,-0.44622784415309147,0.6400379265479336,2.2291220286492863,-0.712874432928305
2024-01-15 00:00:00,1,1,0.5642007557745742,0.0065460052519803,-0.4396818389011112,0.6442413610188263,2.2291220286492863,-0.710988742321479
2024-01-16 00:00:00,0,0,0.5111558015823755,0.0,-0.4396818389011112,0.6442413610188263,2.2291220286492863,-0.710988742321479
2024-01-17 00:00:00,0,0,0.46865033342860196,0.0,-0.4396818389011112,0.6442413610188263,2.2291220286492863,-0.710988742321479
2024-01-18 00:00:00,0,0,0.5026998116456604,0.0,-0.4396818389011112,0.6442413610188263,2.2291220286492863,-0.710988742321479
2024-01-19 00:00:00,1,1,0.5656370627908602,0.0036341398720061997,-0.43604769902910495,0.6465868836332902,2.2291220286492863,-0.7099365241906102
2024-01-20 00:00:00,0,0,0.5054488924126795,0.0,-0.43604769902910495,0.6465868836332902,2.2291220286492863,-0.7099365241906102
2024-01-21 00:00:00,0,0,0.5378559236807049,0.0,-0.43604769902910495,0.6465868836332902,2.2291220286492863,-0.7099365241906102
2024-01-22 00:00:00,0,0,0.48825037968210155,0.0,-0.43604769902910495,0.6465868836332902,2.2291220286492863,-0.7099365241906102
2024-01-23 00:00:00,1,1,0.5649356985075935,0.0066830899085321,-0.42936460912057284,0.6509225536091805,2.2291220286492863,-0.7079915117955204
2024-01-24 00:00:00,0,0,0.4912829462286424,0.0,-0.42936460912057284,0.6509225536091805,2.2291220286492863,-0.7079915117955204
2024-01-25 00:00:00,0,0,0.506942986281208,0.0,-0.42936460912057284,0.6509225536091805,2.2291220286492863,-0.7079915117955204
2024-01-26 00:00:00,0,0,0.5398048421319271,0.0,-0.42936460912057284,0.6509225536091805,2.2291220286492863,-0.7079915117955204
2024-01-27 00:00:00,0,0,0.47195676798408187,0.0,-0.42936460912057284,0.6509225536091805,2.2291220286492863,-0.7079915117955204
2024-01-28 00:00:00,0,0,0.4864747049072754,0.0,-0.42936460912057284,0.6509225536091805,2.2291220286492863,-0.7079915117955204
2024-01-29 00:00:00,0,0,0.5279890070628416,0.0,-0.42936460912057284,0.6509225536091805,2.2291220286492863,-0.7079915117955204
2024-01-30 00:00:00,0,0,0.47309500876489846,0.0,-0.42936460912057284,0.6509225536091805,2.2291220286492863,-0.7079915117955204
2024-01-31 00:00:00,0,0,0.5167511206245894,0.0,-0.42936460912057284,0.6509225536091805,2.2291220286492863,-0.7079915117955204
2024-02-01 00:00:00,1,1,0.5615407956526861,0.0153334682295292,-0.41403114089104365,0.6609803674278105,2.2291220286492863,-0.7034795049653138
2024-02-02 00:00:00,0,0,0.4794564155405922,0.0,-0.41403114089104365,0.6609803674278105,2.2291220286492863,-0.7034795049653138
2024-02-03 00:00:00,0,0,0.47486984028120854,0.0,-0.41403114089104365,0.6609803674278105,2.2291220286492863,-0.7034795049653138
2024-02-04 00:00:00,1,1,0.6008906345375981,-0.0161624492518918,-0.43019359014293546,0.650383174763513,2.2291220286492863,-0.7082334809828217
2024-02-05 00:00:00,0,0,0.5310682790021557,0.0,-0.43019359014293546,0.650383174763513,2.2291220286492863,-0.7082334809828217
2024-02-06 00:00:00,0,0,0.5237356659853347,0.0,-0.43019359014293546,0.650383174763513,2.2291220286492863,-0.7082334809828217
2024-02-07 00:00:00,0,0,0.47104953328906135,0.0,-0.43019359014293546,0.650383174763513,2.2291220286492863,-0.7082334809828217
2024-02-08 00:00:00,0,0,0.52014241467457,0.0,-0.43019359014293546,0.650383174763513,2.2291220286492863,-0.7082334809828217
2024-02-09 00:00:00,0,0,0.47437232935519197,0.0,-0.43019359014293546,0.650383174763513,2.2291220286492863,-0.7082334809828217
2024-02-10 00:00:00,0,0,0.49968373272968486,0.0,-0.43019359014293546,0.650383174763513,2.2291220286492863,-0.7082334809828217
2024-02-11 00:00:00,0,0,0.4721302669707476,0.0,-0.43019359014293546,0.650383174763513,2.2291220286492863,-0.7082334809828217
2024-02-12 00:00:00,0,0,0.467138441149361,0.0,-0.43019359014293546,0.650383174763513,2.2291220286492863,-0.7082334809828217
2024-02-13 00:00:00,0,0,0.47498593575542447,0.0,-0.43019359014293546,0.650383174763513,2.2291220286492863,-0.7082334809828217
2024-02-14 00:00:00,0,0,0.5371174895723646,0.0,-0.43019359014293546,0.650383174763513,2.2291220286492863,-0.7082334809828217
2024-02-15 00:00:00,0,0,0.4796478190752491,0.0,-0.43019359014293546,0.650383174763513,2.2291220286492863,-0.7082334809828217
2024-02-16 00:00:00,1,1,0.5622357317021263,0.0007267485112837,-0.4294668416316518,0.6508560115634453,2.2291220286492863,-0.7080213630306167
2024-02-17 00:00:00,0,0,0.5174139884068506,0.0,-0.4294668416316518,0.6508560115634453,2.2291220286492863,-0.7080213630306167
2024-02-18 00:00:00,0,0,0.5107727732973678,0.0,-0.4294668416316518,0.6508560115634453,2.2291220286492863,-0.7080213630306167
2024-02-19 00:00:00,0,0,0.46985801970713237,0.0,-0.4294668416316518,0.6508560115634453,2.2291220286492863,-0.7080213630306167
2024-02-20 00:00:00,0,0,0.5315454719591735,0.0,-0.4294668416316518,0.6508560115634453,2.2291220286492863,-0.7080213630306167
2024-02-21 00:00:00,0,0,0.4851027863283942,0.0,-0.4294668416316518,0.6508560115634453,2.2291220286492863,-0.7080213630306167
2024-02-22 00:00:00,0,0,0.5156443317518559,0.0,-0.4294668416316518,0.6508560115634453,2.2291220286492863,-0.7080213630306167
2024-02-23 00:00:00,1,1,0.5821200962457207,-0.012073438143916,-0.44154027977556776,0.6430451883928227,2.2291220286492863,-0.7115253538710622
2024-02-24 00:00:00,1,1,0.582829422995649,0.010675909187042299,-0.43086437058852545,0.6499470567338166,2.2291220286492863,-0.7084291266334821
2024-02-25 00:00:00,0,0,0.469942435469704,0.0,-0.43086437058852545,0.6499470567338166,2.2291220286492863,-0.7084291266334821
2024-02-26 00:00:00,0,0,0.4916979272194945,0.0,-0.43086437058852545,0.6499470567338166,2.2291220286492863,-0.7084291266334821
2024-02-27 00:00:00,0,0,0.5195749863563512,0.0,-0.43086437058852545,0.6499470567338166,2.2291220286492863,-0.7084291266334821
2024-02-28 00:00:00,0,0,0.46538500392565996,0.0,-0.43086437058852545,0.6499470567338166,2.2291220286492863,-0.7084291266334821
2024-02-29 00:00:00,0,0,0.4523687169364873,0.0,-0.43086437058852545,0.6499470567338166,2.2291220286492863,-0.7084291266334821
2024-03-01 00:00:00,1,1,0.5658668189262533,0.0119060418496682,-0.41895832873885724,0.6577316032021503,2.2291220286492863,-0.7049369237086154
2024-03-02 00:00:00,0,0,0.4769950034130517,0.0,-0.41895832873885724,0.6577316032021503,2.2291220286492863,-0.7049369237086154
2024-03-03 00:00:00,1,1,0.5670178995677294,0.026516948270768097,-0.39244138046808913,0.6754059371720624,2.2291220286492863,-0.6970080917547086
2024-03-04 00:00:00,0,0,0.4759860745115851,0.0,-0.39244138046808913,0.6754059371720624,2.2291220286492863,-0.6970080917547086
2024-03-05 00:00:00,0,0,0.5193303926687262,0.0,-0.39244138046808913,0.6754059371720624,2.2291220286492863,-0.6970080917547086
2024-03-06 00:00:00,1,1,0.5675159721610231,0.0417309259907151,-0.35071045447737403,0.7041876187122051,2.2291220286492863,-0.6840964246632562
2024-03-07 00:00:00,0,0,0.4907902178931708,0.0,-0.35071045447737403,0.7041876187122051,2.2291220286492863,-0.6840964246632562
2024-03-08 00:00:00,0,0,0.4864598819657429,0.0,-0.35071045447737403,0.7041876187122051,2.2291220286492863,-0.6840964246632562
2024-03-09 00:00:00,0,0,0.4746525665522838,0.0,-0.35071045447737403,0.7041876187122051,2.2291220286492863,-0.6840964246632562
2024-03-10 00:00:00,0,0,0.4949815255931438,0.0,-0.35071045447737403,0.7041876187122051,2.2291220286492863,-0.6840964246632562
2024-03-11 00:00:00,0,0,0.5342255179426183,0.0,-0.35071045447737403,0.7041876187122051,2.2291220286492863,-0.6840964246632562
2024-03-12 00:00:00,0,0,0.4783030462483511,0.0,-0.35071045447737403,0.7041876187122051,2.2291220286492863,-0.6840964246632562
2024-03-13 00:00:00,1,1,0.563347448426352,0.0188558447005549,-0.33185460977681913,0.7175916460800473,2.2291220286492863,-0.6780832826299489
2024-03-14 00:00:00,0,0,0.4608298186688656,0.0,-0.33185460977681913,0.7175916460800473,2.2291220286492863,-0.6780832826299489
2024-03-15 00:00:00,0,0,0.534943098632467,0.0,-0.33185460977681913,0.7175916460800473,2.2291220286492863,-0.6780832826299489
2024-03-16 00:00:00,0,0,0.46955120575042997,0.0,-0.33185460977681913,0.7175916460800473,2.2291220286492863,-0.6780832826299489
2024-03-17 00:00:00,0,0,0.5362835249839991,0.0,-0.33185460977681913,0.7175916460800473,2.2291220286492863,-0.6780832826299489
2024-03-18 00:00:00,0,0,0.48985372350282963,0.0,-0.33185460977681913,0.7175916460800473,2.2291220286492863,-0.6780832826299489
2024-03-19 00:00:00,1,1,0.5566053288160904,-0.0602104999050381,-0.39206510968185726,0.6756601205129517,2.2291220286492863,-0.6968940632997284
2024-03-20 00:00:00,0,0,0.5410134640978901,0.0,-0.39206510968185726,0.6756601205129517,2.2291220286492863,-0.6968940632997284
2024-03-21 00:00:00,0,0,0.5164484793405543,0.0,-0.39206510968185726,0.6756601205129517,2.2291220286492863,-0.6968940632997284
2024-03-22 00:00:00,1,1,0.5842576367241286,-0.035355684230691,-0.4274207939125483,0.6521890572939123,2.2291220286492863,-0.7074233492326575
2024-03-23 00:00:00,0,0,0.5375078084953956,0.0,-0.4274207939125483,0.6521890572939123,2.2291220286492863,-0.7074233492326575
2024-03-24 00:00:00,0,0,0.5261535434396907,0.0,-0.4274207939125483,0.6521890572939123,2.2291220286492863,-0.7074233492326575
2024-03-25 00:00:00,0,0,0.46454540539750355,0.0,-0.4274207939125483,0.6521890572939123,2.2291220286492863,-0.7074233492326575
2024-03-26 00:00:00,0,0,0.4919501026555255,0.0,-0.4274207939125483,0.6521890572939123,2.2291220286492863,-0.7074233492326575
2024-03-27 00:00:00,0,0,0.4728054864679308,0.0,-0.4274207939125483,0.6521890572939123,2.2291220286492863,-0.7074233492326575
2024-03-28 00:00:00,0,0,0.5310948118684942,0.0,-0.4274207939125483,0.6521890572939123,2.2291220286492863,-0.7074233492326575
2024-03-29 00:00:00,0,0,0.47912577258247807,0.0,-0.4274207939125483,0.6521890572939123,2.2291220286492863,-0.7074233492326575
2024-03-30 00:00:00,0,0,0.5269772773317147,0.0,-0.4274207939125483,0.6521890572939123,2.2291220286492863,-0.7074233492326575
2024-03-31 00:00:00,0,0,0.5243350432856206,0.0,-0.4274207939125483,0.6521890572939123,2.2291220286492863,-0.7074233492326575
2024-04-01 00:00:00,0,0,0.48300801445991925,0.0,-0.4274207939125483,0.6521890572939123,2.2291220286492863,-0.7074233492326575
2024-04-02 00:00:00,1,1,0.5600953044742668,-0.059814278175339,-0.4872350720878873,0.6143226058723104,2.2291220286492863,-0.7244105087218788
2024-04-03 00:00:00,1,1,0.5537826258956072,0.012670282879355899,-0.4745647892085314,0.6221557664563286,2.2291220286492863,-0.7208964971588758
2024-04-04 00:00:00,0,0,0.4753571766854153,0.0,-0.4745647892085314,0.6221557664563286,2.2291220286492863,-0.7208964971588758
2024-04-05 00:00:00,0,0,0.4820672714203487,0.0,-0.4745647892085314,0.6221557664563286,2.2291220286492863,-0.7208964971588758
2024-04-06 00:00:00,0,0,0.49061891565049803,0.0,-0.4745647892085314,0.6221557664563286,2.2291220286492863,-0.7208964971588758
2024-04-07 00:00:00,0,0,0.4634542654725229,0.0,-0.4745647892085314,0.6221557664563286,2.2291220286492863,-0.7208964971588758
2024-04-08 00:00:00,0,0,0.4691975326870396,0.0,-0.4745647892085314,0.6221557664563286,2.2291220286492863,-0.7208964971588758
2024-04-09 00:00:00,0,0,0.47219659287883187,0.0,-0.4745647892085314,0.6221557664563286,2.2291220286492863,-0.7208964971588758
2024-04-10 00:00:00,0,0,0.5359056691858171,0.0,-0.4745647892085314,0.6221557664563286,2.2291220286492863,-0.7208964971588758
2024-04-11 00:00:00,0,0,0.47937247860936605,0.0,-0.4745647892085314,0.6221557664563286,2.2291220286492863,-0.7208964971588758
2024-04-12 00:00:00,0,0,0.5382339415601358,0.0,-0.4745647892085314,0.6221557664563286,2.2291220286492863,-0.7208964971588758
2024-04-13 00:00:00,0,0,0.5146949147013418,0.0,-0.4745647892085314,0.6221557664563286,2.2291220286492863,-0.7208964971588758
2024-04-14 00:00:00,1,1,0.5637839722393482,0.0270768885420456,-0.4474879006664858,0.6392319504841021,2.2291220286492863,-0.713235999524244
2024-04-15 00:00:00,0,0,0.4588152888017018,0.0,-0.4474879006664858,0.6392319504841021,2.2291220286492863,-0.713235999524244
2024-04-16 00:00:00,0,0,0.5391086522423498,0.0,-0.4474879006664858,0.6392319504841021,2.2291220286492863,-0.713235999524244
2024-04-17 00:00:00,0,0,0.4836619504435591,0.0,-0.4474879006664858,0.6392319504841021,2.2291220286492863,-0.713235999524244
2024-04-18 00:00:00,1,1,0.5593847758236989,0.018262138462106198,-0.4292257622043796,0.6510129384731144,2.2291220286492863,-0.707950964502563
2024-04-19 00:00:00,0,0,0.49676042277960675,0.0,-0.4292257622043796,0.6510129384731144,2.2291220286492863,-0.707950964502563
2024-04-20 00:00:00,0,0,0.5390632993135308,0.0,-0.4292257622043796,0.6510129384731144,2.2291220286492863,-0.707950964502563
2024-04-21 00:00:00,0,0,0.46745771023572785,0.0,-0.4292257622043796,0.6510129384731144,2.2291220286492863,-0.707950964502563
2024-04-22 00:00:00,0,0,0.47898835714811433,0.0,-0.4292257622043796,0.6510129384731144,2.2291220286492863,-0.707950964502563
2024-04-23 00:00:00,0,0,0.46755738438970323,0.0,-0.4292257622043796,0.6510129384731144,2.2291220286492863,-0.707950964502563
2024-04-24 00:00:00,0,0,0.49397072583802415,0.0,-0.4292257622043796,0.6510129384731144,2.2291220286492863,-0.707950964502563
2024-04-25 00:00:00,1,1,0.5549961641916226,-0.0048834704926928995,-0.43410923269707247,0.6478414861474509,2.2291220286492863,-0.7093737005775302
2024-04-26 00:00:00,0,0,0.5336015816069217,0.0,-0.43410923269707247,0.6478414861474509,2.2291220286492863,-0.7093737005775302
2024-04-27 00:00:00,1,1,0.5955808556006872,0.0058546788168441,-0.4282545538802284,0.651645514790059,2.2291220286492863,-0.707667186266641
2024-04-28 00:00:00,0,0,0.475458230680662,0.0,-0.4282545538802284,0.651645514790059,2.2291220286492863,-0.707667186266641
2024-04-29 00:00:00,0,0,0.5253657297514883,0.0,-0.4282545538802284,0.651645514790059,2.2291220286492863,-0.707667186266641
2024-04-30 00:00:00,0,0,0.4836366601173999,0.0,-0.4282545538802284,0.651645514790059,2.2291220286492863,-0.707667186266641
2024-05-01 00:00:00,1,1,0.5618546712860497,-0.0429233470663917,-0.47117790094662004,0.6242665109289616,2.2291220286492863,-0.7199496021726413
2024-05-02 00:00:00,0,0,0.5365887238083606,0.0,-0.47117790094662004,0.6242665109289616,2.2291220286492863,-0.7199496021726413
2024-05-03 00:00:00,0,0,0.470001312980251,0.0,-0.47117790094662004,0.6242665109289616,2.2291220286492863,-0.7199496021726413
2024-05-04 00:00:00,0,0,0.4742135869560797,0.0,-0.47117790094662004,0.6242665109289616,2.2291220286492863,-0.7199496021726413
2024-05-05 00:00:00,0,0,0.5023997012153149,0.0,-0.47117790094662004,0.6242665109289616,2.2291220286492863,-0.7199496021726413
2024-05-06 00:00:00,0,0,0.46633929883165864,0.0,-0.47117790094662004,0.6242665109289616,2.2291220286492863,-0.7199496021726413
2024-05-07 00:00:00,0,0,0.5385831131500892,0.0,-0.47117790094662004,0.6242665109289616,2.2291220286492863,-0.7199496021726413
2024-05-08 00:00:00,1,1,0.5706454271580161,-0.020131935548922,-0.49130983649554205,0.6118244790786688,2.2291220286492863,-0.725531186173151
2024-05-09 00:00:00,1,1,0.562758649704696,0.0221935949714321,-0.46911624152410997,0.6255548634791244,2.2291220286492863,-0.7193716380533133
2024-05-10 00:00:00,0,0,0.47901143032267923,0.0,-0.46911624152410997,0.6255548634791244,2.2291220286492863,-0.7193716380533133
2024-05-11 00:00:00,0,0,0.5393338206542129,0.0,-0.46911624152410997,0.6255548634791244,2.2291220286492863,-0.7193716380533133
2024-05-12 00:00:00,0,0,0.5175671049516319,0.0,-0.46911624152410997,0.6255548634791244,2.2291220286492863,-0.7193716380533133
2024-05-13 00:00:00,0,0,0.4877506834382629,0.0,-0.46911624152410997,0.6255548634791244,2.2291220286492863,-0.7193716380533133
2024-05-14 00:00:00,0,0,0.46044448140345423,0.0,-0.46911624152410997,0.6255548634791244,2.2291220286492863,-0.7193716380533133
2024-05-15 00:00:00,0,0,0.5353128586990445,0.0,-0.46911624152410997,0.6255548634791244,2.2291220286492863,-0.7193716380533133
2024-05-16 00:00:00,0,0,0.5048507403160102,0.0,-0.46911624152410997,0.6255548634791244,2.2291220286492863,-0.7193716380533133
2024-05-17 00:00:00,1,1,0.5562260481880773,0.0198904436202563,-0.44922579790385364,0.6381219958162591,2.2291220286492863,-0.7137339330844429
2024-05-18 00:00:00,0,0,0.46785291541748913,0.0,-0.44922579790385364,0.6381219958162591,2.2291220286492863,-0.7137339330844429
2024-05-19 00:00:00,1,1,0.5581436365515322,-0.0076964582815072,-0.45692225618536086,0.6332295678313032,2.2291220286492863,-0.7159287110831692
2024-05-20 00:00:00,0,0,0.5148221444175607,0.0,-0.45692225618536086,0.6332295678313032,2.2291220286492863,-0.7159287110831692
2024-05-21 00:00:00,0,0,0.5463213257402324,0.0,-0.45692225618536086,0.6332295678313032,2.2291220286492863,-0.7159287110831692
2024-05-22 00:00:00,1,1,0.550564019291662,-0.009884183911627601,-0.46680644009698846,0.6270014410058028,2.2291220286492863,-0.7187226930839099
2024-05-23 00:00:00,1,1,0.5560739744457411,-0.024995156120583402,-0.49180159621757186,0.6115236824088112,2.2291220286492863,-0.7256661256991132
2024-05-24 00:00:00,0,0,0.5360311995870736,0.0,-0.49180159621757186,0.6115236824088112,2.2291220286492863,-0.7256661256991132
2024-05-25 00:00:00,0,0,0.4799053943502053,0.0,-0.49180159621757186,0.6115236824088112,2.2291220286492863,-0.7256661256991132
2024-05-26 00:00:00,0,0,0.49612828578294244,0.0,-0.49180159621757186,0.6115236824088112,2.2291220286492863,-0.7256661256991132
2024-05-27 00:00:00,0,0,0.4914017324009025,0.0,-0.49180159621757186,0.6115236824088112,2.2291220286492863,-0.7256661256991132
2024-05-28 00:00:00,0,0,0.47963937834183923,0.0,-0.49180159621757186,0.6115236824088112,2.2291220286492863,-0.7256661256991132
2024-05-29 00:00:00,0,0,0.5186425359113191,0.0,-0.49180159621757186,0.6115236824088112,2.2291220286492863,-0.7256661256991132
2024-05-30 00:00:00,0,0,0.5441360306126211,0.0,-0.49180159621757186,0.6115236824088112,2.2291220286492863,-0.7256661256991132
2024-05-31 00:00:00,0,0,0.4935285869424239,0.0,-0.49180159621757186,0.6115236824088112,2.2291220286492863,-0.7256661256991132
2024-06-01 00:00:00,1,1,0.5612031470604048,0.0024430014506807,-0.48935859476689114,0.613019462003989,2.2291220286492863,-0.7249951083317578
2024-06-02 00:00:00,0,0,0.4960960360892358,0.0,-0.48935859476689114,0.613019462003989,2.2291220286492863,-0.7249951083317578
2024-06-03 00:00:00,0,0,0.49066546929501614,0.0,-0.48935859476689114,0.613019462003989,2.2291220286492863,-0.7249951083317578
2024-06-04 00:00:00,0,0,0.46716796897924523,0.0,-0.48935859476689114,0.613019462003989,2.2291220286492863,-0.7249951083317578
2024-06-05 00:00:00,0,0,0.47332327799750556,0.0,-0.48935859476689114,0.613019462003989,2.2291220286492863,-0.7249951083317578
2024-06-06 00:00:00,0,0,0.4785025035984902,0.0,-0.48935859476689114,0.613019462003989,2.2291220286492863,-0.7249951083317578
2024-06-07 00:00:00,1,1,0.5622188472854268,-0.0221228547330456,-0.5114814494999368,0.5996066335636474,2.2291220286492863,-0.7310121985887992
2024-06-08 00:00:00,1,1,0.5521269821373292,-0.0029153363966911003,-0.5143967858966279,0.5978611241309958,2.2291220286492863,-0.7317952465378202
2024-06-09 00:00:00,1,1,0.6212652137728406,0.0031964010099447,-0.5112003848866832,0.5997751854560909,2.2291220286492863,-0.7309365850107727
2024-06-10 00:00:00,0,0,0.5244733897108228,0.0,-0.5112003848866832,0.5997751854560909,2.2291220286492863,-0.7309365850107727
2024-06-11 00:00:00,0,0,0.4998312864535284,0.0,-0.5112003848866832,0.5997751854560909,2.2291220286492863,-0.7309365850107727
2024-06-12 00:00:00,0,0,0.5312570549517762,0.0,-0.5112003848866832,0.5997751854560909,2.2291220286492863,-0.7309365850107727
2024-06-13 00:00:00,0,0,0.5049702664096614,0.0,-0.5112003848866832,0.5997751854560909,2.2291220286492863,-0.7309365850107727
2024-06-14 00:00:00,1,1,0.5632035624985539,-0.0091573898503431,-0.5203577747370263,0.5943078815830865,2.2291220286492863,-0.7333892564225382
2024-06-15 00:00:00,0,0,0.548906236293818,0.0,-0.5203577747370263,0.5943078815830865,2.2291220286492863,-0.7333892564225382
2024-06-16 00:00:00,1,1,0.5666598333839734,0.0053580322709214,-0.5149997424661049,0.5975007484949127,2.2291220286492863,-0.7319569136118751
2024-06-17 00:00:00,0,0,0.48892110532325034,0.0,-0.5149997424661049,0.5975007484949127,2.2291220286492863,-0.7319569136118751
2024-06-18 00:00:00,1,1,0.553430495680414,-0.010281726940438302,-0.5252814694065432,0.5913888830602657,2.2291220286492863,-0.7346987399255968
2024-06-19 00:00:00,0,0,0.5476972040697043,0.0,-0.5252814694065432,0.5913888830602657,2.2291220286492863,-0.7346987399255968
2024-06-20 00:00:00,0,0,0.5020742219178955,0.0,-0.5252814694065432,0.5913888830602657,2.2291220286492863,-0.7346987399255968
2024-06-21 00:00:00,1,1,0.5703092712662576,-0.0130342705529671,-0.5383157399595103,0.5837305789836397,2.2291220286492863,-0.7381343096154565
2024-06-22 00:00:00,0,0,0.5463953620365575,0.0,-0.5383157399595103,0.5837305789836397,2.2291220286492863,-0.7381343096154565
2024-06-23 00:00:00,0,0,0.5035746420420705,0.0,-0.5383157399595103,0.5837305789836397,2.2291220286492863,-0.7381343096154565
2024-06-24 00:00:00,0,0,0.5214507503249227,0.0,-0.5383157399595103,0.5837305789836397,2.2291220286492863,-0.7381343096154565
2024-06-25 00:00:00,0,0,0.5496771426876553,0.0,-0.5383157399595103,0.5837305789836397,2.2291220286492863,-0.7381343096154565
2024-06-26 00:00:00,0,0,0.4802822088625383,0.0,-0.5383157399595103,0.5837305789836397,2.2291220286492863,-0.7381343096154565
2024-06-27 00:00:00,0,0,0.5351177893035202,0.0,-0.5383157399595103,0.5837305789836397,2.2291220286492863,-0.7381343096154565
2024-06-28 00:00:00,0,0,0.48800841838718145,0.0,-0.5383157399595103,0.5837305789836397,2.2291220286492863,-0.7381343096154565
2024-06-29 00:00:00,1,1,0.5558899551959394,0.0031683127493712998,-0.535147427210139,0.5855829529196682,2.2291220286492863,-0.7373033214899876
2024-06-30 00:00:00,0,0,0.5359276831593922,0.0,-0.535147427210139,0.5855829529196682,2.2291220286492863,-0.7373033214899876
2024-07-01 00:00:00,0,0,0.46871955789688324,0.0,-0.535147427210139,0.5855829529196682,2.2291220286492863,-0.7373033214899876
2024-07-02 00:00:00,0,0,0.5127258779246607,0.0,-0.535147427210139,0.5855829529196682,2.2291220286492863,-0.7373033214899876
2024-07-03 00:00:00,1,1,0.5502847418813933,-0.028163852152175702,-0.5633112793623146,0.5693207591416991,2.2291220286492863,-0.74459865730784
2024-07-04 00:00:00,0,0,0.531982103117195,0.0,-0.5633112793623146,0.5693207591416991,2.2291220286492863,-0.74459865730784
2024-07-05 00:00:00,0,0,0.5429822144325452,0.0,-0.5633112793623146,0.5693207591416991,2.2291220286492863,-0.74459865730784
2024-07-06 00:00:00,-1,-1,0.4210295597519938,-0.024237864343192903,-0.5875491437055075,0.5556875274483358,2.2291220286492863,-0.750714622032133
2024-07-07 00:00:00,0,0,0.4625165452587445,0.0,-0.5875491437055075,0.5556875274483358,2.2291220286492863,-0.750714622032133
2024-07-08 00:00:00,0,0,0.5010424202873827,0.0,-0.5875491437055075,0.5556875274483358,2.2291220286492863,-0.750714622032133
2024-07-09 00:00:00,0,0,0.5052690420862275,0.0,-0.5875491437055075,0.5556875274483358,2.2291220286492863,-0.750714622032133
2024-07-10 00:00:00,0,0,0.47692868489016926,0.0,-0.5875491437055075,0.5556875274483358,2.2291220286492863,-0.750714622032133
2024-07-11 00:00:00,0,0,0.5000030812215749,0.0,-0.5875491437055075,0.5556875274483358,2.2291220286492863,-0.750714622032133
2024-07-12 00:00:00,1,1,0.5892750733754216,0.010434948208847598,-0.5771141954966599,0.5615164574170455,2.2291220286492863,-0.7480997225812305
2024-07-13 00:00:00,0,0,0.4829301965863105,0.0,-0.5771141954966599,0.5615164574170455,2.2291220286492863,-0.7480997225812305
2024-07-14 00:00:00,0,0,0.4603442715587322,0.0,-0.5771141954966599,0.5615164574170455,2.2291220286492863,-0.7480997225812305
2024-07-15 00:00:00,0,0,0.47621680271630906,0.0,-0.5771141954966599,0.5615164574170455,2.2291220286492863,-0.7480997225812305
2024-07-16 00:00:00,0,0,0.47643280684040035,0.0,-0.5771141954966599,0.5615164574170455,2.2291220286492863,-0.7480997225812305
2024-07-17 00:00:00,0,0,0.47016861334195076,0.0,-0.5771141954966599,0.5615164574170455,2.2291220286492863,-0.7480997225812305
2024-07-18 00:00:00,0,0,0.5450707596346194,0.0,-0.5771141954966599,0.5615164574170455,2.2291220286492863,-0.7480997225812305
2024-07-19 00:00:00,1,1,0.5894742644832657,0.0423829389161585,-0.5347312565805014,0.5858267060638214,2.2291220286492863,-0.7371939720954634
2024-07-20 00:00:00,0,0,0.4735833728183504,0.0,-0.5347312565805014,0.5858267060638214,2.2291220286492863,-0.7371939720954634
2024-07-21 00:00:00,0,0,0.4636187483575848,0.0,-0.5347312565805014,0.5858267060638214,2.2291220286492863,-0.7371939720954634
2024-07-22 00:00:00,0,0,0.4729095850863352,0.0,-0.5347312565805014,0.5858267060638214,2.2291220286492863,-0.7371939720954634
2024-07-23 00:00:00,0,0,0.5092065372280262,0.0,-0.5347312565805014,0.5858267060638214,2.2291220286492863,-0.7371939720954634
2024-07-24 00:00:00,1,1,0.5602423486083152,-0.0051112171814277,-0.5398424737619291,0.582840057744616,2.2291220286492863,-0.7385338037784401
2024-07-25 00:00:00,1,1,0.5692253045973689,0.012179992274637699,-0.5276624814872913,0.5899824540120024,2.2291220286492863,-0.7353296740019674
2024-07-26 00:00:00,0,0,0.4856867376704297,0.0,-0.5276624814872913,0.5899824540120024,2.2291220286492863,-0.7353296740019674
2024-07-27 00:00:00,0,0,0.4594904553059084,0.0,-0.5276624814872913,0.5899824540120024,2.2291220286492863,-0.7353296740019674
2024-07-28 00:00:00,0,0,0.5469185325675954,0.0,-0.5276624814872913,0.5899824540120024,2.2291220286492863,-0.7353296740019674
2024-07-29 00:00:00,0,0,0.4789227253196733,0.0,-0.5276624814872913,0.5899824540120024,2.2291220286492863,-0.7353296740019674
2024-07-30 00:00:00,0,0,0.5357644237389656,0.0,-0.5276624814872913,0.5899824540120024,2.2291220286492863,-0.7353296740019674
2024-07-31 00:00:00,0,0,0.5401677301072412,0.0,-0.5276624814872913,0.5899824540120024,2.2291220286492863,-0.7353296740019674
2024-08-01 00:00:00,1,1,0.5644283583004914,0.0028919677062219998,-0.5247705137810693,0.591691133748677,2.2291220286492863,-0.7345631481165675
2024-08-02 00:00:00,0,0,0.4965641452110133,0.0,-0.5247705137810693,0.591691133748677,2.2291220286492863,-0.7345631481165675
2024-08-03 00:00:00,0,0,0.5071794819907901,0.0,-0.5247705137810693,0.591691133748677,2.2291220286492863,-0.7345631481165675
2024-08-04 00:00:00,0,0,0.5442486273668548,0.0,-0.5247705137810693,0.591691133748677,2.2291220286492863,-0.7345631481165675
2024-08-05 00:00:00,0,0,0.5004950720143705,0.0,-0.5247705137810693,0.591691133748677,2.2291220286492863,-0.7345631481165675
2024-08-06 00:00:00,0,0,0.4640591534311208,0.0,-0.5247705137810693,0.591691133748677,2.2291220286492863,-0.7345631481165675
2024-08-07 00:00:00,0,0,0.46924787806484053,0.0,-0.5247705137810693,0.591691133748677,2.2291220286492863,-0.7345631481165675
2024-08-08 00:00:00,1,1,0.5596838820229619,0.10060301299876549,-0.4241675007823038,0.6543142745765937,2.2291220286492863,-0.7064699616408758
2024-08-09 00:00:00,0,0,0.4952047150250842,0.0,-0.4241675007823038,0.6543142745765937,2.2291220286492863,-0.7064699616408758
2024-08-10 00:00:00,0,0,0.5468078631458682,0.0,-0.4241675007823038,0.6543142745765937,2.2291220286492863,-0.7064699616408758
2024-08-11 00:00:00,0,0,0.4763661679024145,0.0,-0.4241675007823038,0.6543142745765937,2.2291220286492863,-0.7064699616408758
2024-08-12 00:00:00,0,0,0.5182047608706503,0.0,-0.4241675007823038,0.6543142745765937,2.2291220286492863,-0.7064699616408758
2024-08-13 00:00:00,0,0,0.4938891445874016,0.0,-0.4241675007823038,0.6543142745765937,2.2291220286492863,-0.7064699616408758
2024-08-14 00:00:00,0,0,0.46375913678574987,0.0,-0.4241675007823038,0.6543142745765937,2.2291220286492863,-0.7064699616408758
2024-08-15 00:00:00,0,0,0.5431768737542799,0.0,-0.4241675007823038,0.6543142745765937,2.2291220286492863,-0.7064699616408758
2024-08-16 00:00:00,1,1,0.5638858177863458,0.0284432485567333,-0.3957242522255705,0.6731923016249689,2.2291220286492863,-0.698001144408912
2024-08-17 00:00:00,0,0,0.4668592875839461,0.0,-0.3957242522255705,0.6731923016249689,2.2291220286492863,-0.698001144408912
2024-08-18 00:00:00,0,0,0.48541109597920573,0.0,-0.3957242522255705,0.6731923016249689,2.2291220286492863,-0.698001144408912
2024-08-19 00:00:00,0,0,0.5393266019329782,0.0,-0.3957242522255705,0.6731923016249689,2.2291220286492863,-0.698001144408912
2024-08-20 00:00:00,0,0,0.5060538345005384,0.0,-0.3957242522255705,0.6731923016249689,2.2291220286492863,-0.698001144408912
2024-08-21 00:00:00,1,1,0.5535285881054385,0.029537278315282498,-0.366186973910288,0.693373146400629,2.2291220286492863,-0.6889478738762582
2024-08-22 00:00:00,0,0,0.47057827847895833,0.0,-0.366186973910288,0.693373146400629,2.2291220286492863,-0.6889478738762582
2024-08-23 00:00:00,0,0,0.5219799220459196,0.0,-0.366186973910288,0.693373146400629,2.2291220286492863,-0.6889478738762582
2024-08-24 00:00:00,0,0,0.462255801380316,0.0,-0.366186973910288,0.693373146400629,2.2291220286492863,-0.6889478738762582
2024-08-25 00:00:00,0,0,0.4740530656925477,0.0,-0.366186973910288,0.693373146400629,2.2291220286492863,-0.6889478738762582
2024-08-26 00:00:00,0,0,0.5216073919654871,0.0,-0.366186973910288,0.693373146400629,2.2291220286492863,-0.6889478738762582
2024-08-27 00:00:00,0,0,0.5365402609829328,0.0,-0.366186973910288,0.693373146400629,2.2291220286492863,-0.6889478738762582
2024-08-28 00:00:00,-1,-1,0.43319854598586216,-0.0029762503117163,-0.36916322422200426,0.6913125622856413,2.2291220286492863,-0.6898722665692129
2024-08-29 00:00:00,0,0,0.504144949753169,0.0,-0.36916322422200426,0.6913125622856413,2.2291220286492863,-0.6898722665692129
2024-08-30 00:00:00,1,1,0.5700262275800504,-0.00029084010690470005,-0.369454064328909,0.6911115301016495,2.2291220286492863,-0.6899624510370922
2024-08-31 00:00:00,0,0,0.5185620517325489,0.0,-0.369454064328909,0.6911115301016495,2.2291220286492863,-0.6899624510370922
2024-09-01 00:00:00,1,1,0.5623163497426785,-0.026135252539963003,-0.395589316868872,0.6732831451971825,2.2291220286492863,-0.697960391336157
2024-09-02 00:00:00,1,1,0.5735786630318952,0.0296855769342998,-0.3659037399345722,0.6935695610478763,2.2291220286492863,-0.6888597608682117
2024-09-03 00:00:00,0,0,0.46534607262071254,0.0,-0.3659037399345722,0.6935695610478763,2.2291220286492863,-0.6888597608682117
2024-09-04 00:00:00,0,0,0.5444505207588944,0.0,-0.3659037399345722,0.6935695610478763,2.2291220286492863,-0.6888597608682117
2024-09-05 00:00:00,0,0,0.4830157812457685,0.0,-0.3659037399345722,0.6935695610478763,2.2291220286492863,-0.6888597608682117
2024-09-06 00:00:00,1,1,0.5622045030707614,-0.0422062364520078,-0.40810997638658,0.6649057508694047,2.2291220286492863,-0.7017185500282829
2024-09-07 00:00:00,1,1,0.5530781235862218,0.0031369220927144996,-0.4049730542938655,0.6669947832617568,2.2291220286492863,-0.7007813952357218
2024-09-08 00:00:00,1,1,0.5514966324467778,0.015623925981621399,-0.3893491283122441,0.6774976950920358,2.2291220286492863,-0.6960697142710672
2024-09-09 00:00:00,0,0,0.4725529530314525,0.0,-0.3893491283122441,0.6774976950920358,2.2291220286492863,-0.6960697142710672
2024-09-10 00:00:00,0,0,0.473276994397895,0.0,-0.3893491283122441,0.6774976950920358,2.2291220286492863,-0.6960697142710672
2024-09-11 00:00:00,0,0,0.46347877130397613,0.0,-0.3893491283122441,0.6774976950920358,2.2291220286492863,-0.6960697142710672
2024-09-12 00:00:00,0,0,0.4857126493679154,0.0,-0.3893491283122441,0.6774976950920358,2.2291220286492863,-0.6960697142710672
2024-09-13 00:00:00,0,0,0.48024478722421143,0.0,-0.3893491283122441,0.6774976950920358,2.2291220286492863,-0.6960697142710672
2024-09-14 00:00:00,0,0,0.47189464041367585,0.0,-0.3893491283122441,0.6774976950920358,2.2291220286492863,-0.6960697142710672
2024-09-15 00:00:00,0,0,0.48411710824202364,0.0,-0.3893491283122441,0.6774976950920358,2.2291220286492863,-0.6960697142710672
2024-09-16 00:00:00,0,0,0.5216613949311367,0.0,-0.3893491283122441,0.6774976950920358,2.2291220286492863,-0.6960697142710672
2024-09-17 00:00:00,1,1,0.5697919135871875,0.0432931445223423,-0.3460559837899018,0.7074728789847873,2.2291220286492863,-0.6826226335336728
2024-09-18 00:00:00,0,0,0.4649772207553716,0.0,-0.3460559837899018,0.7074728789847873,2.2291220286492863,-0.6826226335336728
2024-09-19 00:00:00,0,0,0.5075412439060045,0.0,-0.3460559837899018,0.7074728789847873,2.2291220286492863,-0.6826226335336728
2024-09-20 00:00:00,0,0,0.5087184664952008,0.0,-0.3460559837899018,0.7074728789847873,2.2291220286492863,-0.6826226335336728
2024-09-21 00:00:00,0,0,0.4998378911583048,0.0,-0.3460559837899018,0.7074728789847873,2.2291220286492863,-0.6826226335336728
2024-09-22 00:00:00,0,0,0.5134930669680984,0.0,-0.3460559837899018,0.7074728789847873,2.2291220286492863,-0.6826226335336728
2024-09-23 00:00:00,0,0,0.48643672552245676,0.0,-0.3460559837899018,0.7074728789847873,2.2291220286492863,-0.6826226335336728
2024-09-24 00:00:00,0,0,0.5440720359399915,0.0,-0.3460559837899018,0.7074728789847873,2.2291220286492863,-0.6826226335336728
2024-09-25 00:00:00,0,0,0.4645757131606344,0.0,-0.3460559837899018,0.7074728789847873,2.2291220286492863,-0.6826226335336728
2024-09-26 00:00:00,1,1,0.5611557254153935,0.0348257519274036,-0.3112302318624982,0.7325452012068987,2.2291220286492863,-0.6713750114206278
2024-09-27 00:00:00,0,0,0.469967039120978,0.0,-0.3112302318624982,0.7325452012068987,2.2291220286492863,-0.6713750114206278
2024-09-28 00:00:00,0,0,0.46607205864183,0.0,-0.3112302318624982,0.7325452012068987,2.2291220286492863,-0.6713750114206278
2024-09-29 00:00:00,0,0,0.5222250138500331,0.0,-0.3112302318624982,0.7325452012068987,2.2291220286492863,-0.6713750114206278
2024-09-30 00:00:00,0,0,0.5019673139425795,0.0,-0.3112302318624982,0.7325452012068987,2.2291220286492863,-0.6713750114206278
2024-10-01 00:00:00,1,1,0.5553702116141882,-0.040911621152996604,-0.35214185301549483,0.7031803666457656,2.2291220286492863,-0.6845482851058403
2024-10-02 00:00:00,0,0,0.5140969741964385,0.0,-0.35214185301549483,0.7031803666457656,2.2291220286492863,-0.6845482851058403
2024-10-03 00:00:00,0,0,0.5419948440922584,0.0,-0.35214185301549483,0.7031803666457656,2.2291220286492863,-0.6845482851058403
2024-10-04 00:00:00,1,1,0.5799154966828952,0.0261629244492026,-0.32597892856629224,0.7218203970621165,2.2291220286492863,-0.6761862348561078
2024-10-05 00:00:00,0,0,0.460418734045302,0.0,-0.32597892856629224,0.7218203970621165,2.2291220286492863,-0.6761862348561078
2024-10-06 00:00:00,0,0,0.5426282331019222,0.0,-0.32597892856629224,0.7218203970621165,2.2291220286492863,-0.6761862348561078
2024-10-07 00:00:00,0,0,0.48002575167683326,0.0,-0.32597892856629224,0.7218203970621165,2.2291220286492863,-0.6761862348561078
2024-10-08 00:00:00,0,0,0.5475422163124793,0.0,-0.32597892856629224,0.7218203970621165,2.2291220286492863,-0.6761862348561078
2024-10-09 00:00:00,1,1,0.5616553362578695,-0.0290035830301156,-0.3549825115964078,0.7011857057199609,2.2291220286492863,-0.6854431041871507
2024-10-10 00:00:00,1,1,0.5619786277146994,-0.0050387475708772,-0.360021259167285,0.6976614942109614,2.2291220286492863,-0.6870240905412872
2024-10-11 00:00:00,1,1,0.5526101233086258,0.0420189676843932,-0.31800229148289183,0.727601121127164,2.2291220286492863,-0.6735929609165243
2024-10-12 00:00:00,0,0,0.45875979448545195,0.0,-0.31800229148289183,0.727601121127164,2.2291220286492863,-0.6735929609165243
2024-10-13 00:00:00,0,0,0.503493590446055,0.0,-0.31800229148289183,0.727601121127164,2.2291220286492863,-0.6735929609165243
2024-10-14 00:00:00,0,0,0.5195368336876142,0.0,-0.31800229148289183,0.727601121127164,2.2291220286492863,-0.6735929609165243
2024-10-15 00:00:00,0,0,0.46995295926969344,0.0,-0.31800229148289183,0.727601121127164,2.2291220286492863,-0.6735929609165243
2024-10-16 00:00:00,0,0,0.4654828510824829,0.0,-0.31800229148289183,0.727601121127164,2.2291220286492863,-0.6735929609165243
2024-10-17 00:00:00,0,0,0.4649246886416097,0.0,-0.31800229148289183,0.727601121127164,2.2291220286492863,-0.6735929609165243
2024-10-18 00:00:00,0,0,0.5322170171073675,0.0,-0.31800229148289183,0.727601121127164,2.2291220286492863,-0.6735929609165243
2024-10-19 00:00:00,0,0,0.48558652411465714,0.0,-0.31800229148289183,0.727601121127164,2.2291220286492863,-0.6735929609165243
2024-10-20 00:00:00,0,0,0.5448537112556171,0.0,-0.31800229148289183,0.727601121127164,2.2291220286492863,-0.6735929609165243
2024-10-21 00:00:00,0,0,0.48437042512230544,0.0,-0.31800229148289183,0.727601121127164,2.2291220286492863,-0.6735929609165243
2024-10-22 00:00:00,1,1,0.560480433632519,-0.0005622682948481,-0.31856455977773995,0.7271921290778645,2.2291220286492863,-0.6737764376594049
2024-10-23 00:00:00,0,0,0.5421284629264642,0.0,-0.31856455977773995,0.7271921290778645,2.2291220286492863,-0.6737764376594049
2024-10-24 00:00:00,0,0,0.4920044277893072,0.0,-0.31856455977773995,0.7271921290778645,2.2291220286492863,-0.6737764376594049
2024-10-25 00:00:00,0,0,0.47287697465152745,0.0,-0.31856455977773995,0.7271921290778645,2.2291220286492863,-0.6737764376594049
2024-10-26 00:00:00,1,1,0.5922494408357525,0.0031696991685086,-0.31539486060923133,0.7295007662745452,2.2291220286492863,-0.6727407665893559
2024-10-27 00:00:00,0,0,0.5374299240940493,0.0,-0.31539486060923133,0.7295007662745452,2.2291220286492863,-0.6727407665893559
2024-10-28 00:00:00,0,0,0.48066278115863953,0.0,-0.31539486060923133,0.7295007662745452,2.2291220286492863,-0.6727407665893559
2024-10-29 00:00:00,0,0,0.46782274912326843,0.0,-0.31539486060923133,0.7295007662745452,2.2291220286492863,-0.6727407665893559
2024-10-30 00:00:00,0,0,0.4875539429387877,0.0,-0.31539486060923133,0.7295007662745452,2.2291220286492863,-0.6727407665893559
2024-10-31 00:00:00,0,0,0.5047357636238979,0.0,-0.31539486060923133,0.7295007662745452,2.2291220286492863,-0.6727407665893559
2024-11-01 00:00:00,0,0,0.5432290770832287,0.0,-0.31539486060923133,0.7295007662745452,2.2291220286492863,-0.6727407665893559
2024-11-02 00:00:00,1,1,0.5540293910963127,-0.0082930597357984,-0.32368792034502974,0.7234759892896181,2.2291220286492863,-0.675443524404987
2024-11-03 00:00:00,1,1,0.5968410239201748,-0.0074953341311483,-0.331183254476178,0.7180735667872487,2.2291220286492863,-0.6778670895723201
2024-11-04 00:00:00,0,0,0.5148730346931848,0.0,-0.331183254476178,0.7180735667872487,2.2291220286492863,-0.6778670895723201
2024-11-05 00:00:00,1,1,0.5533328658659065,0.0430828546986029,-0.2881003997775751,0.7496863201206614,2.2291220286492863,-0.6636853835341953
2024-11-06 00:00:00,0,0,0.48139052445649394,0.0,-0.2881003997775751,0.7496863201206614,2.2291220286492863,-0.6636853835341953
2024-11-07 00:00:00,0,0,0.4609395730628354,0.0,-0.2881003997775751,0.7496863201206614,2.2291220286492863,-0.6636853835341953
2024-11-08 00:00:00,0,0,0.4819428571255097,0.0,-0.2881003997775751,0.7496863201206614,2.2291220286492863,-0.6636853835341953
2024-11-09 00:00:00,0,0,0.479317390773074,0.0,-0.2881003997775751,0.7496863201206614,2.2291220286492863,-0.6636853835341953
2024-11-10 00:00:00,0,0,0.5256538766546419,0.0,-0.2881003997775751,0.7496863201206614,2.2291220286492863,-0.6636853835341953
2024-11-11 00:00:00,0,0,0.4741749678207339,0.0,-0.2881003997775751,0.7496863201206614,2.2291220286492863,-0.6636853835341953
2024-11-12 00:00:00,0,0,0.4997142875152854,0.0,-0.2881003997775751,0.7496863201206614,2.2291220286492863,-0.6636853835341953
2024-11-13 00:00:00,0,0,0.4999193713451468,0.0,-0.2881003997775751,0.7496863201206614,2.2291220286492863,-0.6636853835341953
2024-11-14 00:00:00,0,0,0.5147679837630842,0.0,-0.2881003997775751,0.7496863201206614,2.2291220286492863,-0.6636853835341953
2024-11-15 00:00:00,1,1,0.5737392232067167,0.0339979842927538,-0.2541024154848213,0.7756123632624478,2.2291220286492863,-0.6520547761432235
2024-11-16 00:00:00,0,0,0.4540258613012681,0.0,-0.2541024154848213,0.7756123632624478,2.2291220286492863,-0.6520547761432235
2024-11-17 00:00:00,0,0,0.5379890326496476,0.0,-0.2541024154848213,0.7756123632624478,2.2291220286492863,-0.6520547761432235
2024-11-18 00:00:00,0,0,0.5454792479730222,0.0,-0.2541024154848213,0.7756123632624478,2.2291220286492863,-0.6520547761432235
2024-11-19 00:00:00,0,0,0.48444335183281595,0.0,-0.2541024154848213,0.7756123632624478,2.2291220286492863,-0.6520547761432235
2024-11-20 00:00:00,0,0,0.48673416824443916,0.0,-0.2541024154848213,0.7756123632624478,2.2291220286492863,-0.6520547761432235
2024-11-21 00:00:00,0,0,0.46437943982501584,0.0,-0.2541024154848213,0.7756123632624478,2.2291220286492863,-0.6520547761432235
2024-11-22 00:00:00,0,0,0.48574621248540484,0.0,-0.2541024154848213,0.7756123632624478,2.2291220286492863,-0.6520547761432235
2024-11-23 00:00:00,0,0,0.4968500902985164,0.0,-0.2541024154848213,0.7756123632624478,2.2291220286492863,-0.6520547761432235
2024-11-24 00:00:00,1,1,0.5504104587314884,-0.0030980024541256,-0.25720041793894693,0.7732132324330375,2.2291220286492863,-0.6531310433006854
2024-11-25 00:00:00,0,0,0.5013652459269466,0.0,-0.25720041793894693,0.7732132324330375,2.2291220286492863,-0.6531310433006854
2024-11-26 00:00:00,1,1,0.5525132654629163,-0.0214250031317368,-0.2786254210706837,0.7568233402034265,2.2291220286492863,-0.6604836655523898
2024-11-27 00:00:00,1,1,0.5570050262586971,0.0479529238965175,-0.2306724971741662,0.7939994605254863,2.2291220286492863,-0.6438061935054304
2024-11-28 00:00:00,0,0,0.47078350226242777,0.0,-0.2306724971741662,0.7939994605254863,2.2291220286492863,-0.6438061935054304
2024-11-29 00:00:00,0,0,0.509847083646227,0.0,-0.2306724971741662,0.7939994605254863,2.2291220286492863,-0.6438061935054304
2024-11-30 00:00:00,0,0,0.48346255566495755,0.0,-0.2306724971741662,0.7939994605254863,2.2291220286492863,-0.6438061935054304
2024-12-01 00:00:00,1,1,0.5506643256374582,0.0103136204211654,-0.2203588767530008,0.8022308442950727,2.2291220286492863,-0.6401135361884265
2024-12-02 00:00:00,0,0,0.4636725867152427,0.0,-0.2203588767530008,0.8022308442950727,2.2291220286492863,-0.6401135361884265
2024-12-03 00:00:00,0,0,0.52832435638277,0.0,-0.2203588767530008,0.8022308442950727,2.2291220286492863,-0.6401135361884265
2024-12-04 00:00:00,0,0,0.49969850127794796,0.0,-0.2203588767530008,0.8022308442950727,2.2291220286492863,-0.6401135361884265
2024-12-05 00:00:00,0,0,0.4653438248739145,0.0,-0.2203588767530008,0.8022308442950727,2.2291220286492863,-0.6401135361884265
2024-12-06 00:00:00,1,1,0.5686796486364358,0.0265011265550282,-0.1938577501979726,0.8237750777761539,2.2291220286492863,-0.6304486397833895
2024-12-07 00:00:00,0,0,0.4752248569100203,0.0,-0.1938577501979726,0.8237750777761539,2.2291220286492863,-0.6304486397833895
2024-12-08 00:00:00,0,0,0.484748779981522,0.0,-0.1938577501979726,0.8237750777761539,2.2291220286492863,-0.6304486397833895
2024-12-09 00:00:00,0,0,0.5069623569642464,0.0,-0.1938577501979726,0.8237750777761539,2.2291220286492863,-0.6304486397833895
2024-12-10 00:00:00,1,1,0.5538711635087317,-0.0159817101608616,-0.20983946035883422,0.8107143873203131,2.2291220286492863,-0.6363077584354782
2024-12-11 00:00:00,1,1,0.5508950987895956,0.043228101831369,-0.16661135852746523,0.8465285435143993,2.2291220286492863,-0.6202412731853246
2024-12-12 00:00:00,0,0,0.4662313897997458,0.0,-0.16661135852746523,0.8465285435143993,2.2291220286492863,-0.6202412731853246
2024-12-13 00:00:00,1,1,0.583946872323358,0.011095033899134101,-0.15551632462833112,0.855973103372099,2.2291220286492863,-0.6160043764446727
2024-12-14 00:00:00,0,0,0.465664596999958,0.0,-0.15551632462833112,0.855973103372099,2.2291220286492863,-0.6160043764446727
2024-12-15 00:00:00,0,0,0.5064603543678804,0.0,-0.15551632462833112,0.855973103372099,2.2291220286492863,-0.6160043764446727
2024-12-16 00:00:00,0,0,0.5084963140758698,0.0,-0.15551632462833112,0.855973103372099,2.2291220286492863,-0.6160043764446727
2024-12-17 00:00:00,0,0,0.4831586663001144,0.0,-0.15551632462833112,0.855973103372099,2.2291220286492863,-0.6160043764446727
2024-12-18 00:00:00,0,0,0.4913051243877547,0.0,-0.15551632462833112,0.855973103372099,2.2291220286492863,-0.6160043764446727
2024-12-19 00:00:00,1,1,0.5601378765797805,-0.0371807558623483,-0.1926970804906794,0.8247317636453053,2.2291220286492863,-0.6300194636966361
2024-12-20 00:00:00,0,0,0.546720443387158,0.0,-0.1926970804906794,0.8247317636453053,2.2291220286492863,-0.6300194636966361
2024-12-21 00:00:00,-1,-1,0.4127280826403897,0.0018007175965937,-0.1908963628940857,0.826218210578485,2.2291220286492863,-0.6293526330278457
2024-12-22 00:00:00,1,1,0.553696088907066,-0.0308718986313341,-0.2217682615254198,0.8011009887467863,2.2291220286492863,-0.640620397425167
2024-12-23 00:00:00,1,1,0.5505747058124796,0.0006870873679138,-0.221081174157506,0.801651604255396,2.2291220286492863,-0.6403733873909323
2024-12-24 00:00:00,0,0,0.5273479159274291,0.0,-0.221081174157506,0.801651604255396,2.2291220286492863,-0.6403733873909323
2024-12-25 00:00:00,0,0,0.4678029711426668,0.0,-0.221081174157506,0.801651604255396,2.2291220286492863,-0.6403733873909323
2024-12-26 00:00:00,0,0,0.4608807354952526,0.0,-0.221081174157506,0.801651604255396,2.2291220286492863,-0.6403733873909323
2024-12-27 00:00:00,0,0,0.5197598689604849,0.0,-0.221081174157506,0.801651604255396,2.2291220286492863,-0.6403733873909323
2024-12-28 00:00:00,0,0,0.5417239356967162,0.0,-0.221081174157506,0.801651604255396,2.2291220286492863,-0.6403733873909323
2024-12-29 00:00:00,0,0,0.4977287932737916,0.0,-0.221081174157506,0.801651604255396,2.2291220286492863,-0.6403733873909323
2024-12-30 00:00:00,0,0,0.5260302146187555,0.0,-0.221081174157506,0.801651604255396,2.2291220286492863,-0.6403733873909323
2024-12-31 00:00:00,1,1,0.5735019310526646,0.0198851915165899,-0.2011959826409161,0.8177521506221386,2.2291220286492863,-0.6331505677517139
2025-01-01 00:00:00,0,0,0.47603809264977703,0.0,-0.2011959826409161,0.8177521506221386,2.2291220286492863,-0.6331505677517139
2025-01-02 00:00:00,0,0,0.47703531330627424,0.0,-0.2011959826409161,0.8177521506221386,2.2291220286492863,-0.6331505677517139
2025-01-03 00:00:00,0,0,0.5036080064703381,0.0,-0.2011959826409161,0.8177521506221386,2.2291220286492863,-0.6331505677517139
2025-01-04 00:00:00,0,0,0.4802446562436224,0.0,-0.2011959826409161,0.8177521506221386,2.2291220286492863,-0.6331505677517139
2025-01-05 00:00:00,0,0,0.4767397985590629,0.0,-0.2011959826409161,0.8177521506221386,2.2291220286492863,-0.6331505677517139
2025-01-06 00:00:00,0,0,0.469146126253549,0.0,-0.2011959826409161,0.8177521506221386,2.2291220286492863,-0.6331505677517139
2025-01-07 00:00:00,0,0,0.48459697341362157,0.0,-0.2011959826409161,0.8177521506221386,2.2291220286492863,-0.6331505677517139
2025-01-08 00:00:00,0,0,0.5470288595401779,0.0,-0.2011959826409161,0.8177521506221386,2.2291220286492863,-0.6331505677517139
2025-01-09 00:00:00,0,0,0.5409898006417745,0.0,-0.2011959826409161,0.8177521506221386,2.2291220286492863,-0.6331505677517139
2025-01-10 00:00:00,1,1,0.5564553818734947,0.018478508831183398,-0.1827174738097327,0.8330034677908511,2.2291220286492863,-0.6263087183721382
2025-01-11 01:00:00,0,0,0.5258745633157041,0.0,-0.1827174738097327,0.8330034677908511,2.2291220286492863,-0.6263087183721382
2025-01-12 01:00:00,0,0,0.47888146105564594,0.0,-0.1827174738097327,0.8330034677908511,2.2291220286492863,-0.6263087183721382
2025-01-13 01:00:00,0,0,0.5238668696643197,0.0,-0.1827174738097327,0.8330034677908511,2.2291220286492863,-0.6263087183721382
2025-01-14 01:00:00,0,0,0.48555626930841006,0.0,-0.1827174738097327,0.8330034677908511,2.2291220286492863,-0.6263087183721382
2025-01-15 01:00:00,0,0,0.47343364600608795,0.0,-0.1827174738097327,0.8330034677908511,2.2291220286492863,-0.6263087183721382
2025-01-16 01:00:00,0,0,0.47672814674363695,0.0,-0.1827174738097327,0.8330034677908511,2.2291220286492863,-0.6263087183721382
2025-01-17 01:00:00,0,0,0.48524127161751446,0.0,-0.1827174738097327,0.8330034677908511,2.2291220286492863,-0.6263087183721382
2025-01-18 01:00:00,0,0,0.5029005717161454,0.0,-0.1827174738097327,0.8330034677908511,2.2291220286492863,-0.6263087183721382
2025-01-19 01:00:00,0,0,0.4842871080127544,0.0,-0.1827174738097327,0.8330034677908511,2.2291220286492863,-0.6263087183721382
2025-01-20 01:00:00,0,0,0.5441668144072678,0.0,-0.1827174738097327,0.8330034677908511,2.2291220286492863,-0.6263087183721382
2025-01-21 01:00:00,0,0,0.5337218938116954,0.0,-0.1827174738097327,0.8330034677908511,2.2291220286492863,-0.6263087183721382
2025-01-22 01:00:00,0,0,0.4797994633116132,0.0,-0.1827174738097327,0.8330034677908511,2.2291220286492863,-0.6263087183721382
2025-01-23 01:00:00,0,0,0.5489852629902845,0.0,-0.1827174738097327,0.8330034677908511,2.2291220286492863,-0.6263087183721382
2025-01-24 01:00:00,0,0,0.5294796506848867,0.0,-0.1827174738097327,0.8330034677908511,2.2291220286492863,-0.6263087183721382
2025-01-25 01:00:00,1,1,0.5544995272752785,-0.0021141609001301,-0.1848316347098628,0.8312442247462747,2.2291220286492863,-0.6270979273171695
2025-01-26 01:00:00,1,1,0.5571792869135626,-0.03317958883069,-0.2180112235405528,0.8041164165827024,2.2291220286492863,-0.6392676550462567
2025-01-27 01:00:00,0,0,0.5012315589305656,0.0,-0.2180112235405528,0.8041164165827024,2.2291220286492863,-0.6392676550462567
2025-01-28 01:00:00,0,0,0.48534899753354743,0.0,-0.2180112235405528,0.8041164165827024,2.2291220286492863,-0.6392676550462567
2025-01-29 01:00:00,0,0,0.516929881782984,0.0,-0.2180112235405528,0.8041164165827024,2.2291220286492863,-0.6392676550462567
2025-01-30 01:00:00,0,0,0.46965850124520225,0.0,-0.2180112235405528,0.8041164165827024,2.2291220286492863,-0.6392676550462567
2025-01-31 01:00:00,1,1,0.5646171520323173,-0.0218751056635232,-0.239886329204076,0.7867172827638383,2.2291220286492863,-0.6470730302546328
2025-02-01 01:00:00,1,1,0.5729744998776786,-0.0139297879426111,-0.25381611714668706,0.7758344515833278,2.2291220286492863,-0.651955145742543
2025-02-02 01:00:00,1,1,0.5797896988515273,-0.0813019223683929,-0.33511803951507996,0.7152536531750523,2.2291220286492863,-0.6791321228795837
2025-02-03 01:00:00,1,1,0.5746225354010345,0.0806274843988636,-0.2544905551162164,0.7753113757820291,2.2291220286492863,-0.6521898012681606
2025-02-04 01:00:00,0,0,0.4817974430343244,0.0,-0.2544905551162164,0.7753113757820291,2.2291220286492863,-0.6521898012681606
2025-02-05 01:00:00,1,1,0.5883761025666813,-0.008078043697947901,-0.2625685988141643,0.7690736050216673,2.2291220286492863,-0.654988109606687
2025-02-06 01:00:00,0,0,0.5462415047598519,0.0,-0.2625685988141643,0.7690736050216673,2.2291220286492863,-0.654988109606687
2025-02-07 01:00:00,0,0,0.5252297968517683,0.0,-0.2625685988141643,0.7690736050216673,2.2291220286492863,-0.654988109606687
2025-02-08 01:00:00,1,1,0.5897280998358939,0.0039938719265836,-0.25857472688758065,0.7721513284277284,2.2291220286492863,-0.6536074209918398
2025-02-09 01:00:00,0,0,0.4868827509634261,0.0,-0.25857472688758065,0.7721513284277284,2.2291220286492863,-0.6536074209918398
2025-02-10 01:00:00,1,1,0.5521651116983369,0.0239868568712777,-0.23458787001630296,0.7908967347290022,2.2291220286492863,-0.645198098370488
2025-02-11 01:00:00,0,0,0.4693366886397697,0.0,-0.23458787001630296,0.7908967347290022,2.2291220286492863,-0.645198098370488
2025-02-12 01:00:00,0,0,0.5431356093670335,0.0,-0.23458787001630296,0.7908967347290022,2.2291220286492863,-0.645198098370488
2025-02-13 01:00:00,0,0,0.47030243364160745,0.0,-0.23458787001630296,0.7908967347290022,2.2291220286492863,-0.645198098370488
2025-02-14 01:00:00,0,0,0.5164918989684086,0.0,-0.23458787001630296,0.7908967347290022,2.2291220286492863,-0.645198098370488
2025-02-15 01:00:00,0,0,0.4748932284752518,0.0,-0.23458787001630296,0.7908967347290022,2.2291220286492863,-0.645198098370488
2025-02-16 01:00:00,0,0,0.5073657906962322,0.0,-0.23458787001630296,0.7908967347290022,2.2291220286492863,-0.645198098370488
2025-02-17 01:00:00,0,0,0.4614291639260061,0.0,-0.23458787001630296,0.7908967347290022,2.2291220286492863,-0.645198098370488
2025-02-18 01:00:00,0,0,0.5105889435938483,0.0,-0.23458787001630296,0.7908967347290022,2.2291220286492863,-0.645198098370488
2025-02-19 01:00:00,0,0,0.5265479917876513,0.0,-0.23458787001630296,0.7908967347290022,2.2291220286492863,-0.645198098370488
2025-02-20 01:00:00,0,0,0.46642835383749837,0.0,-0.23458787001630296,0.7908967347290022,2.2291220286492863,-0.645198098370488
2025-02-21 01:00:00,0,0,0.4771174317595939,0.0,-0.23458787001630296,0.7908967347290022,2.2291220286492863,-0.645198098370488
2025-02-22 01:00:00,1,1,0.5756438374576885,0.0012796680705497998,-0.23330820194575316,0.7919094678704695,2.2291220286492863,-0.6447437790786541
2025-02-23 01:00:00,1,1,0.5860970171144736,-0.0060055172986158,-0.23931371924436895,0.7871678939153269,2.2291220286492863,-0.6468708828864325
2025-02-24 01:00:00,0,0,0.47709785840529995,0.0,-0.23931371924436895,0.7871678939153269,2.2291220286492863,-0.6468708828864325
2025-02-25 01:00:00,0,0,0.5280794864913099,0.0,-0.23931371924436895,0.7871678939153269,2.2291220286492863,-0.6468708828864325
2025-02-26 01:00:00,1,1,0.5651611149753146,-0.0464616216539589,-0.28577534089832785,0.7514314128914795,2.2291220286492863,-0.6629025225026368
2025-02-27 01:00:00,1,1,0.5667786445635493,-0.0382788093706773,-0.32405415026900514,0.7232110792450163,2.2291220286492863,-0.6755623649355622
2025-02-28 01:00:00,0,0,0.5316927161312981,0.0,-0.32405415026900514,0.7232110792450163,2.2291220286492863,-0.6755623649355622
2025-03-01 01:00:00,0,0,0.47583466457521517,0.0,-0.32405415026900514,0.7232110792450163,2.2291220286492863,-0.6755623649355622
2025-03-02 01:00:00,0,0,0.49848969391651393,0.0,-0.32405415026900514,0.7232110792450163,2.2291220286492863,-0.6755623649355622
2025-03-03 01:00:00,0,0,0.5034736913888668,0.0,-0.32405415026900514,0.7232110792450163,2.2291220286492863,-0.6755623649355622
2025-03-04 01:00:00,1,1,0.5735814958405568,0.0488579314401016,-0.27519621882890355,0.759423095493983,2.2291220286492863,-0.6593173968344175
2025-03-05 01:00:00,0,0,0.478674083382253,0.0,-0.27519621882890355,0.759423095493983,2.2291220286492863,-0.6593173968344175
2025-03-06 01:00:00,0,0,0.48295956568753184,0.0,-0.27519621882890355,0.759423095493983,2.2291220286492863,-0.6593173968344175
2025-03-07 01:00:00,1,1,0.6218026128985682,-0.0257516447285301,-0.30094786355743364,0.7401163587748615,2.2291220286492863,-0.6679785362745136
2025-03-08 01:00:00,1,1,0.5873423547773508,7.252072010350001e-05,-0.30087534283733014,0.7401700344924376,2.2291220286492863,-0.6679544569657606
2025-03-09 01:00:00,0,0,0.5291780196463228,0.0,-0.30087534283733014,0.7401700344924376,2.2291220286492863,-0.6679544569657606
2025-03-10 01:00:00,1,1,0.5746771832306607,-0.033761221290127603,-0.33463656412745774,0.7155981131228021,2.2291220286492863,-0.6789775956965391
2025-03-11 01:00:00,1,1,0.585259727388164,0.0505113908611027,-0.28412517326635506,0.7526724243435335,2.2291220286492863,-0.6623457959367044
2025-03-12 01:00:00,0,0,0.47455358879274845,0.0,-0.28412517326635506,0.7526724243435335,2.2291220286492863,-0.6623457959367044
2025-03-13 01:00:00,0,0,0.4755551125065143,0.0,-0.28412517326635506,0.7526724243435335,2.2291220286492863,-0.6623457959367044
2025-03-14 01:00:00,0,0,0.5473562484440107,0.0,-0.28412517326635506,0.7526724243435335,2.2291220286492863,-0.6623457959367044
2025-03-15 01:00:00,0,0,0.4818060051119523,0.0,-0.28412517326635506,0.7526724243435335,2.2291220286492863,-0.6623457959367044
2025-03-16 01:00:00,1,1,0.5775684506052708,-0.0086062386145,-0.29273141188085505,0.7462225402921022,2.2291220286492863,-0.6652392598065759
2025-03-17 01:00:00,0,0,0.5469027489143335,0.0,-0.29273141188085505,0.7462225402921022,2.2291220286492863,-0.6652392598065759
2025-03-18 01:00:00,0,0,0.5209374335910252,0.0,-0.29273141188085505,0.7462225402921022,2.2291220286492863,-0.6652392598065759
2025-03-19 01:00:00,0,0,0.5205694948011141,0.0,-0.29273141188085505,0.7462225402921022,2.2291220286492863,-0.6652392598065759
2025-03-20 01:00:00,0,0,0.47847293695583565,0.0,-0.29273141188085505,0.7462225402921022,2.2291220286492863,-0.6652392598065759
2025-03-21 01:00:00,1,1,0.5744869437079617,-0.009286546928229101,-0.30201795880908416,0.7393247873776003,2.2291220286492863,-0.6683336408345546
2025-03-22 01:00:00,0,0,0.5476866386173134,0.0,-0.30201795880908416,0.7393247873776003,2.2291220286492863,-0.6683336408345546
2025-03-23 01:00:00,1,1,0.5694626432851162,0.016632652911629,-0.28538530589745514,0.7517245546073109,2.2291220286492863,-0.662771017043508
2025-03-24 01:00:00,0,0,0.469037783861179,0.0,-0.28538530589745514,0.7517245546073109,2.2291220286492863,-0.662771017043508
2025-03-25 01:00:00,0,0,0.5216034196944521,0.0,-0.28538530589745514,0.7517245546073109,2.2291220286492863,-0.662771017043508
2025-03-26 01:00:00,0,0,0.4724058067694671,0.0,-0.28538530589745514,0.7517245546073109,2.2291220286492863,-0.662771017043508
2025-03-27 01:00:00,0,0,0.520690908354164,0.0,-0.28538530589745514,0.7517245546073109,2.2291220286492863,-0.662771017043508
2025-03-28 01:00:00,0,0,0.5092697132331946,0.0,-0.28538530589745514,0.7517245546073109,2.2291220286492863,-0.662771017043508
2025-03-29 01:00:00,1,1,0.5504339518677481,-0.0170360535510067,-0.3024213594484618,0.739026603433505,2.2291220286492863,-0.6684674082731529
2025-03-30 01:00:00,0,0,0.5113391165975429,0.0,-0.3024213594484618,0.739026603433505,2.2291220286492863,-0.6684674082731529
2025-03-31 01:00:00,1,1,0.5547404267505194,0.008124108442663001,-0.29429725100579884,0.7450549901789766,2.2291220286492863,-0.6657630310932618
2025-04-01 01:00:00,0,0,0.4760453459017024,0.0,-0.29429725100579884,0.7450549901789766,2.2291220286492863,-0.6657630310932618
2025-04-02 01:00:00,0,0,0.468059643136943,0.0,-0.29429725100579884,0.7450549901789766,2.2291220286492863,-0.6657630310932618
2025-04-03 01:00:00,1,1,0.5533878294653334,-0.013804762407365799,-0.3081020134131646,0.7348403506129967,2.2291220286492863,-0.6703453910693864
2025-04-04 01:00:00,0,0,0.5437039785370704,0.0,-0.3081020134131646,0.7348403506129967,2.2291220286492863,-0.6703453910693864
2025-04-05 01:00:00,0,0,0.4776395200587766,0.0,-0.3081020134131646,0.7348403506129967,2.2291220286492863,-0.6703453910693864
2025-04-06 01:00:00,0,0,0.494183394349418,0.0,-0.3081020134131646,0.7348403506129967,2.2291220286492863,-0.6703453910693864
2025-04-07 01:00:00,1,1,0.5649847102719825,0.017254691779532698,-0.2908473216336319,0.7476298162036394,2.2291220286492863,-0.664607945821316
2025-04-08 01:00:00,0,0,0.47984245758454963,0.0,-0.2908473216336319,0.7476298162036394,2.2291220286492863,-0.664607945821316
2025-04-09 01:00:00,0,0,0.5324691801185082,0.0,-0.2908473216336319,0.7476298162036394,2.2291220286492863,-0.664607945821316
2025-04-10 01:00:00,0,0,0.4832258674507601,0.0,-0.2908473216336319,0.7476298162036394,2.2291220286492863,-0.664607945821316
2025-04-11 01:00:00,1,1,0.5814995323420332,0.0327866577231515,-0.25806066391048044,0.7725483648805189,2.2291220286492863,-0.6534293076146053
2025-04-12 01:00:00,0,0,0.5001923654427358,0.0,-0.25806066391048044,0.7725483648805189,2.2291220286492863,-0.6534293076146053
2025-04-13 01:00:00,0,0,0.48222972783078416,0.0,-0.25806066391048044,0.7725483648805189,2.2291220286492863,-0.6534293076146053
2025-04-14 01:00:00,0,0,0.5307999418511188,0.0,-0.25806066391048044,0.7725483648805189,2.2291220286492863,-0.6534293076146053
2025-04-15 01:00:00,0,0,0.47223008795592325,0.0,-0.25806066391048044,0.7725483648805189,2.2291220286492863,-0.6534293076146053
2025-04-16 01:00:00,0,0,0.5373769211399624,0.0,-0.25806066391048044,0.7725483648805189,2.2291220286492863,-0.6534293076146053
2025-04-17 01:00:00,0,0,0.4934459685550105,0.0,-0.25806066391048044,0.7725483648805189,2.2291220286492863,-0.6534293076146053
2025-04-18 01:00:00,0,0,0.48110711144436685,0.0,-0.25806066391048044,0.7725483648805189,2.2291220286492863,-0.6534293076146053
2025-04-19 01:00:00,1,1,0.5573895242757503,0.008137833099568,-0.24992283081091243,0.7788608848152668,2.2291220286492863,-0.6505974662646847
2025-04-20 01:00:00,0,0,0.4813029693611254,0.0,-0.24992283081091243,0.7788608848152668,2.2291220286492863,-0.6505974662646847
2025-04-21 01:00:00,0,0,0.5213075324487025,0.0,-0.24992283081091243,0.7788608848152668,2.2291220286492863,-0.6505974662646847
2025-04-22 01:00:00,0,0,0.47075782331496036,0.0,-0.24992283081091243,0.7788608848152668,2.2291220286492863,-0.6505974662646847
2025-04-23 01:00:00,0,0,0.4905304519027529,0.0,-0.24992283081091243,0.7788608848152668,2.2291220286492863,-0.6505974662646847
2025-04-24 01:00:00,0,0,0.4860165123806048,0.0,-0.24992283081091243,0.7788608848152668,2.2291220286492863,-0.6505974662646847
2025-04-25 01:00:00,0,0,0.4852216837828509,0.0,-0.24992283081091243,0.7788608848152668,2.2291220286492863,-0.6505974662646847
2025-04-26 01:00:00,0,0,0.4710496235913892,0.0,-0.24992283081091243,0.7788608848152668,2.2291220286492863,-0.6505974662646847
2025-04-27 01:00:00,1,1,0.5670403487519396,-0.013483457588807202,-0.26340628839971963,0.7684296298355263,2.2291220286492863,-0.6552770014564216
2025-04-28 01:00:00,0,0,0.47673685627552537,0.0,-0.26340628839971963,0.7684296298355263,2.2291220286492863,-0.6552770014564216
2025-04-29 01:00:00,0,0,0.46557196816391977,0.0,-0.26340628839971963,0.7684296298355263,2.2291220286492863,-0.6552770014564216
2025-04-30 01:00:00,0,0,0.5135383364677754,0.0,-0.26340628839971963,0.7684296298355263,2.2291220286492863,-0.6552770014564216
2025-05-01 01:00:00,0,0,0.4964920935866875,0.0,-0.26340628839971963,0.7684296298355263,2.2291220286492863,-0.6552770014564216
2025-05-02 01:00:00,0,0,0.47790497767545653,0.0,-0.26340628839971963,0.7684296298355263,2.2291220286492863,-0.6552770014564216
2025-05-03 01:00:00,1,1,0.587523462292331,-0.0050915168191906,-0.26849780521891026,0.7645271007776336,2.2291220286492863,-0.6570277037543382
2025-05-04 01:00:00,0,0,0.5294729397552537,0.0,-0.26849780521891026,0.7645271007776336,2.2291220286492863,-0.6570277037543382
2025-05-05 01:00:00,0,0,0.500084595083085,0.0,-0.26849780521891026,0.7645271007776336,2.2291220286492863,-0.6570277037543382
2025-05-06 01:00:00,0,0,0.5203784691400432,0.0,-0.26849780521891026,0.7645271007776336,2.2291220286492863,-0.6570277037543382
2025-05-07 01:00:00,0,0,0.48886947703509737,0.0,-0.26849780521891026,0.7645271007776336,2.2291220286492863,-0.6570277037543382
2025-05-08 01:00:00,0,0,0.47341584115621155,0.0,-0.26849780521891026,0.7645271007776336,2.2291220286492863,-0.6570277037543382
2025-05-09 01:00:00,0,0,0.5217608417073701,0.0,-0.26849780521891026,0.7645271007776336,2.2291220286492863,-0.6570277037543382
2025-05-10 01:00:00,0,0,0.515418501313031,0.0,-0.26849780521891026,0.7645271007776336,2.2291220286492863,-0.6570277037543382
2025-05-11 01:00:00,0,0,0.4732937518280182,0.0,-0.26849780521891026,0.7645271007776336,2.2291220286492863,-0.6570277037543382
2025-05-12 01:00:00,0,0,0.5019922554137843,0.0,-0.26849780521891026,0.7645271007776336,2.2291220286492863,-0.6570277037543382
2025-05-13 01:00:00,1,1,0.5525774251767707,0.011946435058546302,-0.25655137016036395,0.7737152476622304,2.2291220286492863,-0.652905835697539
2025-05-14 01:00:00,0,0,0.4821707249207138,0.0,-0.25655137016036395,0.7737152476622304,2.2291220286492863,-0.652905835697539
2025-05-15 01:00:00,0,0,0.5229535862680431,0.0,-0.25655137016036395,0.7737152476622304,2.2291220286492863,-0.652905835697539
2025-05-16 01:00:00,0,0,0.4753260096285826,0.0,-0.25655137016036395,0.7737152476622304,2.2291220286492863,-0.652905835697539
2025-05-17 01:00:00,1,1,0.5865840938571308,0.0030947051564450996,-0.25345666500391884,0.7761133770665609,2.2291220286492863,-0.651830017786492
2025-05-18 01:00:00,0,0,0.48931128851739897,0.0,-0.25345666500391884,0.7761133770665609,2.2291220286492863,-0.651830017786492
2025-05-19 01:00:00,0,0,0.4746337394167227,0.0,-0.25345666500391884,0.7761133770665609,2.2291220286492863,-0.651830017786492
2025-05-20 01:00:00,0,0,0.48248476531808865,0.0,-0.25345666500391884,0.7761133770665609,2.2291220286492863,-0.651830017786492
2025-05-21 01:00:00,0,0,0.4793826471155643,0.0,-0.25345666500391884,0.7761133770665609,2.2291220286492863,-0.651830017786492
2025-05-22 01:00:00,0,0,0.48018758792213884,0.0,-0.25345666500391884,0.7761133770665609,2.2291220286492863,-0.651830017786492
2025-05-23 01:00:00,0,0,0.4869623142453616,0.0,-0.25345666500391884,0.7761133770665609,2.2291220286492863,-0.651830017786492
2025-05-24 01:00:00,1,1,0.5769392812363598,0.0006452893439639,-0.25281137565995493,0.7766143563794119,2.2291220286492863,-0.6516052749027861
2025-05-25 01:00:00,1,1,0.5680662331611844,0.0163966209356525,-0.23641475472430243,0.7894531765873567,2.2291220286492863,-0.6458456888222859
2025-05-26 01:00:00,0,0,0.4738091883957232,0.0,-0.23641475472430243,0.7894531765873567,2.2291220286492863,-0.6458456888222859
2025-05-27 01:00:00,0,0,0.5090370538654025,0.0,-0.23641475472430243,0.7894531765873567,2.2291220286492863,-0.6458456888222859
2025-05-28 01:00:00,0,0,0.5113091347823564,0.0,-0.23641475472430243,0.7894531765873567,2.2291220286492863,-0.6458456888222859
2025-05-29 01:00:00,0,0,0.5142284679218836,0.0,-0.23641475472430243,0.7894531765873567,2.2291220286492863,-0.6458456888222859
2025-05-30 01:00:00,1,1,0.579145448314225,-0.0219438252900911,-0.25835858001439355,0.7723182445615456,2.2291220286492863,-0.6535325412267698
2025-05-31 01:00:00,1,1,0.5767133423151762,0.0052567797170569,-0.25310180029733664,0.7763888411857442,2.2291220286492863,-0.6517064426229778
2025-06-01 01:00:00,0,0,0.519176679234502,0.0,-0.25310180029733664,0.7763888411857442,2.2291220286492863,-0.6517064426229778
2025-06-02 01:00:00,0,0,0.47109269397056436,0.0,-0.25310180029733664,0.7763888411857442,2.2291220286492863,-0.6517064426229778
2025-06-03 01:00:00,0,0,0.49635384476772043,0.0,-0.25310180029733664,0.7763888411857442,2.2291220286492863,-0.6517064426229778
2025-06-04 01:00:00,0,0,0.4935772702940581,0.0,-0.25310180029733664,0.7763888411857442,2.2291220286492863,-0.6517064426229778
2025-06-05 01:00:00,0,0,0.5025442514174161,0.0,-0.25310180029733664,0.7763888411857442,2.2291220286492863,-0.6517064426229778
2025-06-06 01:00:00,1,1,0.5851542021700986,0.024327833346148,-0.22877396695118865,0.7955083243569006,2.2291220286492863,-0.6431293064566184
2025-06-07 01:00:00,0,0,0.49143814070658454,0.0,-0.22877396695118865,0.7955083243569006,2.2291220286492863,-0.6431293064566184
2025-06-08 01:00:00,0,0,0.477028922960926,0.0,-0.22877396695118865,0.7955083243569006,2.2291220286492863,-0.6431293064566184
2025-06-09 01:00:00,0,0,0.4671493671070605,0.0,-0.22877396695118865,0.7955083243569006,2.2291220286492863,-0.6431293064566184
2025-06-10 01:00:00,0,0,0.48050646407508346,0.0,-0.22877396695118865,0.7955083243569006,2.2291220286492863,-0.6431293064566184
2025-06-11 01:00:00,0,0,0.48549714203715105,0.0,-0.22877396695118865,0.7955083243569006,2.2291220286492863,-0.6431293064566184
2025-06-12 01:00:00,0,0,0.47052120657455904,0.0,-0.22877396695118865,0.7955083243569006,2.2291220286492863,-0.6431293064566184
2025-06-13 01:00:00,1,1,0.5664596630889849,0.0152177858212342,-0.21355618112995445,0.8077067809962204,2.2291220286492863,-0.6376569920285422
2025-06-14 01:00:00,0,0,0.4888227962536007,0.0,-0.21355618112995445,0.8077067809962204,2.2291220286492863,-0.6376569920285422
2025-06-15 01:00:00,0,0,0.49098483230383494,0.0,-0.21355618112995445,0.8077067809962204,2.2291220286492863,-0.6376569920285422
2025-06-16 01:00:00,0,0,0.476546963074031,0.0,-0.21355618112995445,0.8077067809962204,2.2291220286492863,-0.6376569920285422
2025-06-17 01:00:00,0,0,0.4926237014834744,0.0,-0.21355618112995445,0.8077067809962204,2.2291220286492863,-0.6376569920285422
2025-06-18 01:00:00,0,0,0.5193349877999945,0.0,-0.21355618112995445,0.8077067809962204,2.2291220286492863,-0.6376569920285422
2025-06-19 01:00:00,0,0,0.5305064379534116,0.0,-0.21355618112995445,0.8077067809962204,2.2291220286492863,-0.6376569920285422
2025-06-20 01:00:00,0,0,0.49321377271806227,0.0,-0.21355618112995445,0.8077067809962204,2.2291220286492863,-0.6376569920285422
2025-06-21 01:00:00,1,1,0.5585358126189441,-0.011960256070297,-0.22551643720025144,0.798103941745762,2.2291220286492863,-0.6419648940307835
2025-06-22 01:00:00,1,1,0.5761107321593585,-0.0136334039635106,-0.23914984116376203,0.787296904049575,2.2291220286492863,-0.6468130080224324
2025-06-23 01:00:00,0,0,0.5430114524308375,0.0,-0.23914984116376203,0.787296904049575,2.2291220286492863,-0.6468130080224324
2025-06-24 01:00:00,0,0,0.485802522125988,0.0,-0.23914984116376203,0.787296904049575,2.2291220286492863,-0.6468130080224324
2025-06-25 01:00:00,0,0,0.4692273210070589,0.0,-0.23914984116376203,0.787296904049575,2.2291220286492863,-0.6468130080224324
2025-06-26 01:00:00,0,0,0.47436798108479505,0.0,-0.23914984116376203,0.787296904049575,2.2291220286492863,-0.6468130080224324
2025-06-27 01:00:00,1,1,0.5666681033692721,-0.0015286919619479,-0.24067853312570994,0.7860942890488296,2.2291220286492863,-0.6473525096671556
2025-06-28 01:00:00,0,0,0.49680484099072836,0.0,-0.24067853312570994,0.7860942890488296,2.2291220286492863,-0.6473525096671556
2025-06-29 01:00:00,0,0,0.49400340121334446,0.0,-0.24067853312570994,0.7860942890488296,2.2291220286492863,-0.6473525096671556
2025-06-30 01:00:00,0,0,0.46816502890311673,0.0,-0.24067853312570994,0.7860942890488296,2.2291220286492863,-0.6473525096671556
2025-07-01 01:00:00,0,0,0.4947763898576323,0.0,-0.24067853312570994,0.7860942890488296,2.2291220286492863,-0.6473525096671556
2025-07-02 01:00:00,0,0,0.5143143363986918,0.0,-0.24067853312570994,0.7860942890488296,2.2291220286492863,-0.6473525096671556
2025-07-03 01:00:00,0,0,0.4709541873976637,0.0,-0.24067853312570994,0.7860942890488296,2.2291220286492863,-0.6473525096671556
2025-07-04 01:00:00,0,0,0.5059523121769306,0.0,-0.24067853312570994,0.7860942890488296,2.2291220286492863,-0.6473525096671556
2025-07-05 01:00:00,0,0,0.5408256626380376,0.0,-0.24067853312570994,0.7860942890488296,2.2291220286492863,-0.6473525096671556
2025-07-06 01:00:00,0,0,0.5007713919331075,0.0,-0.24067853312570994,0.7860942890488296,2.2291220286492863,-0.6473525096671556
2025-07-07 01:00:00,0,0,0.4707831443793676,0.0,-0.24067853312570994,0.7860942890488296,2.2291220286492863,-0.6473525096671556
2025-07-08 01:00:00,0,0,0.4626873469404658,0.0,-0.24067853312570994,0.7860942890488296,2.2291220286492863,-0.6473525096671556
2025-07-09 01:00:00,0,0,0.46747683563745646,0.0,-0.24067853312570994,0.7860942890488296,2.2291220286492863,-0.6473525096671556
2025-07-10 01:00:00,0,0,0.4745122478610556,0.0,-0.24067853312570994,0.7860942890488296,2.2291220286492863,-0.6473525096671556
2025-07-11 01:00:00,0,0,0.5075882496778313,0.0,-0.24067853312570994,0.7860942890488296,2.2291220286492863,-0.6473525096671556
2025-07-12 01:00:00,0,0,0.5111763423932989,0.0,-0.24067853312570994,0.7860942890488296,2.2291220286492863,-0.6473525096671556
2025-07-13 01:00:00,0,0,0.5035017510042368,0.0,-0.24067853312570994,0.7860942890488296,2.2291220286492863,-0.6473525096671556
2025-07-14 01:00:00,0,0,0.4733412811605996,0.0,-0.24067853312570994,0.7860942890488296,2.2291220286492863,-0.6473525096671556
2025-07-15 01:00:00,0,0,0.5302640363970693,0.0,-0.24067853312570994,0.7860942890488296,2.2291220286492863,-0.6473525096671556
2025-07-16 01:00:00,0,0,0.5219306747417646,0.0,-0.24067853312570994,0.7860942890488296,2.2291220286492863,-0.6473525096671556
2025-07-17 01:00:00,0,0,0.5075216087132123,0.0,-0.24067853312570994,0.7860942890488296,2.2291220286492863,-0.6473525096671556
2025-07-18 01:00:00,0,0,0.4811148187386786,0.0,-0.24067853312570994,0.7860942890488296,2.2291220286492863,-0.6473525096671556
2025-07-19 01:00:00,0,0,0.5440884176511365,0.0,-0.24067853312570994,0.7860942890488296,2.2291220286492863,-0.6473525096671556
2025-07-20 01:00:00,1,1,0.5562685129150978,-0.0064019073397999,-0.24708044046550984,0.7810778607375436,2.2291220286492863,-0.6496029150944107
2025-07-21 01:00:00,0,0,0.477322188055159,0.0,-0.24708044046550984,0.7810778607375436,2.2291220286492863,-0.6496029150944107
2025-07-22 01:00:00,0,0,0.49636293846903895,0.0,-0.24708044046550984,0.7810778607375436,2.2291220286492863,-0.6496029150944107
2025-07-23 01:00:00,0,0,0.468796805224206,0.0,-0.24708044046550984,0.7810778607375436,2.2291220286492863,-0.6496029150944107
2025-07-24 01:00:00,0,0,0.49433223141630206,0.0,-0.24708044046550984,0.7810778607375436,2.2291220286492863,-0.6496029150944107
2025-07-25 01:00:00,1,1,0.5973234318601742,-0.0027528244607893,-0.24983326492629915,0.7789306473035289,2.2291220286492863,-0.6505661703161607
2025-07-26 01:00:00,0,0,0.49598734343691453,0.0,-0.24983326492629915,0.7789306473035289,2.2291220286492863,-0.6505661703161607
2025-07-27 01:00:00,0,0,0.4841595361035181,0.0,-0.24983326492629915,0.7789306473035289,2.2291220286492863,-0.6505661703161607
2025-07-28 01:00:00,0,0,0.4758897063311902,0.0,-0.24983326492629915,0.7789306473035289,2.2291220286492863,-0.6505661703161607
2025-07-29 01:00:00,0,0,0.4816136899428131,0.0,-0.24983326492629915,0.7789306473035289,2.2291220286492863,-0.6505661703161607
2025-07-30 01:00:00,0,0,0.4894591031744131,0.0,-0.24983326492629915,0.7789306473035289,2.2291220286492863,-0.6505661703161607
2025-07-31 01:00:00,0,0,0.4929794136683687,0.0,-0.24983326492629915,0.7789306473035289,2.2291220286492863,-0.6505661703161607
2025-08-01 01:00:00,1,1,0.5738677993042794,-0.015476897779673201,-0.26531016270597235,0.7669680282015111,2.2291220286492863,-0.6559326863472578
2025-08-02 01:00:00,1,1,0.5740033194012232,-0.0059937878885615,-0.2713039505945338,0.7623847338915429,2.2291220286492863,-0.6579887847802113
2025-08-03 01:00:00,0,0,0.5388233868495805,0.0,-0.2713039505945338,0.7623847338915429,2.2291220286492863,-0.6579887847802113
2025-08-04 01:00:00,0,0,0.4704768073126748,0.0,-0.2713039505945338,0.7623847338915429,2.2291220286492863,-0.6579887847802113
2025-08-05 01:00:00,0,0,0.4686187574108045,0.0,-0.2713039505945338,0.7623847338915429,2.2291220286492863,-0.6579887847802113
2025-08-06 01:00:00,0,0,0.5159453891793089,0.0,-0.2713039505945338,0.7623847338915429,2.2291220286492863,-0.6579887847802113
2025-08-07 01:00:00,0,0,0.4690718812239113,0.0,-0.2713039505945338,0.7623847338915429,2.2291220286492863,-0.6579887847802113
2025-08-08 01:00:00,0,0,0.48852713572828455,0.0,-0.2713039505945338,0.7623847338915429,2.2291220286492863,-0.6579887847802113
2025-08-09 01:00:00,0,0,0.5334774471356523,0.0,-0.2713039505945338,0.7623847338915429,2.2291220286492863,-0.6579887847802113
2025-08-10 01:00:00,1,1,0.5503776144995274,0.0278447141621592,-0.24345923643237463,0.783911430407587,2.2291220286492863,-0.6483317555824477
2025-08-11 01:00:00,0,0,0.47416888427151266,0.0,-0.24345923643237463,0.783911430407587,2.2291220286492863,-0.6483317555824477
2025-08-12 01:00:00,0,0,0.5350434022122346,0.0,-0.24345923643237463,0.783911430407587,2.2291220286492863,-0.6483317555824477
2025-08-13 01:00:00,0,0,0.4737768406847931,0.0,-0.24345923643237463,0.783911430407587,2.2291220286492863,-0.6483317555824477
2025-08-14 01:00:00,0,0,0.471524998718104,0.0,-0.24345923643237463,0.783911430407587,2.2291220286492863,-0.6483317555824477
2025-08-15 01:00:00,0,0,0.5415527354861562,0.0,-0.24345923643237463,0.783911430407587,2.2291220286492863,-0.6483317555824477
2025-08-16 01:00:00,0,0,0.5497495031849301,0.0,-0.24345923643237463,0.783911430407587,2.2291220286492863,-0.6483317555824477
2025-08-17 01:00:00,1,1,0.5693988417756382,-0.011016193052483001,-0.25447542948485763,0.7753231029447777,2.2291220286492863,-0.6521845403795248
2025-08-18 01:00:00,0,0,0.497985030742252,0.0,-0.25447542948485763,0.7753231029447777,2.2291220286492863,-0.6521845403795248
2025-08-19 01:00:00,0,0,0.5305449888987477,0.0,-0.25447542948485763,0.7753231029447777,2.2291220286492863,-0.6521845403795248
2025-08-20 01:00:00,0,0,0.5390838382418608,0.0,-0.25447542948485763,0.7753231029447777,2.2291220286492863,-0.6521845403795248
2025-08-21 01:00:00,0,0,0.47252294538688205,0.0,-0.25447542948485763,0.7753231029447777,2.2291220286492863,-0.6521845403795248
2025-08-22 01:00:00,0,0,0.5440677546259216,0.0,-0.25447542948485763,0.7753231029447777,2.2291220286492863,-0.6521845403795248
2025-08-23 01:00:00,0,0,0.4917435120650352,0.0,-0.25447542948485763,0.7753231029447777,2.2291220286492863,-0.6521845403795248
2025-08-24 01:00:00,0,0,0.4831009656419809,0.0,-0.25447542948485763,0.7753231029447777,2.2291220286492863,-0.6521845403795248
2025-08-25 01:00:00,0,0,0.5486558700598535,0.0,-0.25447542948485763,0.7753231029447777,2.2291220286492863,-0.6521845403795248
2025-08-26 01:00:00,1,1,0.5639615952283521,0.0116792028350757,-0.24279622664978193,0.7844313436893842,2.2291220286492863,-0.6480985187855766
2025-08-27 01:00:00,0,0,0.47115242251829886,0.0,-0.24279622664978193,0.7844313436893842,2.2291220286492863,-0.6480985187855766
2025-08-28 01:00:00,0,0,0.4719519518292217,0.0,-0.24279622664978193,0.7844313436893842,2.2291220286492863,-0.6480985187855766
2025-08-29 01:00:00,1,1,0.5844193208627805,-0.0378922920767621,-0.28068851872654405,0.7552635492980868,2.2291220286492863,-0.6611833988488593
2025-08-30 01:00:00,1,1,0.5850532314225589,0.0172692981082343,-0.26341922061830975,0.7684196923998389,2.2291220286492863,-0.6552814594607659
2025-08-31 01:00:00,0,0,0.4826310662567736,0.0,-0.26341922061830975,0.7684196923998389,2.2291220286492863,-0.6552814594607659
2025-09-01 01:00:00,0,0,0.49006309406899723,0.0,-0.26341922061830975,0.7684196923998389,2.2291220286492863,-0.6552814594607659
2025-09-02 01:00:00,0,0,0.46743098534180944,0.0,-0.26341922061830975,0.7684196923998389,2.2291220286492863,-0.6552814594607659
2025-09-03 01:00:00,0,0,0.46938374252751297,0.0,-0.26341922061830975,0.7684196923998389,2.2291220286492863,-0.6552814594607659
2025-09-04 01:00:00,0,0,0.4722634203566848,0.0,-0.26341922061830975,0.7684196923998389,2.2291220286492863,-0.6552814594607659
2025-09-05 01:00:00,0,0,0.5072346227981344,0.0,-0.26341922061830975,0.7684196923998389,2.2291220286492863,-0.6552814594607659
2025-09-06 01:00:00,1,1,0.5713477151682511,-0.0038999042788429,-0.26731912489715265,0.7654287651093837,2.2291220286492863,-0.6566232107206856
2025-09-07 01:00:00,0,0,0.5389004088276919,0.0,-0.26731912489715265,0.7654287651093837,2.2291220286492863,-0.6566232107206856
2025-09-08 01:00:00,0,0,0.496654684701676,0.0,-0.26731912489715265,0.7654287651093837,2.2291220286492863,-0.6566232107206856
2025-09-09 01:00:00,0,0,0.472707644461661,0.0,-0.26731912489715265,0.7654287651093837,2.2291220286492863,-0.6566232107206856
2025-09-10 01:00:00,0,0,0.5271837106586146,0.0,-0.26731912489715265,0.7654287651093837,2.2291220286492863,-0.6566232107206856
2025-09-11 01:00:00,0,0,0.48822008471104406,0.0,-0.26731912489715265,0.7654287651093837,2.2291220286492863,-0.6566232107206856
2025-09-12 01:00:00,0,0,0.4785196747376271,0.0,-0.26731912489715265,0.7654287651093837,2.2291220286492863,-0.6566232107206856
2025-09-13 01:00:00,0,0,0.49235926417944037,0.0,-0.26731912489715265,0.7654287651093837,2.2291220286492863,-0.6566232107206856
2025-09-14 01:00:00,0,0,0.4754329653112841,0.0,-0.26731912489715265,0.7654287651093837,2.2291220286492863,-0.6566232107206856
2025-09-15 01:00:00,0,0,0.4732568768464178,0.0,-0.26731912489715265,0.7654287651093837,2.2291220286492863,-0.6566232107206856
2025-09-16 01:00:00,0,0,0.4955613452507303,0.0,-0.26731912489715265,0.7654287651093837,2.2291220286492863,-0.6566232107206856
2025-09-17 01:00:00,0,0,0.46699619060407627,0.0,-0.26731912489715265,0.7654287651093837,2.2291220286492863,-0.6566232107206856
2025-09-18 01:00:00,0,0,0.48024483734804535,0.0,-0.26731912489715265,0.7654287651093837,2.2291220286492863,-0.6566232107206856
2025-09-19 01:00:00,0,0,0.5220584897342906,0.0,-0.26731912489715265,0.7654287651093837,2.2291220286492863,-0.6566232107206856
2025-09-20 01:00:00,0,0,0.5232159973073582,0.0,-0.26731912489715265,0.7654287651093837,2.2291220286492863,-0.6566232107206856
2025-09-21 01:00:00,1,1,0.6046711901754412,-0.0116762696076326,-0.2789953945047853,0.7565433874639748,2.2291220286492863,-0.6606092543428883
2025-09-22 01:00:00,0,0,0.47208212291292134,0.0,-0.2789953945047853,0.7565433874639748,2.2291220286492863,-0.6606092543428883
2025-09-23 01:00:00,0,0,0.5047908159618885,0.0,-0.2789953945047853,0.7565433874639748,2.2291220286492863,-0.6606092543428883
2025-09-24 01:00:00,0,0,0.4915452317052237,0.0,-0.2789953945047853,0.7565433874639748,2.2291220286492863,-0.6606092543428883
2025-09-25 01:00:00,0,0,0.4916899672320071,0.0,-0.2789953945047853,0.7565433874639748,2.2291220286492863,-0.6606092543428883
2025-09-26 01:00:00,1,1,0.5796727578865738,-0.0032680614811362,-0.28226345598592145,0.7540749927902894,2.2291220286492863,-0.6617165937536342
2025-09-27 01:00:00,0,0,0.5469542416565103,0.0,-0.28226345598592145,0.7540749927902894,2.2291220286492863,-0.6617165937536342
2025-09-28 01:00:00,0,0,0.5409395612840261,0.0,-0.28226345598592145,0.7540749927902894,2.2291220286492863,-0.6617165937536342
2025-09-29 01:00:00,0,0,0.501899978083698,0.0,-0.28226345598592145,0.7540749927902894,2.2291220286492863,-0.6617165937536342
2025-09-30 01:00:00,0,0,0.49474910287944324,0.0,-0.28226345598592145,0.7540749927902894,2.2291220286492863,-0.6617165937536342
2025-10-01 01:00:00,0,0,0.4723737976023952,0.0,-0.28226345598592145,0.7540749927902894,2.2291220286492863,-0.6617165937536342
2025-10-02 01:00:00,0,0,0.4738027948317444,0.0,-0.28226345598592145,0.7540749927902894,2.2291220286492863,-0.6617165937536342
2025-10-03 01:00:00,0,0,0.5042196277294594,0.0,-0.28226345598592145,0.7540749927902894,2.2291220286492863,-0.6617165937536342
2025-10-04 01:00:00,0,0,0.4934692281498496,0.0,-0.28226345598592145,0.7540749927902894,2.2291220286492863,-0.6617165937536342
2025-10-05 01:00:00,0,0,0.47957297606972576,0.0,-0.28226345598592145,0.7540749927902894,2.2291220286492863,-0.6617165937536342
2025-10-06 01:00:00,0,0,0.4689217255388801,0.0,-0.28226345598592145,0.7540749927902894,2.2291220286492863,-0.6617165937536342
2025-10-07 01:00:00,0,0,0.47493007800089865,0.0,-0.28226345598592145,0.7540749927902894,2.2291220286492863,-0.6617165937536342
2025-10-08 01:00:00,0,0,0.5467446968756363,0.0,-0.28226345598592145,0.7540749927902894,2.2291220286492863,-0.6617165937536342
2025-10-09 01:00:00,0,0,0.484733715170498,0.0,-0.28226345598592145,0.7540749927902894,2.2291220286492863,-0.6617165937536342
2025-10-10 01:00:00,0,0,0.542534480407538,0.0,-0.28226345598592145,0.7540749927902894,2.2291220286492863,-0.6617165937536342
2025-10-11 01:00:00,1,1,0.6052541168730088,-0.011103583905513501,-0.293367039891435,0.7457483710569548,2.2291220286492863,-0.6654519754986974
2025-10-12 01:00:00,1,1,0.5986224929643289,0.0498303151930717,-0.2435367246983633,0.7838506888235665,2.2291220286492863,-0.6483590046891543
2025-10-13 01:00:00,0,0,0.5046450520604803,0.0,-0.2435367246983633,0.7838506888235665,2.2291220286492863,-0.6483590046891543
2025-10-14 01:00:00,0,0,0.5392337187483904,0.0,-0.2435367246983633,0.7838506888235665,2.2291220286492863,-0.6483590046891543
2025-10-15 01:00:00,0,0,0.5337391192239695,0.0,-0.2435367246983633,0.7838506888235665,2.2291220286492863,-0.6483590046891543
2025-10-16 01:00:00,0,0,0.5404778978551616,0.0,-0.2435367246983633,0.7838506888235665,2.2291220286492863,-0.6483590046891543
2025-10-17 01:00:00,1,1,0.5621497489263961,-0.0166542548657486,-0.2601909795641119,0.7709043447682636,2.2291220286492863,-0.6541668267325027
2025-10-18 01:00:00,0,0,0.48587180296028465,0.0,-0.2601909795641119,0.7709043447682636,2.2291220286492863,-0.6541668267325027
2025-10-19 01:00:00,0,0,0.5269047328424441,0.0,-0.2601909795641119,0.7709043447682636,2.2291220286492863,-0.6541668267325027
2025-10-20 01:00:00,0,0,0.47875445858949384,0.0,-0.2601909795641119,0.7709043447682636,2.2291220286492863,-0.6541668267325027
2025-10-21 01:00:00,0,0,0.5095942617486466,0.0,-0.2601909795641119,0.7709043447682636,2.2291220286492863,-0.6541668267325027
2025-10-22 01:00:00,1,1,0.5555981026040957,-0.0029787160380067,-0.2631696956021186,0.7686114562599716,2.2291220286492863,-0.6551954328289045
2025-10-23 01:00:00,0,0,0.5140565040441495,0.0,-0.2631696956021186,0.7686114562599716,2.2291220286492863,-0.6551954328289045
2025-10-24 01:00:00,0,0,0.47785494984863497,0.0,-0.2631696956021186,0.7686114562599716,2.2291220286492863,-0.6551954328289045
2025-10-25 01:00:00,0,0,0.47530845425794005,0.0,-0.2631696956021186,0.7686114562599716,2.2291220286492863,-0.6551954328289045
2025-10-26 01:00:00,0,0,0.4831732736246402,0.0,-0.2631696956021186,0.7686114562599716,2.2291220286492863,-0.6551954328289045
2025-10-27 01:00:00,0,0,0.4827881096173593,0.0,-0.2631696956021186,0.7686114562599716,2.2291220286492863,-0.6551954328289045
2025-10-28 01:00:00,0,0,0.5387387449427526,0.0,-0.2631696956021186,0.7686114562599716,2.2291220286492863,-0.6551954328289045
2025-10-29 01:00:00,0,0,0.5455966121726893,0.0,-0.2631696956021186,0.7686114562599716,2.2291220286492863,-0.6551954328289045
2025-10-30 01:00:00,1,1,0.5643329402005844,-0.0086426033095408,-0.2718122989116594,0.7619972753853506,2.2291220286492863,-0.6581626014224645
2025-10-31 01:00:00,0,0,0.5041979797112772,0.0,-0.2718122989116594,0.7619972753853506,2.2291220286492863,-0.6581626014224645
2025-11-01 01:00:00,0,0,0.5139781721454746,0.0,-0.2718122989116594,0.7619972753853506,2.2291220286492863,-0.6581626014224645
2025-11-02 01:00:00,0,0,0.5315422269673351,0.0,-0.2718122989116594,0.7619972753853506,2.2291220286492863,-0.6581626014224645
2025-11-03 01:00:00,0,0,0.48646548362560843,0.0,-0.2718122989116594,0.7619972753853506,2.2291220286492863,-0.6581626014224645
2025-11-04 01:00:00,1,1,0.5534903578977624,-0.0614451606391162,-0.3332574595507756,0.7165856785771705,2.2291220286492863,-0.6785345668081804
2025-11-05 01:00:00,1,1,0.5948835254682943,0.024515172689183698,-0.30874228686159194,0.7343700024394579,2.2291220286492863,-0.6705563926060871
2025-11-06 01:00:00,0,0,0.46509498644849506,0.0,-0.30874228686159194,0.7343700024394579,2.2291220286492863,-0.6705563926060871
2025-11-07 01:00:00,1,1,0.5621347080647422,0.013255740949616901,-0.29548654591197504,0.7441694267767374,2.2291220286492863,-0.666160301135394
2025-11-08 01:00:00,0,0,0.4773002367034987,0.0,-0.29548654591197504,0.7441694267767374,2.2291220286492863,-0.666160301135394
2025-11-09 01:00:00,0,0,0.5189903821143047,0.0,-0.29548654591197504,0.7441694267767374,2.2291220286492863,-0.666160301135394
2025-11-10 01:00:00,0,0,0.48791640161335936,0.0,-0.29548654591197504,0.7441694267767374,2.2291220286492863,-0.666160301135394
2025-11-11 01:00:00,0,0,0.47502250413583974,0.0,-0.29548654591197504,0.7441694267767374,2.2291220286492863,-0.666160301135394
2025-11-12 01:00:00,0,0,0.5351962259421906,0.0,-0.29548654591197504,0.7441694267767374,2.2291220286492863,-0.666160301135394
2025-11-13 01:00:00,0,0,0.5464316488283046,0.0,-0.29548654591197504,0.7441694267767374,2.2291220286492863,-0.666160301135394
2025-11-14 01:00:00,1,1,0.5732633757616031,-0.0380008679515727,-0.33348741386354774,0.7164209155546207,2.2291220286492863,-0.6786084806722185
2025-11-15 01:00:00,1,1,0.5504681052954985,-0.0049130231712574,-0.33840043703480516,0.7129097552646952,2.2291220286492863,-0.680183612156632
2025-11-16 01:00:00,1,1,0.5729456350141012,-0.0063524394502566,-0.34475287648506175,0.708395392998201,2.2291220286492863,-0.6822087871845015
2025-11-17 01:00:00,0,0,0.5447906455019028,0.0,-0.34475287648506175,0.708395392998201,2.2291220286492863,-0.6822087871845015
2025-11-18 01:00:00,1,1,0.5521859173918391,0.006881475864277799,-0.33787140062078397,0.7132870102671592,2.2291220286492863,-0.6800143728787391
2025-11-19 01:00:00,0,0,0.48985510114005687,0.0,-0.33787140062078397,0.7132870102671592,2.2291220286492863,-0.6800143728787391
2025-11-20 01:00:00,0,0,0.4899963659169535,0.0,-0.33787140062078397,0.7132870102671592,2.2291220286492863,-0.6800143728787391
2025-11-21 01:00:00,1,1,0.5787752331913635,-0.022781547615114202,-0.36065294823589816,0.697220928236481,2.2291220286492863,-0.6872217315716203
2025-11-22 01:00:00,0,0,0.45033923501366235,0.0,-0.36065294823589816,0.697220928236481,2.2291220286492863,-0.6872217315716203
2025-11-23 01:00:00,0,0,0.47441227605363345,0.0,-0.36065294823589816,0.697220928236481,2.2291220286492863,-0.6872217315716203
2025-11-24 01:00:00,0,0,0.4703216068450843,0.0,-0.36065294823589816,0.697220928236481,2.2291220286492863,-0.6872217315716203
2025-11-25 01:00:00,0,0,0.47653042462568046,0.0,-0.36065294823589816,0.697220928236481,2.2291220286492863,-0.6872217315716203
2025-11-26 01:00:00,0,0,0.4883812700234241,0.0,-0.36065294823589816,0.697220928236481,2.2291220286492863,-0.6872217315716203
2025-11-27 01:00:00,0,0,0.5110489588212401,0.0,-0.36065294823589816,0.697220928236481,2.2291220286492863,-0.6872217315716203
2025-11-28 01:00:00,1,1,0.5901507666448328,-0.00015634549955130007,-0.36080929373544945,0.6971119294031188,2.2291220286492863,-0.6872706292236829
2025-11-29 01:00:00,1,1,0.5723562589050023,-0.0006467440041625001,-0.36145603773961194,0.6966612222043465,2.2291220286492863,-0.6874728196793779
2025-11-30 01:00:00,0,0,0.49204931255079914,0.0,-0.36145603773961194,0.6966612222043465,2.2291220286492863,-0.6874728196793779
2025-12-01 01:00:00,0,0,0.5014365287006368,0.0,-0.36145603773961194,0.6966612222043465,2.2291220286492863,-0.6874728196793779
2025-12-02 01:00:00,0,0,0.4965929791808467,0.0,-0.36145603773961194,0.6966612222043465,2.2291220286492863,-0.6874728196793779
2025-12-03 01:00:00,0,0,0.4896959333024031,0.0,-0.36145603773961194,0.6966612222043465,2.2291220286492863,-0.6874728196793779
2025-12-04 01:00:00,0,0,0.4778126651830146,0.0,-0.36145603773961194,0.6966612222043465,2.2291220286492863,-0.6874728196793779
2025-12-05 01:00:00,1,1,0.5833145759880458,-0.0342924031501267,-0.39574844088973865,0.6731760181994022,2.2291220286492863,-0.6980084492694614
2025-12-06 01:00:00,1,1,0.5790872339088198,-0.0013787636463311,-0.39712720453606976,0.6722485071341285,2.2291220286492863,-0.698424537331646
2025-12-07 01:00:00,1,1,0.5873055690015743,0.0168762181446699,-0.38025098639139987,0.6836897908428785,2.2291220286492863,-0.6932918960667428
2025-12-08 01:00:00,0,0,0.4726626544533649,0.0,-0.38025098639139987,0.6836897908428785,2.2291220286492863,-0.6932918960667428
2025-12-09 01:00:00,0,0,0.5355710813599391,0.0,-0.38025098639139987,0.6836897908428785,2.2291220286492863,-0.6932918960667428
2025-12-10 01:00:00,0,0,0.49397480119221077,0.0,-0.38025098639139987,0.6836897908428785,2.2291220286492863,-0.6932918960667428
2025-12-11 01:00:00,0,0,0.5432273992518949,0.0,-0.38025098639139987,0.6836897908428785,2.2291220286492863,-0.6932918960667428
2025-12-12 01:00:00,0,0,0.48472717697599393,0.0,-0.38025098639139987,0.6836897908428785,2.2291220286492863,-0.6932918960667428
2025-12-13 01:00:00,1,1,0.5638970916477183,-0.00029781875565960004,-0.38054880514705947,0.6834862055173815,2.2291220286492863,-0.6933832258920644
2025-12-14 01:00:00,0,0,0.5441216089929184,0.0,-0.38054880514705947,0.6834862055173815,2.2291220286492863,-0.6933832258920644
2025-12-15 01:00:00,0,0,0.47445945085230495,0.0,-0.38054880514705947,0.6834862055173815,2.2291220286492863,-0.6933832258920644
2025-12-16 01:00:00,0,0,0.5363906630306002,0.0,-0.38054880514705947,0.6834862055173815,2.2291220286492863,-0.6933832258920644
2025-12-17 01:00:00,0,0,0.47191239265812945,0.0,-0.38054880514705947,0.6834862055173815,2.2291220286492863,-0.6933832258920644
2025-12-18 01:00:00,1,1,0.559640291867703,-0.0103185657670289,-0.39086737091408835,0.6764698696703004,2.2291220286492863,-0.6965308040671957
2025-12-19 01:00:00,1,1,0.5757143327795653,0.0307848957599466,-0.36008247515414177,0.6976187874812819,2.2291220286492863,-0.6870432490840366
2025-12-20 01:00:00,0,0,0.4820359644514313,0.0,-0.36008247515414177,0.6976187874812819,2.2291220286492863,-0.6870432490840366
2025-12-21 01:00:00,1,1,0.5907835120240891,0.0059575288640353,-0.3541249462901065,0.7017872761605631,2.2291220286492863,-0.6851732354079314
2025-12-22 01:00:00,0,0,0.4718929783845912,0.0,-0.3541249462901065,0.7017872761605631,2.2291220286492863,-0.6851732354079314
2025-12-23 01:00:00,0,0,0.5284206926036163,0.0,-0.3541249462901065,0.7017872761605631,2.2291220286492863,-0.6851732354079314
2025-12-24 01:00:00,0,0,0.5350104467602628,0.0,-0.3541249462901065,0.7017872761605631,2.2291220286492863,-0.6851732354079314
2025-12-25 01:00:00,0,0,0.4791453680898348,0.0,-0.3541249462901065,0.7017872761605631,2.2291220286492863,-0.6851732354079314
2025-12-26 01:00:00,1,1,0.5694059507227355,-0.0005109409007198,-0.3546358871908263,0.7014287959264737,2.2291220286492863,-0.6853340521911682
2025-12-27 01:00:00,1,1,0.5602910678988282,0.0025481977616325,-0.3520876894291938,0.7032184544477162,2.2291220286492863,-0.6845311986469291
2025-12-28 01:00:00,0,0,0.4934402214388646,0.0,-0.3520876894291938,0.7032184544477162,2.2291220286492863,-0.6845311986469291
2025-12-29 01:00:00,0,0,0.4703672829213486,0.0,-0.3520876894291938,0.7032184544477162,2.2291220286492863,-0.6845311986469291
2025-12-30 01:00:00,0,0,0.544225194424979,0.0,-0.3520876894291938,0.7032184544477162,2.2291220286492863,-0.6845311986469291
2025-12-31 01:00:00,0,0,0.467441605531574,0.0,-0.3520876894291938,0.7032184544477162,2.2291220286492863,-0.6845311986469291
2026-01-01 00:00:00,0,0,0.5022247490418358,0.0,-0.3520876894291938,0.7032184544477162,2.2291220286492863,-0.6845311986469291
2026-01-02 00:00:00,0,0,0.5018456455748018,0.0,-0.3520876894291938,0.7032184544477162,2.2291220286492863,-0.6845311986469291
2026-01-03 00:00:00,0,0,0.4811048564761047,0.0,-0.3520876894291938,0.7032184544477162,2.2291220286492863,-0.6845311986469291
2026-01-04 00:00:00,0,0,0.5089158798748223,0.0,-0.3520876894291938,0.7032184544477162,2.2291220286492863,-0.6845311986469291
2026-01-05 00:00:00,0,0,0.4677002580179046,0.0,-0.3520876894291938,0.7032184544477162,2.2291220286492863,-0.6845311986469291
2026-01-06 00:00:00,0,0,0.4833228949247989,0.0,-0.3520876894291938,0.7032184544477162,2.2291220286492863,-0.6845311986469291
2026-01-07 00:00:00,1,1,0.5576767538868673,-0.0152835648470429,-0.3673712542762367,0.6925524842400288,2.2291220286492863,-0.6893160287596845
2026-01-08 00:00:00,0,0,0.544287794929265,0.0,-0.3673712542762367,0.6925524842400288,2.2291220286492863,-0.6893160287596845
2026-01-09 00:00:00,0,0,0.5031663774248216,0.0,-0.3673712542762367,0.6925524842400288,2.2291220286492863,-0.6893160287596845
2026-01-10 00:00:00,0,0,0.5469089066522954,0.0,-0.3673712542762367,0.6925524842400288,2.2291220286492863,-0.6893160287596845
2026-01-11 00:00:00,0,0,0.5392173176461238,0.0,-0.3673712542762367,0.6925524842400288,2.2291220286492863,-0.6893160287596845
2026-01-12 00:00:00,0,0,0.4733005226110538,0.0,-0.3673712542762367,0.6925524842400288,2.2291220286492863,-0.6893160287596845
2026-01-13 00:00:00,0,0,0.47656285611548715,0.0,-0.3673712542762367,0.6925524842400288,2.2291220286492863,-0.6893160287596845
2026-01-14 00:00:00,0,0,0.49844381080907624,0.0,-0.3673712542762367,0.6925524842400288,2.2291220286492863,-0.6893160287596845
2026-01-15 00:00:00,0,0,0.4794742030878439,0.0,-0.3673712542762367,0.6925524842400288,2.2291220286492863,-0.6893160287596845
2026-01-16 00:00:00,1,1,0.5766209216734615,-0.002753328179485,-0.37012458245572166,0.6906482826183407,2.2291220286492863,-0.6901702671536417
2026-01-17 00:00:00,0,0,0.5071396613246658,0.0,-0.37012458245572166,0.6906482826183407,2.2291220286492863,-0.6901702671536417
2026-01-18 00:00:00,0,0,0.5436803830363418,0.0,-0.37012458245572166,0.6906482826183407,2.2291220286492863,-0.6901702671536417
2026-01-19 00:00:00,0,0,0.5266614356491951,0.0,-0.37012458245572166,0.6906482826183407,2.2291220286492863,-0.6901702671536417
2026-01-20 00:00:00,0,0,0.5325565252263463,0.0,-0.37012458245572166,0.6906482826183407,2.2291220286492863,-0.6901702671536417
2026-01-21 00:00:00,0,0,0.5181493769033934,0.0,-0.37012458245572166,0.6906482826183407,2.2291220286492863,-0.6901702671536417
2026-01-22 00:00:00,0,0,0.4828725543202334,0.0,-0.37012458245572166,0.6906482826183407,2.2291220286492863,-0.6901702671536417
2026-01-23 00:00:00,0,0,0.5453521186536895,0.0,-0.37012458245572166,0.6906482826183407,2.2291220286492863,-0.6901702671536417
2026-01-24 00:00:00,0,0,0.5462891179729731,0.0,-0.37012458245572166,0.6906482826183407,2.2291220286492863,-0.6901702671536417
2026-01-25 00:00:00,0,0,0.5401877982160338,0.0,-0.37012458245572166,0.6906482826183407,2.2291220286492863,-0.6901702671536417
2026-01-26 00:00:00,0,0,0.4871855394950138,0.0,-0.37012458245572166,0.6906482826183407,2.2291220286492863,-0.6901702671536417
2026-01-27 00:00:00,0,0,0.4788328485740192,0.0,-0.37012458245572166,0.6906482826183407,2.2291220286492863,-0.6901702671536417
2026-01-28 00:00:00,0,0,0.4691218522114468,0.0,-0.37012458245572166,0.6906482826183407,2.2291220286492863,-0.6901702671536417
2026-01-29 00:00:00,0,0,0.5161088547767714,0.0,-0.37012458245572166,0.6906482826183407,2.2291220286492863,-0.6901702671536417
2026-01-30 00:00:00,1,1,0.5539318179775157,-0.002475931867288,-0.37260051432300967,0.6889403996996676,2.2291220286492863,-0.6909364355808174
2026-01-31 00:00:00,0,0,0.46560640937897035,0.0,-0.37260051432300967,0.6889403996996676,2.2291220286492863,-0.6909364355808174
2026-02-01 00:00:00,1,1,0.5544776673907542,-0.016707819414829402,-0.3893083337378391,0.6775253338859201,2.2291220286492863,-0.6960573153115087
2026-02-02 00:00:00,0,0,0.5421149606902642,0.0,-0.3893083337378391,0.6775253338859201,2.2291220286492863,-0.6960573153115087
2026-02-03 00:00:00,0,0,0.4705150149843152,0.0,-0.3893083337378391,0.6775253338859201,2.2291220286492863,-0.6960573153115087
2026-02-04 00:00:00,1,1,0.5768418310575057,-0.0419101609995716,-0.4312184947374107,0.6497169355336722,2.2291220286492863,-0.7085323606409464
2026-02-05 00:00:00,1,1,0.5671250222101301,-0.138462090655338,-0.5696805853927487,0.5657061046375637,2.2291220286492863,-0.746220217033005
2026-02-06 00:00:00,1,1,0.8139306738885833,0.0957072929952171,-0.4739732923975316,0.6225238784659399,2.2291220286492863,-0.7207313594926197
2026-02-07 00:00:00,0,0,0.45725384919818507,0.0,-0.4739732923975316,0.6225238784659399,2.2291220286492863,-0.7207313594926197
2026-02-08 00:00:00,1,1,0.5513044501123967,0.0186028554150962,-0.4553704369824354,0.6342129884826982,2.2291220286492863,-0.7154875415829105
2026-02-09 00:00:00,0,0,0.4908095465342858,0.0,-0.4553704369824354,0.6342129884826982,2.2291220286492863,-0.7154875415829105
2026-02-10 00:00:00,1,1,0.5501144531356702,-0.0100081439352632,-0.4653785809176986,0.6278973502326639,2.2291220286492863,-0.7183207818312523
2026-02-11 00:00:00,0,0,0.5154683836072909,0.0,-0.4653785809176986,0.6278973502326639,2.2291220286492863,-0.7183207818312523
2026-02-12 00:00:00,0,0,0.5086083506599037,0.0,-0.4653785809176986,0.6278973502326639,2.2291220286492863,-0.7183207818312523
2026-02-13 00:00:00,1,1,0.5582734544919749,0.0459928287129756,-0.419385752204723,0.6574505333529038,2.2291220286492863,-0.705063013642515
2026-02-14 00:00:00,0,0,0.5059539067888336,0.0,-0.419385752204723,0.6574505333529038,2.2291220286492863,-0.705063013642515
2026-02-15 00:00:00,0,0,0.4923504809651317,0.0,-0.419385752204723,0.6574505333529038,2.2291220286492863,-0.705063013642515
2026-02-16 00:00:00,1,1,0.5507773031467267,-0.0005286227273974,-0.4199143749321204,0.6571030819022916,2.2291220286492863,-0.7052188828350252
2026-02-17 00:00:00,0,0,0.5094995622528035,0.0,-0.4199143749321204,0.6571030819022916,2.2291220286492863,-0.7052188828350252
2026-02-18 00:00:00,1,1,0.567993385134366,-0.013802649710435998,-0.4337170246425564,0.6480956246306898,2.2291220286492863,-0.709259692246011
2026-02-19 00:00:00,1,1,0.5592205520242856,0.0107064012556524,-0.423010623386904,0.655071673994999,2.2291220286492863,-0.7061301868736487
2026-02-20 00:00:00,0,0,0.4875382317957183,0.0,-0.423010623386904,0.655071673994999,2.2291220286492863,-0.7061301868736487
2026-02-21 00:00:00,0,0,0.48124833497138736,0.0,-0.423010623386904,0.655071673994999,2.2291220286492863,-0.7061301868736487
2026-02-22 00:00:00,0,0,0.5427489254382013,0.0,-0.423010623386904,0.655071673994999,2.2291220286492863,-0.7061301868736487
2026-02-23 00:00:00,0,0,0.5231908589319181,0.0,-0.423010623386904,0.655071673994999,2.2291220286492863,-0.7061301868736487
2026-02-24 00:00:00,1,1,0.5604006573590439,-0.0121041430047218,-0.4351147663916258,0.6471903871102707,2.2291220286492863,-0.7096657882375201
2026-02-25 00:00:00,0,0,0.5094740600048703,0.0,-0.4351147663916258,0.6471903871102707,2.2291220286492863,-0.7096657882375201
2026-02-26 00:00:00,0,0,0.48488707086287586,0.0,-0.4351147663916258,0.6471903871102707,2.2291220286492863,-0.7096657882375201
2026-02-27 00:00:00,1,1,0.5998807532596167,-0.0202919472463504,-0.4554067136379762,0.6341899817738814,2.2291220286492863,-0.7154978625561552
2026-02-28 00:00:00,0,0,0.5314486500804914,0.0,-0.4554067136379762,0.6341899817738814,2.2291220286492863,-0.7154978625561552
2026-03-01 00:00:00,0,0,0.4816409662974951,0.0,-0.4554067136379762,0.6341899817738814,2.2291220286492863,-0.7154978625561552
2026-03-02 00:00:00,0,0,0.5228627296928469,0.0,-0.4554067136379762,0.6341899817738814,2.2291220286492863,-0.7154978625561552
2026-03-03 00:00:00,0,0,0.48094551456043966,0.0,-0.4554067136379762,0.6341899817738814,2.2291220286492863,-0.7154978625561552
2026-03-04 00:00:00,0,0,0.5138066125564071,0.0,-0.4554067136379762,0.6341899817738814,2.2291220286492863,-0.7154978625561552
2026-03-05 00:00:00,0,0,0.4725981649406886,0.0,-0.4554067136379762,0.6341899817738814,2.2291220286492863,-0.7154978625561552
2026-03-06 00:00:00,1,1,0.5887072993837968,-0.0397435926815661,-0.49515030631954227,0.6094792918220984,2.2291220286492863,-0.7265832538600832
2026-03-07 00:00:00,0,0,0.5282733484623012,0.0,-0.49515030631954227,0.6094792918220984,2.2291220286492863,-0.7265832538600832
2026-03-08 00:00:00,0,0,0.5473547752138385,0.0,-0.49515030631954227,0.6094792918220984,2.2291220286492863,-0.7265832538600832
2026-03-09 00:00:00,1,1,0.5668261719503888,0.0401393345019981,-0.4550109718175442,0.6344410069390701,2.2291220286492863,-0.7153852508812615
2026-03-10 00:00:00,0,0,0.47084250427627183,0.0,-0.4550109718175442,0.6344410069390701,2.2291220286492863,-0.7153852508812615
2026-03-11 00:00:00,0,0,0.5185210325701355,0.0,-0.4550109718175442,0.6344410069390701,2.2291220286492863,-0.7153852508812615
2026-03-12 00:00:00,0,0,0.48145472774587167,0.0,-0.4550109718175442,0.6344410069390701,2.2291220286492863,-0.7153852508812615
2026-03-13 00:00:00,0,0,0.4850700556504366,0.0,-0.4550109718175442,0.6344410069390701,2.2291220286492863,-0.7153852508812615
2026-03-14 00:00:00,1,1,0.5755953776554049,0.0039896567405457,-0.4510213150769985,0.636977264813836,2.2291220286492863,-0.7142474675557328
2026-03-15 00:00:00,0,0,0.4950146322963216,0.0,-0.4510213150769985,0.636977264813836,2.2291220286492863,-0.7142474675557328
2026-03-16 00:00:00,0,0,0.4641849587165828,0.0,-0.4510213150769985,0.636977264813836,2.2291220286492863,-0.7142474675557328
2026-03-17 00:00:00,0,0,0.4898487124197614,0.0,-0.4510213150769985,0.636977264813836,2.2291220286492863,-0.7142474675557328
2026-03-18 00:00:00,0,0,0.5461665685591635,0.0,-0.4510213150769985,0.636977264813836,2.2291220286492863,-0.7142474675557328
2026-03-19 00:00:00,0,0,0.5370632786463694,0.0,-0.4510213150769985,0.636977264813836,2.2291220286492863,-0.7142474675557328
2026-03-20 00:00:00,0,0,0.5038684557394235,0.0,-0.4510213150769985,0.636977264813836,2.2291220286492863,-0.7142474675557328
2026-03-21 00:00:00,0,0,0.49098401754862836,0.0,-0.4510213150769985,0.636977264813836,2.2291220286492863,-0.7142474675557328
2026-03-22 00:00:00,1,1,0.5638263905970864,-0.0198071098079453,-0.4708284248849438,0.6244847152570111,2.2291220286492863,-0.7198517141587752
2026-03-23 00:00:00,1,1,0.5554457188927131,0.0425085263001593,-0.42831989858478453,0.65160293459763,2.2291220286492863,-0.7076862880438797
2026-03-24 00:00:00,0,0,0.484169812275417,0.0,-0.42831989858478453,0.65160293459763,2.2291220286492863,-0.7076862880438797
2026-03-25 00:00:00,0,0,0.5034889193404588,0.0,-0.42831989858478453,0.65160293459763,2.2291220286492863,-0.7076862880438797
2026-03-26 00:00:00,0,0,0.4698166058542361,0.0,-0.42831989858478453,0.65160293459763,2.2291220286492863,-0.7076862880438797
2026-03-27 00:00:00,0,0,0.5485840034930191,0.0,-0.42831989858478453,0.65160293459763,2.2291220286492863,-0.7076862880438797
2026-03-28 00:00:00,0,0,0.5207968900440462,0.0,-0.42831989858478453,0.65160293459763,2.2291220286492863,-0.7076862880438797
2026-03-29 00:00:00,0,0,0.537048089657137,0.0,-0.42831989858478453,0.65160293459763,2.2291220286492863,-0.7076862880438797
2026-03-30 00:00:00,0,0,0.5280797875646592,0.0,-0.42831989858478453,0.65160293459763,2.2291220286492863,-0.7076862880438797
2026-03-31 00:00:00,0,0,0.49244772235183254,0.0,-0.42831989858478453,0.65160293459763,2.2291220286492863,-0.7076862880438797
2026-04-01 00:00:00,0,0,0.47777934535893013,0.0,-0.42831989858478453,0.65160293459763,2.2291220286492863,-0.7076862880438797
2026-04-02 00:00:00,0,0,0.4730038095677622,0.0,-0.42831989858478453,0.65160293459763,2.2291220286492863,-0.7076862880438797
2026-04-03 00:00:00,0,0,0.5322353007421338,0.0,-0.42831989858478453,0.65160293459763,2.2291220286492863,-0.7076862880438797
2026-04-04 00:00:00,0,0,0.5208630933988422,0.0,-0.42831989858478453,0.65160293459763,2.2291220286492863,-0.7076862880438797
2026-04-05 00:00:00,0,0,0.5222472735641956,0.0,-0.42831989858478453,0.65160293459763,2.2291220286492863,-0.7076862880438797
2026-04-06 00:00:00,0,0,0.5154082476273322,0.0,-0.42831989858478453,0.65160293459763,2.2291220286492863,-0.7076862880438797
2026-04-07 00:00:00,0,0,0.5333903556547859,0.0,-0.42831989858478453,0.65160293459763,2.2291220286492863,-0.7076862880438797
2026-04-08 00:00:00,0,0,0.5307638205106313,0.0,-0.42831989858478453,0.65160293459763,2.2291220286492863,-0.7076862880438797
2026-04-09 00:00:00,1,1,0.5665121180142091,0.0150746116294024,-0.41324528695538215,0.6615000056040591,2.2291220286492863,-0.7032463915827487
2026-04-10 00:00:00,0,0,0.4826769995096824,0.0,-0.41324528695538215,0.6615000056040591,2.2291220286492863,-0.7032463915827487
2026-04-11 00:00:00,0,0,0.4961121962157811,0.0,-0.41324528695538215,0.6615000056040591,2.2291220286492863,-0.7032463915827487
2026-04-12 00:00:00,0,0,0.49393678521895196,0.0,-0.41324528695538215,0.6615000056040591,2.2291220286492863,-0.7032463915827487
2026-04-13 00:00:00,0,0,0.5376197509820116,0.0,-0.41324528695538215,0.6615000056040591,2.2291220286492863,-0.7032463915827487
2026-04-14 00:00:00,0,0,0.505335237415767,0.0,-0.41324528695538215,0.6615000056040591,2.2291220286492863,-0.7032463915827487
2026-04-15 00:00:00,0,0,0.47377281406818916,0.0,-0.41324528695538215,0.6615000056040591,2.2291220286492863,-0.7032463915827487
2026-04-16 00:00:00,0,0,0.4718249140145261,0.0,-0.41324528695538215,0.6615000056040591,2.2291220286492863,-0.7032463915827487
2026-04-17 00:00:00,0,0,0.48603594554367985,0.0,-0.41324528695538215,0.6615000056040591,2.2291220286492863,-0.7032463915827487
2026-04-18 00:00:00,0,0,0.49958350085789005,0.0,-0.41324528695538215,0.6615000056040591,2.2291220286492863,-0.7032463915827487
2026-04-19 00:00:00,1,1,0.5683808060295126,-0.0198439468927202,-0.43308923384810233,0.6485026208386281,2.2291220286492863,-0.7090771108517636
2026-04-20 00:00:00,0,0,0.5159310803282945,0.0,-0.43308923384810233,0.6485026208386281,2.2291220286492863,-0.7090771108517636
2026-04-21 00:00:00,0,0,0.46731437699348477,0.0,-0.43308923384810233,0.6485026208386281,2.2291220286492863,-0.7090771108517636
2026-04-22 00:00:00,0,0,0.4738584776347627,0.0,-0.43308923384810233,0.6485026208386281,2.2291220286492863,-0.7090771108517636
2026-04-23 00:00:00,0,0,0.4835365610765938,0.0,-0.43308923384810233,0.6485026208386281,2.2291220286492863,-0.7090771108517636
2026-04-24 00:00:00,0,0,0.49520794139390956,0.0,-0.43308923384810233,0.6485026208386281,2.2291220286492863,-0.7090771108517636
2026-04-25 00:00:00,1,1,0.5528349355266994,-0.00041249080004350004,-0.43350172464814585,0.648235174637069,2.2291220286492863,-0.7091970891203921
2026-04-26 00:00:00,0,0,0.5246652130114839,0.0,-0.43350172464814585,0.648235174637069,2.2291220286492863,-0.7091970891203921
2026-04-27 00:00:00,0,0,0.4731100524935793,0.0,-0.43350172464814585,0.648235174637069,2.2291220286492863,-0.7091970891203921
2026-04-28 00:00:00,1,1,0.5542158248824298,-0.012275847154722599,-0.4457775718028684,0.6403261828213969,2.2291220286492863,-0.7127451191133776
2026-04-29 00:00:00,0,0,0.49779166348981846,0.0,-0.4457775718028684,0.6403261828213969,2.2291220286492863,-0.7127451191133776
2026-04-30 00:00:00,0,0,0.530588475468939,0.0,-0.4457775718028684,0.6403261828213969,2.2291220286492863,-0.7127451191133776
2026-05-01 00:00:00,0,0,0.4916727943637228,0.0,-0.4457775718028684,0.6403261828213969,2.2291220286492863,-0.7127451191133776
2026-05-02 00:00:00,0,0,0.4851138250876314,0.0,-0.4457775718028684,0.6403261828213969,2.2291220286492863,-0.7127451191133776
2026-05-03 00:00:00,0,0,0.5073688273922092,0.0,-0.4457775718028684,0.6403261828213969,2.2291220286492863,-0.7127451191133776
2026-05-04 00:00:00,0,0,0.4759179141836496,0.0,-0.4457775718028684,0.6403261828213969,2.2291220286492863,-0.7127451191133776
2026-05-05 00:00:00,0,0,0.4717081093530674,0.0,-0.4457775718028684,0.6403261828213969,2.2291220286492863,-0.7127451191133776
2026-05-06 00:00:00,0,0,0.478092858625172,0.0,-0.4457775718028684,0.6403261828213969,2.2291220286492863,-0.7127451191133776
2026-05-07 00:00:00,0,0,0.5018273483438075,0.0,-0.4457775718028684,0.6403261828213969,2.2291220286492863,-0.7127451191133776
2026-05-08 00:00:00,0,0,0.5354334151302479,0.0,-0.4457775718028684,0.6403261828213969,2.2291220286492863,-0.7127451191133776
2026-05-09 00:00:00,0,0,0.5061950182817297,0.0,-0.4457775718028684,0.6403261828213969,2.2291220286492863,-0.7127451191133776
2026-05-10 00:00:00,0,0,0.5154215509500255,0.0,-0.4457775718028684,0.6403261828213969,2.2291220286492863,-0.7127451191133776
2026-05-11 00:00:00,0,0,0.4732647458784122,0.0,-0.4457775718028684,0.6403261828213969,2.2291220286492863,-0.7127451191133776
2026-05-12 00:00:00,0,0,0.4804181443769226,0.0,-0.4457775718028684,0.6403261828213969,2.2291220286492863,-0.7127451191133776
2026-05-13 00:00:00,0,0,0.4960276650704098,0.0,-0.4457775718028684,0.6403261828213969,2.2291220286492863,-0.7127451191133776
2026-05-14 00:00:00,0,0,0.5153923080387329,0.0,-0.4457775718028684,0.6403261828213969,2.2291220286492863,-0.7127451191133776
2026-05-15 00:00:00,0,0,0.48400750724030084,0.0,-0.4457775718028684,0.6403261828213969,2.2291220286492863,-0.7127451191133776
2026-05-16 00:00:00,1,1,0.5537453221288443,-0.0158492039119926,-0.461626775714861,0.6302575234647297,2.2291220286492863,-0.7172619913291028
2026-05-17 00:00:00,1,1,0.5587394111427544,-0.010486020094587899,-0.47211279580944887,0.6236831601031919,2.2291220286492863,-0.7202112975030325
2026-05-18 00:00:00,0,0,0.48528210724179927,0.0,-0.47211279580944887,0.6236831601031919,2.2291220286492863,-0.7202112975030325
2026-05-19 00:00:00,0,0,0.5043384757308005,0.0,-0.47211279580944887,0.6236831601031919,2.2291220286492863,-0.7202112975030325
2026-05-20 00:00:00,0,0,0.5178396448199124,0.0,-0.47211279580944887,0.6236831601031919,2.2291220286492863,-0.7202112975030325
2026-05-21 00:00:00,0,0,0.46437218387064416,0.0,-0.47211279580944887,0.6236831601031919,2.2291220286492863,-0.7202112975030325
2026-05-22 00:00:00,0,0,0.5412350807103027,0.0,-0.47211279580944887,0.6236831601031919,2.2291220286492863,-0.7202112975030325
2026-05-23 00:00:00,0,0,0.5124736673321978,0.0,-0.47211279580944887,0.6236831601031919,2.2291220286492863,-0.7202112975030325
2026-05-24 00:00:00,0,0,0.48676455524030793,0.0,-0.47211279580944887,0.6236831601031919,2.2291220286492863,-0.7202112975030325
2026-05-25 00:00:00,0,0,0.46952771847313546,0.0,-0.47211279580944887,0.6236831601031919,2.2291220286492863,-0.7202112975030325
2026-05-26 00:00:00,0,0,0.49435493322253593,0.0,-0.47211279580944887,0.6236831601031919,2.2291220286492863,-0.7202112975030325
2026-05-27 00:00:00,0,0,0.5189191940736722,0.0,-0.47211279580944887,0.6236831601031919,2.2291220286492863,-0.7202112975030325
2026-05-28 00:00:00,0,0,0.535545009034341,0.0,-0.47211279580944887,0.6236831601031919,2.2291220286492863,-0.7202112975030325
2026-05-29 00:00:00,0,0,0.5056843372354788,0.0,-0.47211279580944887,0.6236831601031919,2.2291220286492863,-0.7202112975030325
2026-05-30 00:00:00,0,0,0.5355479279163037,0.0,-0.47211279580944887,0.6236831601031919,2.2291220286492863,-0.7202112975030325
2026-05-31 00:00:00,0,0,0.5169028523129265,0.0,-0.47211279580944887,0.6236831601031919,2.2291220286492863,-0.7202112975030325
2026-06-01 00:00:00,0,0,0.4902454304807397,0.0,-0.47211279580944887,0.6236831601031919,2.2291220286492863,-0.7202112975030325
2026-06-02 00:00:00,0,0,0.5256976947864552,0.0,-0.47211279580944887,0.6236831601031919,2.2291220286492863,-0.7202112975030325
2026-06-03 00:00:00,0,0,0.5423397170526968,0.0,-0.47211279580944887,0.6236831601031919,2.2291220286492863,-0.7202112975030325
2026-06-04 00:00:00,1,1,0.5512218641408266,0.00028972030477420006,-0.47182307550467467,0.6238638799562609,2.2291220286492863,-0.7201302252913069
2026-06-05 00:00:00,0,0,0.5313411477332087,0.0,-0.47182307550467467,0.6238638799562609,2.2291220286492863,-0.7201302252913069
2026-06-06 00:00:00,1,1,0.565181464881688,-0.009050165017336399,-0.4808732405220111,0.618243280931741,2.2291220286492863,-0.7226516659985819
2026-06-07 00:00:00,0,0,0.5222030858228601,0.0,-0.4808732405220111,0.618243280931741,2.2291220286492863,-0.7226516659985819
