timestamp,position,signal,prob_up,net_return,cum_log_return,equity,running_max,drawdown,size_mult,position_sized,net_return_sized,equity_sized,running_max_sized,drawdown_sized
2020-01-01 00:00:00,0,0,0.4513009773775769,0.0,0.0,1.0,1.0,0.0,-0.09739804524484619,0.0,0.0,1.0,1.0,0.0
2020-01-02 00:00:00,0,0,0.4678932743380129,0.0,0.0,1.0,1.0,0.0,-0.06421345132397416,0.0,0.0,1.0,1.0,0.0
2020-01-03 00:00:00,1,1,0.6455292185658917,0.050311745997627,0.050311745997627,1.0515988770222378,1.0515988770222378,0.0,0.2910584371317835,0.2910584371317835,0.014643658159440577,1.0147514017995216,1.0147514017995216,0.0
2020-01-04 00:00:00,0,0,0.4577725261998482,0.0,0.050311745997627,1.0515988770222378,1.0515988770222378,0.0,-0.08445494760030359,0.0,0.0,1.0147514017995216,1.0147514017995216,0.0
2020-01-05 00:00:00,-1,-1,0.4137291345333366,-0.0017144682836669,0.0485972777139601,1.0497974887532209,1.0515988770222378,-0.0017129994224774,-0.1725417309333268,-0.1725417309333268,-0.0002958173252941769,1.014451265149002,1.0147514017995216,-0.0002957735756632385
2020-01-06 00:00:00,0,0,0.4805513502960173,0.0,0.0485972777139601,1.0497974887532209,1.0515988770222378,-0.0017129994224774,-0.03889729940796538,0.0,0.0,1.014451265149002,1.0147514017995216,-0.0002957735756632385
2020-01-07 00:00:00,0,0,0.5007133125213831,0.0,0.0485972777139601,1.0497974887532209,1.0515988770222378,-0.0017129994224774,0.0014266250427661387,0.0,0.0,1.014451265149002,1.0147514017995216,-0.0002957735756632385
2020-01-08 00:00:00,0,0,0.4943777414040811,0.0,0.0485972777139601,1.0497974887532209,1.0515988770222378,-0.0017129994224774,-0.011244517191837833,0.0,0.0,1.014451265149002,1.0147514017995216,-0.0002957735756632385
2020-01-09 00:00:00,0,0,0.5478159453686503,0.0,0.0485972777139601,1.0497974887532209,1.0515988770222378,-0.0017129994224774,0.0956318907373006,0.0,0.0,1.014451265149002,1.0147514017995216,-0.0002957735756632385
2020-01-10 00:00:00,1,1,0.6698348034988724,0.0426508758626657,0.0912481535766258,1.0955408339057182,1.0955408339057182,0.0,0.33966960699774473,0.33966960699774473,0.014487206242381256,1.029254801883055,1.029254801883055,0.0
2020-01-11 00:00:00,-1,-1,0.4222213886281,0.0123127369327232,0.1035608905093491,1.1091133257843382,1.1091133257843382,0.0,-0.15555722274380002,-0.15555722274380002,0.001915335161629436,1.0312280589164244,1.0312280589164244,0.0
2020-01-12 00:00:00,1,1,0.581601513839158,0.0103288682295024,0.1138897587388515,1.120628578566547,1.120628578566547,0.0,0.16320302767831607,0.16320302767831607,0.0016857025675451596,1.0329678686919814,1.0329678686919814,0.0
2020-01-13 00:00:00,0,0,0.4801193328783908,0.0,0.1138897587388515,1.120628578566547,1.120628578566547,0.0,-0.03976133424321837,0.0,0.0,1.0329678686919814,1.0329678686919814,0.0
2020-01-14 00:00:00,0,0,0.4911704981900688,0.0,0.1138897587388515,1.120628578566547,1.120628578566547,0.0,-0.01765900361986239,0.0,0.0,1.0329678686919814,1.0329678686919814,0.0
2020-01-15 00:00:00,0,0,0.4825498737029713,0.0,0.1138897587388515,1.120628578566547,1.120628578566547,0.0,-0.03490025259405738,0.0,0.0,1.0329678686919814,1.0329678686919814,0.0
2020-01-16 00:00:00,0,0,0.5334207988164795,0.0,0.1138897587388515,1.120628578566547,1.120628578566547,0.0,0.06684159763295905,0.0,0.0,1.0329678686919814,1.0329678686919814,0.0
2020-01-17 00:00:00,0,0,0.5467035788620179,0.0,0.1138897587388515,1.120628578566547,1.120628578566547,0.0,0.09340715772403585,0.0,0.0,1.0329678686919814,1.0329678686919814,0.0
2020-01-18 00:00:00,0,0,0.4523838172686085,0.0,0.1138897587388515,1.120628578566547,1.120628578566547,0.0,-0.09523236546278302,0.0,0.0,1.0329678686919814,1.0329678686919814,0.0
2020-01-19 00:00:00,0,0,0.4582432439216867,0.0,0.1138897587388515,1.120628578566547,1.120628578566547,0.0,-0.08351351215662661,0.0,0.0,1.0329678686919814,1.0329678686919814,0.0
2020-01-20 00:00:00,0,0,0.5419041662020163,0.0,0.1138897587388515,1.120628578566547,1.120628578566547,0.0,0.08380833240403263,0.0,0.0,1.0329678686919814,1.0329678686919814,0.0
2020-01-21 00:00:00,0,0,0.4787361688324427,0.0,0.1138897587388515,1.120628578566547,1.120628578566547,0.0,-0.042527662335114624,0.0,0.0,1.0329678686919814,1.0329678686919814,0.0
2020-01-22 00:00:00,0,0,0.4805233970090994,0.0,0.1138897587388515,1.120628578566547,1.120628578566547,0.0,-0.03895320598180119,0.0,0.0,1.0329678686919814,1.0329678686919814,0.0
2020-01-23 00:00:00,0,0,0.4650249141893869,0.0,0.1138897587388515,1.120628578566547,1.120628578566547,0.0,-0.06995017162122619,0.0,0.0,1.0329678686919814,1.0329678686919814,0.0
2020-01-24 00:00:00,1,1,0.6498885199826185,-0.0129031222653199,0.1009866364735316,1.1062618581050212,1.120628578566547,-0.0128202338725852,0.2997770399652371,0.2997770399652371,-0.003868059799007144,1.0289800048255435,1.0329678686919814,-0.0038605884919611366
2020-01-25 00:00:00,1,1,0.6074014535711277,0.0009777048846605,0.1019643413581922,1.1073439846414033,1.120628578566547,-0.0118545914134519,0.21480290714225547,0.21480290714225547,0.00021001385155225896,1.029196127573118,1.0329678686919814,-0.0036513634481577517
2020-01-26 00:00:00,0,0,0.4914241839066867,0.0,0.1019643413581922,1.1073439846414033,1.120628578566547,-0.0118545914134519,-0.01715163218662663,0.0,0.0,1.029196127573118,1.0329678686919814,-0.0036513634481577517
2020-01-27 00:00:00,0,0,0.4691702345976161,0.0,0.1019643413581922,1.1073439846414033,1.120628578566547,-0.0118545914134519,-0.061659530804767826,0.0,0.0,1.029196127573118,1.0329678686919814,-0.0036513634481577517
2020-01-28 00:00:00,0,0,0.5255753580439939,0.0,0.1019643413581922,1.1073439846414033,1.120628578566547,-0.0118545914134519,0.051150716087987824,0.0,0.0,1.029196127573118,1.0329678686919814,-0.0036513634481577517
2020-01-29 00:00:00,0,0,0.4773659290779382,0.0,0.1019643413581922,1.1073439846414033,1.120628578566547,-0.0118545914134519,-0.045268141844123644,0.0,0.0,1.029196127573118,1.0329678686919814,-0.0036513634481577517
2020-01-30 00:00:00,1,1,0.5540930809437059,0.0198602200651496,0.1218245614233418,1.12955591671389,1.12955591671389,0.0,0.10818616188741181,0.10818616188741181,0.002148600983087899,1.0314098367218087,1.0329678686919814,-0.001508306325293085
2020-01-31 00:00:00,0,0,0.5201658680739656,0.0,0.1218245614233418,1.12955591671389,1.12955591671389,0.0,0.040331736147931174,0.0,0.0,1.0314098367218087,1.0329678686919814,-0.001508306325293085
2020-02-01 00:00:00,0,0,0.505596143332385,0.0,0.1218245614233418,1.12955591671389,1.12955591671389,0.0,0.011192286664770013,0.0,0.0,1.0314098367218087,1.0329678686919814,-0.001508306325293085
2020-02-02 00:00:00,1,1,0.5671298450659263,0.0078156228623031,0.1296401842856449,1.1384186886880523,1.1384186886880523,0.0,0.13425969013185268,0.13425969013185268,0.0010493231036802376,1.0324926869233526,1.0329678686919814,-0.00046001602085699034
2020-02-03 00:00:00,0,0,0.4716515790897995,0.0,0.1296401842856449,1.1384186886880523,1.1384186886880523,0.0,-0.05669684182040102,0.0,0.0,1.0324926869233526,1.0329678686919814,-0.00046001602085699034
2020-02-04 00:00:00,0,0,0.5137307270838369,0.0,0.1296401842856449,1.1384186886880523,1.1384186886880523,0.0,0.02746145416767387,0.0,0.0,1.0324926869233526,1.0329678686919814,-0.00046001602085699034
2020-02-05 00:00:00,0,0,0.4899663553306935,0.0,0.1296401842856449,1.1384186886880523,1.1384186886880523,0.0,-0.020067289338613015,0.0,0.0,1.0324926869233526,1.0329678686919814,-0.00046001602085699034
2020-02-06 00:00:00,0,0,0.5469873442996647,0.0,0.1296401842856449,1.1384186886880523,1.1384186886880523,0.0,0.09397468859932934,0.0,0.0,1.0324926869233526,1.0329678686919814,-0.00046001602085699034
2020-02-07 00:00:00,1,1,0.563881741707551,-0.0011174599041753,0.1285227243814696,1.1371472619657756,1.1384186886880523,-0.0011168357783566,0.12776348341510202,0.12776348341510202,-0.00014277056993414246,1.032345287876361,1.0329678686919814,-0.0006027107274970689
2020-02-08 00:00:00,0,0,0.4666166163093133,0.0,0.1285227243814696,1.1371472619657756,1.1384186886880523,-0.0011168357783566,-0.06676676738137344,0.0,0.0,1.032345287876361,1.0329678686919814,-0.0006027107274970689
2020-02-09 00:00:00,-1,-1,0.4378005688680144,-0.0205688714168678,0.1079538529646018,1.1139963365719172,1.1384186886880523,-0.0214528734979572,-0.12439886226397123,-0.12439886226397123,-0.002558744202312272,1.0297071569466916,1.0329678686919814,-0.003156643922931357
2020-02-10 01:00:00,0,0,0.4687772179609909,0.0,0.1079538529646018,1.1139963365719172,1.1384186886880523,-0.0214528734979572,-0.062445564078018156,0.0,0.0,1.0297071569466916,1.0329678686919814,-0.003156643922931357
2020-02-11 01:00:00,1,1,0.5552282987081943,0.0453248222550249,0.1532786752196267,1.1656497713908829,1.1656497713908829,0.0,0.11045659741638869,0.11045659741638869,0.0050064256447926595,1.0348752352692636,1.0348752352692636,0.0
2020-02-12 01:00:00,-1,-1,0.4308683727096091,-0.0120156265667083,0.1412630486529184,1.1517275685270072,1.1656497713908829,-0.0119437271859652,-0.1382632545807818,-0.1382632545807818,-0.0016613196349403948,1.0331574040496632,1.0348752352692636,-0.0016599404073608381
2020-02-13 01:00:00,0,0,0.5429511926957414,0.0,0.1412630486529184,1.1517275685270072,1.1656497713908829,-0.0119437271859652,0.08590238539148287,0.0,0.0,1.0331574040496632,1.0348752352692636,-0.0016599404073608381
2020-02-14 01:00:00,1,1,0.5758476962599416,0.0006226736247803,0.1418857222776987,1.1524449422285243,1.1656497713908829,-0.0113282990195262,0.15169539251988318,0.15169539251988318,9.445671992282606e-05,1.0332549973183112,1.0348752352692636,-0.0015656360261929736
2020-02-15 01:00:00,0,0,0.5172405743901453,0.0,0.1418857222776987,1.1524449422285243,1.1656497713908829,-0.0113282990195262,0.034481148780290516,0.0,0.0,1.0332549973183112,1.0348752352692636,-0.0015656360261929736
2020-02-16 01:00:00,1,1,0.5862197870148602,-0.008902454358066,0.1329832679196327,1.1422308862720154,1.1656497713908829,-0.0200908417722445,0.17243957402972043,0.17243957402972043,-0.0015351354373239292,1.0316700278388102,1.0348752352692636,-0.0030971921263720503
2020-02-17 01:00:00,1,1,0.5531085042351079,-0.0155355022027592,0.1174477657168735,1.124622884539323,1.1656497713908829,-0.0351965812189073,0.10621700847021587,0.10621700847021587,-0.0016501345690595312,1.0299690372796477,1.0348752352692636,-0.004740859402572628
2020-02-18 01:00:00,0,0,0.4914260502032256,0.0,0.1174477657168735,1.124622884539323,1.1656497713908829,-0.0351965812189073,-0.017147899593548788,0.0,0.0,1.0299690372796477,1.0348752352692636,-0.004740859402572628
2020-02-19 01:00:00,0,0,0.4804276660505636,0.0,0.1174477657168735,1.124622884539323,1.1656497713908829,-0.0351965812189073,-0.03914466789887283,0.0,0.0,1.0299690372796477,1.0348752352692636,-0.004740859402572628
2020-02-20 06:00:00,0,0,0.4994822573627724,0.0,0.1174477657168735,1.124622884539323,1.1656497713908829,-0.0351965812189073,-0.0010354852744551835,0.0,0.0,1.0299690372796477,1.0348752352692636,-0.004740859402572628
2020-02-21 06:00:00,0,0,0.4772280319549052,0.0,0.1174477657168735,1.124622884539323,1.1656497713908829,-0.0351965812189073,-0.045543936090189585,0.0,0.0,1.0299690372796477,1.0348752352692636,-0.004740859402572628
2020-02-22 06:00:00,1,1,0.5637176927520798,0.028925508706515,0.1463732744233885,1.1576282204189383,1.1656497713908829,-0.0068816133017146,0.12743538550415967,0.12743538550415967,0.003686133352918666,1.0337726464990211,1.0348752352692636,-0.001065431592780941
2020-02-23 06:00:00,-1,-1,0.4359926384335162,0.015877818390913,0.1622510928143015,1.1761555284489047,1.1761555284489047,0.0,-0.12801472313296758,-0.12801472313296758,0.002032594525268268,1.0358760240533529,1.0358760240533529,0.0
2020-02-24 06:00:00,0,0,0.5226876762922522,0.0,0.1622510928143015,1.1761555284489047,1.1761555284489047,0.0,0.045375352584504425,0.0,0.0,1.0358760240533529,1.0358760240533529,0.0
2020-02-25 06:00:00,0,0,0.5132377788517889,0.0,0.1622510928143015,1.1761555284489047,1.1761555284489047,0.0,0.02647555770357779,0.0,0.0,1.0358760240533529,1.0358760240533529,0.0
2020-02-26 06:00:00,0,0,0.4786044282606268,0.0,0.1622510928143015,1.1761555284489047,1.1761555284489047,0.0,-0.04279114347874635,0.0,0.0,1.0358760240533529,1.0358760240533529,0.0
2020-02-27 06:00:00,0,0,0.5223013922852556,0.0,0.1622510928143015,1.1761555284489047,1.1761555284489047,0.0,0.044602784570511256,0.0,0.0,1.0358760240533529,1.0358760240533529,0.0
2020-02-28 06:00:00,1,1,0.6219693219058359,-0.0088975123126819,0.1533535805016196,1.16573708798591,1.1761555284489047,-0.0088580465856709,0.24393864381167174,0.24393864381167174,-0.002170447086853274,1.033630148113714,1.0358760240533529,-0.0021680933697556526
2020-02-29 06:00:00,0,0,0.4700679386450357,0.0,0.1533535805016196,1.16573708798591,1.1761555284489047,-0.0088580465856709,-0.05986412270992858,0.0,0.0,1.033630148113714,1.0358760240533529,-0.0021680933697556526
2020-03-01 06:00:00,1,1,0.6413328983545825,0.0084837902704204,0.16183737077204,1.175669027626654,1.1761555284489047,-0.0004136364710985,0.28266579670916503,0.28266579670916503,0.002398077335901845,1.036111847609961,1.036111847609961,0.0
2020-03-02 06:00:00,0,0,0.4538073993284883,0.0,0.16183737077204,1.175669027626654,1.1761555284489047,-0.0004136364710985,-0.09238520134302342,0.0,0.0,1.036111847609961,1.036111847609961,0.0
2020-03-03 06:00:00,0,0,0.5177068170147417,0.0,0.16183737077204,1.175669027626654,1.1761555284489047,-0.0004136364710985,0.0354136340294835,0.0,0.0,1.036111847609961,1.036111847609961,0.0
2020-03-04 06:00:00,0,0,0.4784290363950652,0.0,0.16183737077204,1.175669027626654,1.1761555284489047,-0.0004136364710985,-0.043141927209869646,0.0,0.0,1.036111847609961,1.036111847609961,0.0
2020-03-05 07:00:00,0,0,0.5139954526299424,0.0,0.16183737077204,1.175669027626654,1.1761555284489047,-0.0004136364710985,0.02799090525988479,0.0,0.0,1.036111847609961,1.036111847609961,0.0
2020-03-06 07:00:00,0,0,0.5370449982068618,0.0,0.16183737077204,1.175669027626654,1.1761555284489047,-0.0004136364710985,0.0740899964137236,0.0,0.0,1.036111847609961,1.036111847609961,0.0
2020-03-07 07:00:00,0,0,0.4901917286182281,0.0,0.16183737077204,1.175669027626654,1.1761555284489047,-0.0004136364710985,-0.019616542763543854,0.0,0.0,1.036111847609961,1.036111847609961,0.0
2020-03-08 07:00:00,1,1,0.6048457986304311,-0.1021173199565767,0.0597200508154633,1.0615393278750465,1.1761555284489047,-0.09744986764209,0.20969159726086217,0.20969159726086217,-0.021413143929693085,1.014161289449855,1.036111847609961,-0.02118551024268278
2020-03-09 07:00:00,0,0,0.5175497495587891,0.0,0.0597200508154633,1.0615393278750465,1.1761555284489047,-0.09744986764209,0.03509949911757815,0.0,0.0,1.014161289449855,1.036111847609961,-0.02118551024268278
2020-03-10 07:00:00,-1,-1,0.4418526044576532,0.003975560782468,0.0636956115979313,1.065767941982734,1.1761555284489047,-0.0938545828303406,-0.11629479108469365,-0.11629479108469365,0.00046233701064161726,1.0146302821567168,1.036111847609961,-0.0207328634478956
2020-03-11 07:00:00,0,0,0.5195473940010551,0.0,0.0636956115979313,1.065767941982734,1.1761555284489047,-0.0938545828303406,0.03909478800211019,0.0,0.0,1.0146302821567168,1.036111847609961,-0.0207328634478956
2020-03-12 07:00:00,0,0,0.4867611925713977,0.0,0.0636956115979313,1.065767941982734,1.1761555284489047,-0.0938545828303406,-0.026477614857204568,0.0,0.0,1.0146302821567168,1.036111847609961,-0.0207328634478956
2020-03-13 07:00:00,1,1,0.7632545449917125,0.0200419594191146,0.0837375710170459,1.0873435059130578,1.1761555284489047,-0.0755104409133464,0.526509089983425,0.526509089983425,0.010552273815242761,1.0253936277249485,1.036111847609961,-0.010344655270313252
2020-03-14 07:00:00,0,0,0.5281226873590693,0.0,0.0837375710170459,1.0873435059130578,1.1761555284489047,-0.0755104409133464,0.05624537471813862,0.0,0.0,1.0253936277249485,1.036111847609961,-0.010344655270313252
2020-03-15 07:00:00,1,1,0.6377476507443324,-0.0978273869541728,-0.0140898159371268,0.9860089809650828,1.1761555284489047,-0.1616678601465098,0.27549530148866475,0.27549530148866475,-0.026950985462788103,0.9981273360840127,1.036111847609961,-0.03666062849640073
2020-03-16 07:00:00,0,0,0.5425960280052697,0.0,-0.0140898159371268,0.9860089809650828,1.1761555284489047,-0.1616678601465098,0.08519205601053947,0.0,0.0,0.9981273360840127,1.036111847609961,-0.03666062849640073
2020-03-17 07:00:00,1,1,0.5613525505675713,-0.0381719573294483,-0.0522617732665751,0.9490803904480196,1.1761555284489047,-0.1930655704185211,0.12270510113514255,0.12270510113514255,-0.0046838938846363,0.9934631453728647,1.036111847609961,-0.041162257082066556
2020-03-18 07:00:00,0,0,0.5251150761258957,0.0,-0.0522617732665751,0.9490803904480196,1.1761555284489047,-0.1930655704185211,0.05023015225179139,0.0,0.0,0.9934631453728647,1.036111847609961,-0.041162257082066556
2020-03-19 07:00:00,0,0,0.4551473323617735,0.0,-0.0522617732665751,0.9490803904480196,1.1761555284489047,-0.1930655704185211,-0.08970533527645297,0.0,0.0,0.9934631453728647,1.036111847609961,-0.041162257082066556
2020-03-20 07:00:00,0,0,0.4766652166393271,0.0,-0.0522617732665751,0.9490803904480196,1.1761555284489047,-0.1930655704185211,-0.04666956672134581,0.0,0.0,0.9934631453728647,1.036111847609961,-0.041162257082066556
2020-03-21 07:00:00,1,1,0.6453675147489946,0.0212154548306153,-0.0310463184359598,0.9694306695237188,1.1761555284489047,-0.1757631996151148,0.29073502949798913,0.29073502949798913,0.006168075885992196,0.9996098385909212,1.036111847609961,-0.03522979599474729
2020-03-22 07:00:00,-1,-1,0.415587778126096,0.0704593762023662,0.0394130577664063,1.0402000576370376,1.1761555284489047,-0.1155931061185105,-0.16882444374780803,-0.16882444374780803,0.011895264994182017,1.01157146482414,1.036111847609961,-0.023685071107360733
2020-03-23 07:00:00,0,0,0.5222704109505457,0.0,0.0394130577664063,1.0402000576370376,1.1761555284489047,-0.1155931061185105,0.04454082190109143,0.0,0.0,1.01157146482414,1.036111847609961,-0.023685071107360733
2020-03-24 07:00:00,0,0,0.4836816465495203,0.0,0.0394130577664063,1.0402000576370376,1.1761555284489047,-0.1155931061185105,-0.032636706900959433,0.0,0.0,1.01157146482414,1.036111847609961,-0.023685071107360733
2020-03-25 07:00:00,0,0,0.4559352564320699,0.0,0.0394130577664063,1.0402000576370376,1.1761555284489047,-0.1155931061185105,-0.08812948713586022,0.0,0.0,1.01157146482414,1.036111847609961,-0.023685071107360733
2020-03-26 07:00:00,0,0,0.5475647622494779,0.0,0.0394130577664063,1.0402000576370376,1.1761555284489047,-0.1155931061185105,0.09512952449895584,0.0,0.0,1.01157146482414,1.036111847609961,-0.023685071107360733
2020-03-27 07:00:00,0,0,0.5114846203484914,0.0,0.0394130577664063,1.0402000576370376,1.1761555284489047,-0.1155931061185105,0.022969240696982807,0.0,0.0,1.01157146482414,1.036111847609961,-0.023685071107360733
2020-03-28 07:00:00,1,1,0.5585147802918781,-0.0059294122207284,0.0334836455456779,1.0340505322557936,1.1761555284489047,-0.120821602888282,0.11702956058375613,0.11702956058375613,-0.0006939165067117983,1.0108697621766618,1.036111847609961,-0.024362317148989288
2020-03-29 07:00:00,1,1,0.5892077415966436,0.0133251520583742,0.0468087976040522,1.047921624797862,1.1761555284489047,-0.109028015895275,0.17841548319328715,0.17841548319328715,0.0023774134431188577,1.013275876569556,1.036111847609961,-0.02204006362158828
2020-03-30 07:00:00,-1,-1,0.4420374049499239,-0.0329074213746336,0.0139013762294186,1.0139984496564585,1.1761555284489047,-0.1378704387899246,-0.11592519010015223,-0.11592519010015223,-0.0038147990785602133,1.0094177962686661,1.036111847609961,-0.025763677350925884
2020-03-31 07:00:00,-1,-1,0.4313852238424694,0.0167087757276527,0.0306101519570713,1.0310834596546936,1.1761555284489047,-0.1233442901769376,-0.13722955231506118,-0.13722955231506118,0.0022929378128385405,1.0117349840712186,1.036111847609961,-0.023527251034695995
2020-04-01 07:00:00,1,1,0.5730282009634825,0.0471043668716292,0.0777145188287005,1.0808140625584532,1.1761555284489047,-0.0810619544646329,0.146056401926965,0.146056401926965,0.00687989434031789,1.018719613066545,1.036111847609961,-0.016786058940967852
2020-04-02 07:00:00,0,0,0.4594426579072436,0.0,0.0777145188287005,1.0808140625584532,1.1761555284489047,-0.0810619544646329,-0.08111468418551282,0.0,0.0,1.018719613066545,1.036111847609961,-0.016786058940967852
2020-04-03 07:00:00,0,0,0.4944895276674556,0.0,0.0777145188287005,1.0808140625584532,1.1761555284489047,-0.0810619544646329,-0.01102094466508885,0.0,0.0,1.018719613066545,1.036111847609961,-0.016786058940967852
2020-04-04 07:00:00,1,1,0.6165871506500894,0.0054698109667454,0.0831843297954459,1.086742109037658,1.1761555284489047,-0.0760217651904962,0.2331743013001788,0.2331743013001788,0.0012754193504149142,1.0200197366988746,1.036111847609961,-0.015531248820488397
2020-04-05 07:00:00,0,0,0.4993040511120808,0.0,0.0831843297954459,1.086742109037658,1.1761555284489047,-0.0760217651904962,-0.0013918977758383688,0.0,0.0,1.0200197366988746,1.036111847609961,-0.015531248820488397
2020-04-06 07:00:00,0,0,0.4687479667639093,0.0,0.0831843297954459,1.086742109037658,1.1761555284489047,-0.0760217651904962,-0.06250406647218143,0.0,0.0,1.0200197366988746,1.036111847609961,-0.015531248820488397
2020-04-07 07:00:00,0,0,0.5050811346519237,0.0,0.0831843297954459,1.086742109037658,1.1761555284489047,-0.0760217651904962,0.010162269303847449,0.0,0.0,1.0200197366988746,1.036111847609961,-0.015531248820488397
2020-04-08 07:00:00,0,0,0.4845291644258065,0.0,0.0831843297954459,1.086742109037658,1.1761555284489047,-0.0760217651904962,-0.030941671148386973,0.0,0.0,1.0200197366988746,1.036111847609961,-0.015531248820488397
2020-04-09 07:00:00,0,0,0.5089481693315043,0.0,0.0831843297954459,1.086742109037658,1.1761555284489047,-0.0760217651904962,0.01789633866300866,0.0,0.0,1.0200197366988746,1.036111847609961,-0.015531248820488397
2020-04-10 07:00:00,1,1,0.6014972804423682,-0.0077074270576817,0.0754769027377642,1.078398319381618,1.1761555284489047,-0.0831158862095452,0.20299456088473633,0.20299456088473633,-0.001564565771125232,1.0184250965179742,1.036111847609961,-0.017070310635657115
2020-04-11 07:00:00,1,1,0.5892401221540231,-0.0080133534803634,0.0674635492574008,1.0697912642011946,1.1761555284489047,-0.0904338428676874,0.1784802443080462,0.1784802443080462,-0.0014302252869019918,1.0169695603125757,1.036111847609961,-0.018475116698589478
2020-04-12 07:00:00,0,0,0.5132505511058582,0.0,0.0674635492574008,1.0697912642011946,1.1761555284489047,-0.0904338428676874,0.02650110221171631,0.0,0.0,1.0169695603125757,1.036111847609961,-0.018475116698589478
2020-04-13 07:00:00,0,0,0.5070557362702989,0.0,0.0674635492574008,1.0697912642011946,1.1761555284489047,-0.0904338428676874,0.014111472540597747,0.0,0.0,1.0169695603125757,1.036111847609961,-0.018475116698589478
2020-04-14 07:00:00,0,0,0.4520006462644043,0.0,0.0674635492574008,1.0697912642011946,1.1761555284489047,-0.0904338428676874,-0.09599870747119144,0.0,0.0,1.0169695603125757,1.036111847609961,-0.018475116698589478
2020-04-15 07:00:00,0,0,0.5131441102467442,0.0,0.0674635492574008,1.0697912642011946,1.1761555284489047,-0.0904338428676874,0.026288220493488446,0.0,0.0,1.0169695603125757,1.036111847609961,-0.018475116698589478
2020-04-16 07:00:00,0,0,0.4644142533552338,0.0,0.0674635492574008,1.0697912642011946,1.1761555284489047,-0.0904338428676874,-0.07117149328953243,0.0,0.0,1.0169695603125757,1.036111847609961,-0.018475116698589478
2020-04-17 07:00:00,0,0,0.5347202566944737,0.0,0.0674635492574008,1.0697912642011946,1.1761555284489047,-0.0904338428676874,0.0694405133889473,0.0,0.0,1.0169695603125757,1.036111847609961,-0.018475116698589478
2020-04-18 07:00:00,0,0,0.4596338389615225,0.0,0.0674635492574008,1.0697912642011946,1.1761555284489047,-0.0904338428676874,-0.08073232207695502,0.0,0.0,1.0169695603125757,1.036111847609961,-0.018475116698589478
2020-04-19 07:00:00,1,1,0.5557610045756588,0.0043266623802458,0.0717902116376466,1.0744299175258472,1.1761555284489047,-0.0864899313590028,0.1115220091513176,0.1115220091513176,0.00048251808156443373,1.0174603849201782,1.036111847609961,-0.018001398915384215
2020-04-20 07:00:00,0,0,0.4707545702109975,0.0,0.0717902116376466,1.0744299175258472,1.1761555284489047,-0.0864899313590028,-0.05849085957800504,0.0,0.0,1.0174603849201782,1.036111847609961,-0.018001398915384215
2020-04-21 07:00:00,1,1,0.5684006015483878,0.0081789898191352,0.0799692014567819,1.083253704525158,1.1761555284489047,-0.0789877033067761,0.13680120309677557,0.13680120309677557,0.001118895647373974,1.018599454047149,1.036111847609961,-0.016902030030067072
2020-04-22 07:00:00,0,0,0.4537843533028456,0.0,0.0799692014567819,1.083253704525158,1.1761555284489047,-0.0789877033067761,-0.09243129339430878,0.0,0.0,1.018599454047149,1.036111847609961,-0.016902030030067072
2020-04-23 07:00:00,0,0,0.5398443519819128,0.0,0.0799692014567819,1.083253704525158,1.1761555284489047,-0.0789877033067761,0.07968870396382566,0.0,0.0,1.018599454047149,1.036111847609961,-0.016902030030067072
2020-04-24 07:00:00,0,0,0.5377092611879025,0.0,0.0799692014567819,1.083253704525158,1.1761555284489047,-0.0789877033067761,0.07541852237580504,0.0,0.0,1.018599454047149,1.036111847609961,-0.016902030030067072
2020-04-25 09:00:00,-1,-1,0.4384908602354994,-0.0036602821532333,0.0763089193035486,1.0792959380128615,1.1761555284489047,-0.0823527059927016,-0.12301827952900124,-0.12301827952900124,-0.0004502816130814687,1.0181409006887174,1.036111847609961,-0.01734460132146709
2020-04-26 09:00:00,-1,-1,0.4362967909393965,-0.0171328327925826,0.059176086510966,1.0609620453976276,1.1761555284489047,-0.0979406891903084,-0.127406418121207,-0.127406418121207,-0.0021828328583725055,1.0159208931104684,1.036111847609961,-0.01948723445839151
2020-04-27 09:00:00,0,0,0.4696911845824035,0.0,0.059176086510966,1.0609620453976276,1.1761555284489047,-0.0979406891903084,-0.060617630835193004,0.0,0.0,1.0159208931104684,1.036111847609961,-0.01948723445839151
2020-04-28 09:00:00,0,0,0.4790009630885699,0.0,0.059176086510966,1.0609620453976276,1.1761555284489047,-0.0979406891903084,-0.04199807382286025,0.0,0.0,1.0159208931104684,1.036111847609961,-0.01948723445839151
2020-04-29 09:00:00,0,0,0.4711637719047678,0.0,0.059176086510966,1.0609620453976276,1.1761555284489047,-0.0979406891903084,-0.05767245619046435,0.0,0.0,1.0159208931104684,1.036111847609961,-0.01948723445839151
2020-04-30 09:00:00,0,0,0.5316174387070863,0.0,0.059176086510966,1.0609620453976276,1.1761555284489047,-0.0979406891903084,0.06323487741417266,0.0,0.0,1.0159208931104684,1.036111847609961,-0.01948723445839151
2020-05-01 09:00:00,0,0,0.47724472575007,0.0,0.059176086510966,1.0609620453976276,1.1761555284489047,-0.0979406891903084,-0.045510548499860026,0.0,0.0,1.0159208931104684,1.036111847609961,-0.01948723445839151
2020-05-02 09:00:00,0,0,0.4692160171902106,0.0,0.059176086510966,1.0609620453976276,1.1761555284489047,-0.0979406891903084,-0.06156796561957878,0.0,0.0,1.0159208931104684,1.036111847609961,-0.01948723445839151
2020-05-03 09:00:00,-1,-1,0.4362523947695927,0.052460622871654,0.11163670938262,1.1181065892191209,1.1761555284489047,-0.0493548156053288,-0.12749521046081458,-0.12749521046081458,0.00668847815392695,1.0227386325444214,1.036111847609961,-0.01290711528527344
2020-05-04 09:00:00,0,0,0.5298752453796347,0.0,0.11163670938262,1.1181065892191209,1.1761555284489047,-0.0493548156053288,0.059750490759269415,0.0,0.0,1.0227386325444214,1.036111847609961,-0.01290711528527344
2020-05-05 09:00:00,-1,-1,0.4391010575369097,-0.0101337057833897,0.1015030035992303,1.1068332428704195,1.1761555284489047,-0.0589397268488006,-0.1217978849261806,-0.1217978849261806,-0.0012342639308810695,1.0214770818429717,1.036111847609961,-0.014124696866219422
2020-05-06 09:00:00,0,0,0.4773452752884493,0.0,0.1015030035992303,1.1068332428704195,1.1761555284489047,-0.0589397268488006,-0.045309449423101444,0.0,0.0,1.0214770818429717,1.036111847609961,-0.014124696866219422
2020-05-07 09:00:00,0,0,0.513214014601137,0.0,0.1015030035992303,1.1068332428704195,1.1761555284489047,-0.0589397268488006,0.02642802920227405,0.0,0.0,1.0214770818429717,1.036111847609961,-0.014124696866219422
2020-05-08 09:00:00,1,1,0.5603915315829133,-0.01535498732931,0.0861480162699203,1.0899676493115522,1.1761555284489047,-0.0732793215290291,0.12078306316582665,0.12078306316582665,-0.0018546224045065175,1.0195843832244416,1.036111847609961,-0.01595142881885181
2020-05-09 09:00:00,1,1,0.6320004065875531,-0.1034069242358151,-0.0172589079658947,0.9828891738521948,1.1761555284489047,-0.1643204065465615,0.26400081317510615,0.26400081317510615,-0.02729951208619178,0.9921267226446596,1.036111847609961,-0.04245210115757625
2020-05-10 09:00:00,1,1,0.6313668566237338,-0.0314754791059274,-0.0487343870718221,0.9524340749077916,1.1761555284489047,-0.1902141750216941,0.26273371324746764,0.26273371324746764,-0.008269669501743388,0.9839559937229713,1.036111847609961,-0.05033805376060463
2020-05-11 09:00:00,0,0,0.501193852109119,0.0,-0.0487343870718221,0.9524340749077916,1.1761555284489047,-0.1902141750216941,0.0023877042182380848,0.0,0.0,0.9839559937229713,1.036111847609961,-0.05033805376060463
2020-05-12 09:00:00,-1,-1,0.4227410944807782,-0.0155064199001485,-0.0642408069719707,0.937779148581432,1.1761555284489047,-0.2026741992037734,-0.15451781103844364,-0.15451781103844364,-0.002396018060013908,0.9816012395350671,1.036111847609961,-0.052610737152205655
2020-05-13 09:00:00,-1,-1,0.4476844291569639,-0.0960957904424382,-0.1603365974144089,0.8518570078377414,1.1761555284489047,-0.2757275825917709,-0.10463114168607224,-0.10463114168607224,-0.010054612265217857,0.971781071394871,1.036111847609961,-0.06208864068438569
2020-05-14 09:00:00,0,0,0.5350420222084267,0.0,-0.1603365974144089,0.8518570078377414,1.1761555284489047,-0.2757275825917709,0.07008404441685334,0.0,0.0,0.971781071394871,1.036111847609961,-0.06208864068438569
2020-05-15 09:00:00,1,1,0.6113039408412548,-0.0214787609769847,-0.1818153583913936,0.8337552721188274,1.1761555284489047,-0.291118179567314,0.22260788168250967,0.22260788168250967,-0.004781341482251516,0.9671457446174142,1.036111847609961,-0.06656241133776575
2020-05-16 09:00:00,1,1,0.5696251415629366,0.007041322319553,-0.1747740360718405,0.8396467292079662,1.1761555284489047,-0.2861090996058326,0.1392502831258733,0.1392502831258733,0.0009805061265782862,0.9680945020005084,1.036111847609961,-0.06564672121677861
2020-05-17 09:00:00,-1,-1,0.4475821905277499,-0.0101637926255787,-0.1849378286974192,0.8311559562942881,1.1761555284489047,-0.2933281898607377,-0.10483561894450022,-0.10483561894450022,-0.0010655274907260901,0.9670635200623485,1.036111847609961,-0.06664177010125771
2020-05-18 09:00:00,0,0,0.4655535560049756,0.0,-0.1849378286974192,0.8311559562942881,1.1761555284489047,-0.2933281898607377,-0.06889288799004878,0.0,0.0,0.9670635200623485,1.036111847609961,-0.06664177010125771
2020-05-19 09:00:00,-1,-1,0.4448938669043293,-0.000619004227713,-0.1855568329251322,0.8306416264460511,1.1761555284489047,-0.2937654873403621,-0.11021226619134139,-0.11021226619134139,-6.822185871827086e-05,0.9669975474419242,1.036111847609961,-0.06670544336257256
2020-05-20 09:00:00,0,0,0.4812272881797621,0.0,-0.1855568329251322,0.8306416264460511,1.1761555284489047,-0.2937654873403621,-0.03754542364047575,0.0,0.0,0.9669975474419242,1.036111847609961,-0.06670544336257256
2020-05-21 09:00:00,1,1,0.570536105523056,-0.0215115728957432,-0.2070684058208754,0.8129640366131866,1.1761555284489047,-0.3087954637382772,0.141072211046112,0.141072211046112,-0.0030346851514821073,0.9640674625344355,1.036111847609961,-0.06953340533815233
2020-05-22 09:00:00,0,0,0.5453224032526998,0.0,-0.2070684058208754,0.8129640366131866,1.1761555284489047,-0.3087954637382772,0.09064480650539952,0.0,0.0,0.9640674625344355,1.036111847609961,-0.06953340533815233
2020-05-23 09:00:00,0,0,0.5211363304805303,0.0,-0.2070684058208754,0.8129640366131866,1.1761555284489047,-0.3087954637382772,0.04227266096106064,0.0,0.0,0.9640674625344355,1.036111847609961,-0.06953340533815233
2020-05-24 09:00:00,0,0,0.4501807100222442,0.0,-0.2070684058208754,0.8129640366131866,1.1761555284489047,-0.3087954637382772,-0.09963857995551162,0.0,0.0,0.9640674625344355,1.036111847609961,-0.06953340533815233
2020-05-25 09:00:00,0,0,0.4745228890301159,0.0,-0.2070684058208754,0.8129640366131866,1.1761555284489047,-0.3087954637382772,-0.050954221939768174,0.0,0.0,0.9640674625344355,1.036111847609961,-0.06953340533815233
2020-05-26 09:00:00,0,0,0.4671222004850251,0.0,-0.2070684058208754,0.8129640366131866,1.1761555284489047,-0.3087954637382772,-0.06575559902994976,0.0,0.0,0.9640674625344355,1.036111847609961,-0.06953340533815233
2020-05-27 09:00:00,0,0,0.4736220946158802,0.0,-0.2070684058208754,0.8129640366131866,1.1761555284489047,-0.3087954637382772,-0.05275581076823965,0.0,0.0,0.9640674625344355,1.036111847609961,-0.06953340533815233
2020-05-28 09:00:00,0,0,0.5101344345683633,0.0,-0.2070684058208754,0.8129640366131866,1.1761555284489047,-0.3087954637382772,0.02026886913672654,0.0,0.0,0.9640674625344355,1.036111847609961,-0.06953340533815233
2020-05-29 09:00:00,1,1,0.5926232304073921,0.0045989077281657,-0.2024694980927097,0.8167113934734009,1.1761555284489047,-0.3056093571651471,0.18524646081478413,0.18524646081478413,0.0008519313802564552,0.9648891318116772,1.036111847609961,-0.06874037389165644
2020-05-30 09:00:00,-1,-1,0.4487682734019431,-0.0076330170834016,-0.2101025151761113,0.8105011530426742,1.1761555284489047,-0.3108894755512901,-0.10246345319611383,-0.10246345319611383,-0.000782105288670257,0.9641347819476682,1.036111847609961,-0.06946843222411259
2020-05-31 09:00:00,0,0,0.4788361776038444,0.0,-0.2101025151761113,0.8105011530426742,1.1761555284489047,-0.3108894755512901,-0.042327644792311214,0.0,0.0,0.9641347819476682,1.036111847609961,-0.06946843222411259
2020-06-01 09:00:00,0,0,0.4710495901523931,0.0,-0.2101025151761113,0.8105011530426742,1.1761555284489047,-0.3108894755512901,-0.05790081969521377,0.0,0.0,0.9641347819476682,1.036111847609961,-0.06946843222411259
2020-06-02 09:00:00,-1,-1,0.4104361687374149,0.0577969989876017,-0.1523055161885096,0.8587258860005784,1.1761555284489047,-0.2698874721670079,-0.1791276625251702,-0.1791276625251702,0.010353041329618722,0.9741683585883466,1.036111847609961,-0.059784558167635726
2020-06-03 09:00:00,0,0,0.5212014684666685,0.0,-0.1523055161885096,0.8587258860005784,1.1761555284489047,-0.2698874721670079,0.042402936933336965,0.0,0.0,0.9741683585883466,1.036111847609961,-0.059784558167635726
2020-06-04 09:00:00,0,0,0.5129852884202474,0.0,-0.1523055161885096,0.8587258860005784,1.1761555284489047,-0.2698874721670079,0.025970576840494752,0.0,0.0,0.9741683585883466,1.036111847609961,-0.059784558167635726
2020-06-05 09:00:00,0,0,0.5316156878686297,0.0,-0.1523055161885096,0.8587258860005784,1.1761555284489047,-0.2698874721670079,0.06323137573725934,0.0,0.0,0.9741683585883466,1.036111847609961,-0.059784558167635726
2020-06-06 09:00:00,0,0,0.5373654349760646,0.0,-0.1523055161885096,0.8587258860005784,1.1761555284489047,-0.2698874721670079,0.07473086995212919,0.0,0.0,0.9741683585883466,1.036111847609961,-0.059784558167635726
2020-06-07 09:00:00,0,0,0.5202210475715063,0.0,-0.1523055161885096,0.8587258860005784,1.1761555284489047,-0.2698874721670079,0.04044209514301267,0.0,0.0,0.9741683585883466,1.036111847609961,-0.059784558167635726
2020-06-08 09:00:00,0,0,0.4674958119037442,0.0,-0.1523055161885096,0.8587258860005784,1.1761555284489047,-0.2698874721670079,-0.06500837619251165,0.0,0.0,0.9741683585883466,1.036111847609961,-0.059784558167635726
2020-06-09 09:00:00,0,0,0.5213475274811528,0.0,-0.1523055161885096,0.8587258860005784,1.1761555284489047,-0.2698874721670079,0.04269505496230552,0.0,0.0,0.9741683585883466,1.036111847609961,-0.059784558167635726
2020-06-10 09:00:00,-1,-1,0.4311580676167685,-0.0084667199347173,-0.160772236123227,0.8514859867721861,1.1761555284489047,-0.2760430349758995,-0.137683864766463,-0.137683864766463,-0.0011657307225071331,0.9730334022591036,1.036111847609961,-0.06087995759952247
2020-06-11 09:00:00,0,0,0.4645028268091646,0.0,-0.160772236123227,0.8514859867721861,1.1761555284489047,-0.2760430349758995,-0.07099434638167079,0.0,0.0,0.9730334022591036,1.036111847609961,-0.06087995759952247
2020-06-12 09:00:00,0,0,0.5401476583503725,0.0,-0.160772236123227,0.8514859867721861,1.1761555284489047,-0.2760430349758995,0.08029531670074497,0.0,0.0,0.9730334022591036,1.036111847609961,-0.06087995759952247
2020-06-13 09:00:00,0,0,0.4638121386678441,0.0,-0.160772236123227,0.8514859867721861,1.1761555284489047,-0.2760430349758995,-0.0723757226643118,0.0,0.0,0.9730334022591036,1.036111847609961,-0.06087995759952247
2020-06-14 09:00:00,0,0,0.4939927629677477,0.0,-0.160772236123227,0.8514859867721861,1.1761555284489047,-0.2760430349758995,-0.012014474064504621,0.0,0.0,0.9730334022591036,1.036111847609961,-0.06087995759952247
2020-06-15 09:00:00,0,0,0.5279211839770633,0.0,-0.160772236123227,0.8514859867721861,1.1761555284489047,-0.2760430349758995,0.05584236795412667,0.0,0.0,0.9730334022591036,1.036111847609961,-0.06087995759952247
2020-06-16 09:00:00,0,0,0.4664370200525663,0.0,-0.160772236123227,0.8514859867721861,1.1761555284489047,-0.2760430349758995,-0.06712595989486736,0.0,0.0,0.9730334022591036,1.036111847609961,-0.06087995759952247
2020-06-17 09:00:00,0,0,0.4962383936989306,0.0,-0.160772236123227,0.8514859867721861,1.1761555284489047,-0.2760430349758995,-0.00752321260213884,0.0,0.0,0.9730334022591036,1.036111847609961,-0.06087995759952247
2020-06-18 09:00:00,0,0,0.5004307149830851,0.0,-0.160772236123227,0.8514859867721861,1.1761555284489047,-0.2760430349758995,0.000861429966170224,0.0,0.0,0.9730334022591036,1.036111847609961,-0.06087995759952247
2020-06-19 09:00:00,0,0,0.5141661263487669,0.0,-0.160772236123227,0.8514859867721861,1.1761555284489047,-0.2760430349758995,0.02833225269753381,0.0,0.0,0.9730334022591036,1.036111847609961,-0.06087995759952247
2020-06-20 09:00:00,0,0,0.5365303812984115,0.0,-0.160772236123227,0.8514859867721861,1.1761555284489047,-0.2760430349758995,0.07306076259682293,0.0,0.0,0.9730334022591036,1.036111847609961,-0.06087995759952247
2020-06-21 09:00:00,-1,-1,0.4326229696372641,-0.0067547925383502,-0.1675270286615772,0.8457537573878232,1.1761555284489047,-0.280916735133499,-0.1347540607254718,-0.1347540607254718,-0.0009102357239008067,0.9721481154667746,1.036111847609961,-0.06173438928503128
2020-06-22 09:00:00,-1,-1,0.4429234406868966,-0.0206027703437836,-0.1881297990053608,0.8285071608477124,1.1761555284489047,-0.2955802690989902,-0.1141531186262068,-0.1141531186262068,-0.0023518704870824246,0.9698644355173152,1.036111847609961,-0.06393847560517829
2020-06-23 09:00:00,0,0,0.4608914729606363,0.0,-0.1881297990053608,0.8285071608477124,1.1761555284489047,-0.2955802690989902,-0.07821705407872737,0.0,0.0,0.9698644355173152,1.036111847609961,-0.06393847560517829
2020-06-24 09:00:00,1,1,0.5564473599147808,-0.0297733471606505,-0.2179031461660113,0.8042033280703305,1.1761555284489047,-0.3162440607400782,0.11289471982956156,0.11289471982956156,-0.00336125368608991,0.9666099477520306,1.036111847609961,-0.06707953395017441
2020-06-25 09:00:00,0,0,0.5467983154133116,0.0,-0.2179031461660113,0.8042033280703305,1.1761555284489047,-0.3162440607400782,0.09359663082662317,0.0,0.0,0.9666099477520306,1.036111847609961,-0.06707953395017441
2020-06-26 09:00:00,1,1,0.5787494769033923,-0.0085288105188459,-0.2264319566848572,0.7973735964100589,1.1761555284489047,-0.322050887724328,0.15749895380678458,0.15749895380678458,-0.0013432787339345289,0.965312392849268,1.036111847609961,-0.06833186486961684
2020-06-27 09:00:00,0,0,0.5296939940722051,0.0,-0.2264319566848572,0.7973735964100589,1.1761555284489047,-0.322050887724328,0.05938798814441015,0.0,0.0,0.965312392849268,1.036111847609961,-0.06833186486961684
2020-06-28 12:00:00,0,0,0.5296370536821065,0.0,-0.2264319566848572,0.7973735964100589,1.1761555284489047,-0.322050887724328,0.0592741073642129,0.0,0.0,0.965312392849268,1.036111847609961,-0.06833186486961684
2020-06-29 12:00:00,0,0,0.4679982414872862,0.0,-0.2264319566848572,0.7973735964100589,1.1761555284489047,-0.322050887724328,-0.06400351702542761,0.0,0.0,0.965312392849268,1.036111847609961,-0.06833186486961684
2020-06-30 12:00:00,-1,-1,0.427007943331434,-0.0057760246654199,-0.2322079813502771,0.7927812224500072,1.1761555284489047,-0.3259554512356759,-0.14598411333713202,-0.14598411333713202,-0.0008432078393947288,0.9644987769440141,1.036111847609961,-0.06911712363017508
2020-07-01 12:00:00,0,0,0.4536551850048477,0.0,-0.2322079813502771,0.7927812224500072,1.1761555284489047,-0.3259554512356759,-0.09268962999030461,0.0,0.0,0.9644987769440141,1.036111847609961,-0.06911712363017508
2020-07-02 12:00:00,0,0,0.4912012613412972,0.0,-0.2322079813502771,0.7927812224500072,1.1761555284489047,-0.3259554512356759,-0.017597477317405574,0.0,0.0,0.9644987769440141,1.036111847609961,-0.06911712363017508
2020-07-03 12:00:00,0,0,0.533771344809648,0.0,-0.2322079813502771,0.7927812224500072,1.1761555284489047,-0.3259554512356759,0.0675426896192961,0.0,0.0,0.9644987769440141,1.036111847609961,-0.06911712363017508
2020-07-04 12:00:00,0,0,0.4586023831808579,0.0,-0.2322079813502771,0.7927812224500072,1.1761555284489047,-0.3259554512356759,-0.08279523363828423,0.0,0.0,0.9644987769440141,1.036111847609961,-0.06911712363017508
2020-07-05 12:00:00,0,0,0.5191083201813995,0.0,-0.2322079813502771,0.7927812224500072,1.1761555284489047,-0.3259554512356759,0.03821664036279904,0.0,0.0,0.9644987769440141,1.036111847609961,-0.06911712363017508
2020-07-06 12:00:00,0,0,0.4809114052547629,0.0,-0.2322079813502771,0.7927812224500072,1.1761555284489047,-0.3259554512356759,-0.03817718949047422,0.0,0.0,0.9644987769440141,1.036111847609961,-0.06911712363017508
2020-07-07 12:00:00,0,0,0.4501550737052748,0.0,-0.2322079813502771,0.7927812224500072,1.1761555284489047,-0.3259554512356759,-0.0996898525894504,0.0,0.0,0.9644987769440141,1.036111847609961,-0.06911712363017508
2020-07-08 12:00:00,-1,-1,0.4362697295207348,-0.0143698001370991,-0.2465777814873762,0.7814705752293285,1.1761555284489047,-0.3355720767134262,-0.12746054095853043,-0.12746054095853043,-0.001831582498940616,0.9627338346760022,1.036111847609961,-0.07082055195413761
2020-07-09 12:00:00,0,0,0.5025949528612164,0.0,-0.2465777814873762,0.7814705752293285,1.1761555284489047,-0.3355720767134262,0.005189905722432719,0.0,0.0,0.9627338346760022,1.036111847609961,-0.07082055195413761
2020-07-10 12:00:00,1,1,0.6114874801081177,0.0014821907765204,-0.2450955907108557,0.782629722534568,1.1761555284489047,-0.334586537575785,0.22297496021623542,0.22297496021623542,0.00033049142942750726,0.9630520625400768,1.036111847609961,-0.07051341535994782
2020-07-11 12:00:00,0,0,0.5302625951457309,0.0,-0.2450955907108557,0.782629722534568,1.1761555284489047,-0.334586537575785,0.06052519029146186,0.0,0.0,0.9630520625400768,1.036111847609961,-0.07051341535994782
2020-07-12 12:00:00,-1,-1,0.4370824727104032,-0.0062165992217003,-0.251312189932556,0.7777795187173319,1.1761555284489047,-0.3387103151714509,-0.12583505457919364,-0.12583505457919364,-0.00078226610235963,0.9622989941450859,1.036111847609961,-0.0712402368867241
2020-07-13 12:00:00,-1,-1,0.4401302235036954,0.0109412333719785,-0.2403709565605774,0.7863361104175121,1.1761555284489047,-0.3314352639616296,-0.11973955299260919,-0.11973955299260919,0.0013100983931485237,0.9635605266964914,1.036111847609961,-0.07002267282323471
2020-07-14 12:00:00,-1,-1,0.3889292912914058,-0.005367337488174,-0.2457382940487514,0.7821268854044184,1.1761555284489047,-0.3350140636282388,-0.2221414174171884,-0.2221414174171884,-0.0011923079573793842,0.962412350438959,1.036111847609961,-0.07113083142617016
2020-07-15 12:00:00,0,0,0.4503182654051076,0.0,-0.2457382940487514,0.7821268854044184,1.1761555284489047,-0.3350140636282388,-0.09936346918978478,0.0,0.0,0.962412350438959,1.036111847609961,-0.07113083142617016
2020-07-16 12:00:00,-1,-1,0.3975098662080204,-0.0100852557760518,-0.2558235498248032,0.774278578330303,1.1761555284489047,-0.3416869116353945,-0.20498026758395915,-0.20498026758395915,-0.0020672784276277675,0.9604248312340309,1.036111847609961,-0.07304907916121228
2020-07-17 12:00:00,0,0,0.5160605669152943,0.0,-0.2558235498248032,0.774278578330303,1.1761555284489047,-0.3416869116353945,0.03212113383058868,0.0,0.0,0.9604248312340309,1.036111847609961,-0.07304907916121228
2020-07-18 12:00:00,-1,-1,0.4347042934412227,0.0026473952079801,-0.2531761546168231,0.7763311154679059,1.1761555284489047,-0.33994178772282,-0.13059141311755462,-0.13059141311755462,0.0003457270812907637,0.9607569335128004,1.036111847609961,-0.07272855172053527
2020-07-19 12:00:00,0,0,0.4581345630501839,0.0,-0.2531761546168231,0.7763311154679059,1.1761555284489047,-0.33994178772282,-0.08373087389963219,0.0,0.0,0.9607569335128004,1.036111847609961,-0.07272855172053527
2020-07-20 12:00:00,0,0,0.4543631299742859,0.0,-0.2531761546168231,0.7763311154679059,1.1761555284489047,-0.33994178772282,-0.09127374005142819,0.0,0.0,0.9607569335128004,1.036111847609961,-0.07272855172053527
2020-07-21 12:00:00,0,0,0.4657078285385724,0.0,-0.2531761546168231,0.7763311154679059,1.1761555284489047,-0.33994178772282,-0.0685843429228552,0.0,0.0,0.9607569335128004,1.036111847609961,-0.07272855172053527
2020-07-22 12:00:00,-1,-1,0.4463118758813452,-0.0180412534452521,-0.2712174080620752,0.7624507154521862,1.1761555284489047,-0.351743288187665,-0.10737624823730962,-0.10737624823730962,-0.0019372021084496068,0.9588975547332202,1.036111847609961,-0.07452312513832737
2020-07-23 12:00:00,0,0,0.5133915670743908,0.0,-0.2712174080620752,0.7624507154521862,1.1761555284489047,-0.351743288187665,0.02678313414878164,0.0,0.0,0.9588975547332202,1.036111847609961,-0.07452312513832737
2020-07-24 12:00:00,1,1,0.5840102013117865,0.0076211667583918,-0.2635962413036834,0.7682836782582491,1.1761555284489047,-0.3467839416854593,0.16802040262357298,0.16802040262357298,0.0012805115072063809,0.9601262205787772,1.036111847609961,-0.07333728226973057
2020-07-25 12:00:00,-1,-1,0.4401270513198232,-0.0291816076264284,-0.2927778489301118,0.7461878887238067,1.1761555284489047,-0.3655703938169916,-0.11974589736035357,-0.11974589736035357,-0.003494377791644406,0.9567770319096514,1.036111847609961,-0.07656974088590363
2020-07-26 12:00:00,-1,-1,0.4420734538869122,-0.0420352475597216,-0.3348130964898334,0.7154717980470583,1.1761555284489047,-0.3916860646902615,-0.11585309222617557,-0.11585309222617557,-0.004869913412286548,0.9521289377037461,1.036111847609961,-0.0810558339815739
2020-07-27 12:00:00,0,0,0.4845036199450875,0.0,-0.3348130964898334,0.7154717980470583,1.1761555284489047,-0.3916860646902615,-0.03099276010982499,0.0,0.0,0.9521289377037461,1.036111847609961,-0.0810558339815739
2020-07-28 12:00:00,0,0,0.4687289222885992,0.0,-0.3348130964898334,0.7154717980470583,1.1761555284489047,-0.3916860646902615,-0.06254215542280162,0.0,0.0,0.9521289377037461,1.036111847609961,-0.0810558339815739
2020-07-29 12:00:00,-1,-1,0.4403506305623292,0.0142264351354741,-0.3205866613543593,0.7257231584316196,1.1761555284489047,-0.3829700742140014,-0.11929873887534159,-0.11929873887534159,0.0016971957703539097,0.9537462589768396,1.036111847609961,-0.0794948815836023
2020-07-30 12:00:00,1,1,0.5786074226556006,0.0265416797883971,-0.2940449815659622,0.7452429684935917,1.1761555284489047,-0.3663737911631411,0.15721484531120122,0.15721484531120122,0.004172746082232286,0.9577343147278302,1.036111847609961,-0.07564582246880691
2020-07-31 12:00:00,0,0,0.519790538935088,0.0,-0.2940449815659622,0.7452429684935917,1.1761555284489047,-0.3663737911631411,0.03958107787017595,0.0,0.0,0.9577343147278302,1.036111847609961,-0.07564582246880691
2020-08-01 12:00:00,-1,-1,0.4425369998569015,0.0581911814750877,-0.2358538000908745,0.7898961482365214,1.1761555284489047,-0.3284084212245093,-0.11492600028619704,-0.11492600028619704,0.006687679738860073,0.9641608002862153,1.036111847609961,-0.06944332070878045
2020-08-02 12:00:00,1,1,0.558911492395303,0.0189662169254968,-0.2168875831653777,0.8050204620706032,1.1761555284489047,-0.3155493107852399,0.11782298479060604,0.11782298479060604,0.0022346562883481446,0.9663177774352226,1.036111847609961,-0.06736152118686312
2020-08-03 12:00:00,-1,-1,0.4249331072472523,0.0050038975336423,-0.2118836856317354,0.8090587972567126,1.1761555284489047,-0.3121158063817576,-0.1501337855054954,-0.1501337855054954,0.0007512540790073304,0.9670440003619505,1.036111847609961,-0.06666060947699026
2020-08-04 12:00:00,0,0,0.5374216056250231,0.0,-0.2118836856317354,0.8090587972567126,1.1761555284489047,-0.3121158063817576,0.07484321125004612,0.0,0.0,0.9670440003619505,1.036111847609961,-0.06666060947699026
2020-08-05 12:00:00,0,0,0.4837977636695911,0.0,-0.2118836856317354,0.8090587972567126,1.1761555284489047,-0.3121158063817576,-0.03240447266081781,0.0,0.0,0.9670440003619505,1.036111847609961,-0.06666060947699026
2020-08-06 12:00:00,0,0,0.5476334923801692,0.0,-0.2118836856317354,0.8090587972567126,1.1761555284489047,-0.3121158063817576,0.09526698476033846,0.0,0.0,0.9670440003619505,1.036111847609961,-0.06666060947699026
2020-08-07 12:00:00,1,1,0.5895340958955388,0.000590553250111,-0.2112931323816244,0.809536730667638,1.1761555284489047,-0.3117094541610137,0.1790681917910777,0.1790681917910777,0.0001057493026537208,0.9671462699980004,1.036111847609961,-0.06656190426839159
2020-08-08 12:00:00,-1,-1,0.4495000771916381,0.0090678737940133,-0.2022252585876111,0.8169108910215508,1.1761555284489047,-0.3054397388252896,-0.10099984561672382,-0.10099984561672382,0.000915853853267279,0.968032440375386,1.036111847609961,-0.06570661979362191
2020-08-09 12:00:00,1,1,0.5727374619803302,0.017357859315739,-0.1848673992718721,0.8312144961922715,1.1761555284489047,-0.2932784176184045,0.1454749239606603,0.1454749239606603,0.0025251332640769705,0.970479940122297,1.036111847609961,-0.06334442332558932
2020-08-10 12:00:00,0,0,0.4610763309967546,0.0,-0.1848673992718721,0.8312144961922715,1.1761555284489047,-0.2932784176184045,-0.0778473380064908,0.0,0.0,0.970479940122297,1.036111847609961,-0.06334442332558932
2020-08-11 12:00:00,1,1,0.5563841495139898,-0.0142105874760426,-0.1990779867479148,0.8194859817941496,1.1761555284489047,-0.3032503253418579,0.11276829902797969,0.11276829902797969,-0.0016025037778616353,0.9689259877917005,1.036111847609961,-0.06484421539357998
2020-08-12 12:00:00,0,0,0.4977054452161251,0.0,-0.1990779867479148,0.8194859817941496,1.1761555284489047,-0.3032503253418579,-0.004589109567749827,0.0,0.0,0.9689259877917005,1.036111847609961,-0.06484421539357998
2020-08-13 12:00:00,0,0,0.5211374493463519,0.0,-0.1990779867479148,0.8194859817941496,1.1761555284489047,-0.3032503253418579,0.04227489869270373,0.0,0.0,0.9689259877917005,1.036111847609961,-0.06484421539357998
2020-08-14 12:00:00,0,0,0.5280579889358176,0.0,-0.1990779867479148,0.8194859817941496,1.1761555284489047,-0.3032503253418579,0.056115977871635137,0.0,0.0,0.9689259877917005,1.036111847609961,-0.06484421539357998
2020-08-15 12:00:00,0,0,0.531167902583926,0.0,-0.1990779867479148,0.8194859817941496,1.1761555284489047,-0.3032503253418579,0.062335805167851976,0.0,0.0,0.9689259877917005,1.036111847609961,-0.06484421539357998
2020-08-16 12:00:00,0,0,0.5482410304405795,0.0,-0.1990779867479148,0.8194859817941496,1.1761555284489047,-0.3032503253418579,0.09648206088115896,0.0,0.0,0.9689259877917005,1.036111847609961,-0.06484421539357998
2020-08-17 12:00:00,0,0,0.4539182417711992,0.0,-0.1990779867479148,0.8194859817941496,1.1761555284489047,-0.3032503253418579,-0.09216351645760157,0.0,0.0,0.9689259877917005,1.036111847609961,-0.06484421539357998
2020-08-18 12:00:00,0,0,0.4973616335759746,0.0,-0.1990779867479148,0.8194859817941496,1.1761555284489047,-0.3032503253418579,-0.005276732848050747,0.0,0.0,0.9689259877917005,1.036111847609961,-0.06484421539357998
2020-08-19 12:00:00,1,1,0.5720003279866654,-0.007112858239287,-0.2061908449872018,0.8136777751395868,1.1761555284489047,-0.3081886234785188,0.1440006559733309,0.1440006559733309,-0.0010242562523026394,0.967934067367753,1.036111847609961,-0.06580156418390182
2020-08-20 12:00:00,0,0,0.4983755751143962,0.0,-0.2061908449872018,0.8136777751395868,1.1761555284489047,-0.3081886234785188,-0.0032488497712076514,0.0,0.0,0.967934067367753,1.036111847609961,-0.06580156418390182
2020-08-21 12:00:00,1,1,0.5664245779314666,-0.01567488119484,-0.2218657261820418,0.801022913518848,1.1761555284489047,-0.3189481372627442,0.13284915586293322,0.13284915586293322,-0.00208239473498626,0.9659205437651419,1.036111847609961,-0.06774490997929616
2020-08-22 12:00:00,0,0,0.5234437756954283,0.0,-0.2218657261820418,0.801022913518848,1.1761555284489047,-0.3189481372627442,0.04688755139085665,0.0,0.0,0.9659205437651419,1.036111847609961,-0.06774490997929616
2020-08-23 12:00:00,0,0,0.5333123882438987,0.0,-0.2218657261820418,0.801022913518848,1.1761555284489047,-0.3189481372627442,0.06662477648779741,0.0,0.0,0.9659205437651419,1.036111847609961,-0.06774490997929616
2020-08-24 12:00:00,-1,-1,0.438750743117197,0.0233789349200797,-0.1984867912619621,0.819970601445748,1.1761555284489047,-0.3028382882941406,-0.12249851376560605,-0.12249851376560605,0.0028638847811325915,0.968690793855323,1.036111847609961,-0.06507121206089928
2020-08-25 12:00:00,0,0,0.5063251571673759,0.0,-0.1984867912619621,0.819970601445748,1.1761555284489047,-0.3028382882941406,0.012650314334751833,0.0,0.0,0.968690793855323,1.036111847609961,-0.06507121206089928
2020-08-26 12:00:00,0,0,0.5498589416084512,0.0,-0.1984867912619621,0.819970601445748,1.1761555284489047,-0.3028382882941406,0.09971788321690234,0.0,0.0,0.968690793855323,1.036111847609961,-0.06507121206089928
2020-08-27 12:00:00,0,0,0.5112883661434057,0.0,-0.1984867912619621,0.819970601445748,1.1761555284489047,-0.3028382882941406,0.02257673228681134,0.0,0.0,0.968690793855323,1.036111847609961,-0.06507121206089928
2020-08-28 12:00:00,0,0,0.5056792247008735,0.0,-0.1984867912619621,0.819970601445748,1.1761555284489047,-0.3028382882941406,0.011358449401746906,0.0,0.0,0.968690793855323,1.036111847609961,-0.06507121206089928
2020-08-29 12:00:00,0,0,0.5168969107410569,0.0,-0.1984867912619621,0.819970601445748,1.1761555284489047,-0.3028382882941406,0.03379382148211385,0.0,0.0,0.968690793855323,1.036111847609961,-0.06507121206089928
2020-08-30 12:00:00,-1,-1,0.4386403660702,-0.0113849452389603,-0.2098717365009224,0.8106882210098311,1.1761555284489047,-0.3107304251853886,-0.12271926785959997,-0.12271926785959997,-0.0013971521443468464,0.9673383304540542,1.036111847609961,-0.06637653774015739
2020-08-31 12:00:00,0,0,0.4685765772642336,0.0,-0.2098717365009224,0.8106882210098311,1.1761555284489047,-0.3107304251853886,-0.06284684547153285,0.0,0.0,0.9673383304540542,1.036111847609961,-0.06637653774015739
2020-09-01 12:00:00,0,0,0.462022962417619,0.0,-0.2098717365009224,0.8106882210098311,1.1761555284489047,-0.3107304251853886,-0.07595407516476205,0.0,0.0,0.9673383304540542,1.036111847609961,-0.06637653774015739
2020-09-02 12:00:00,0,0,0.4575118323061056,0.0,-0.2098717365009224,0.8106882210098311,1.1761555284489047,-0.3107304251853886,-0.08497633538778882,0.0,0.0,0.9673383304540542,1.036111847609961,-0.06637653774015739
2020-09-03 12:00:00,-1,-1,0.4063296293013534,0.0323116679773105,-0.1775600685236118,0.8373107018074579,1.1761555284489047,-0.2880952547902486,-0.18734074139729318,-0.18734074139729318,0.006053291834652526,0.9732116702566732,1.036111847609961,-0.060707902818003645
2020-09-04 12:00:00,1,1,0.5537606528700998,-0.0462256319249626,-0.2237857004485744,0.7994864455994124,1.1761555284489047,-0.3202544848352135,0.10752130574019958,0.10752130574019958,-0.004970240303237835,0.9683865752633556,1.036111847609961,-0.06536482765140639
2020-09-05 12:00:00,1,1,0.6166464988073403,0.0231009557394419,-0.2006847447091325,0.8181703234241254,1.1761555284489047,-0.304368934520832,0.2332929976146807,0.2332929976146807,0.005389291212218464,0.9736195809534297,1.036111847609961,-0.06031420912779306
2020-09-06 12:00:00,-1,-1,0.4119021004692192,0.0286764972188366,-0.1720082474902958,0.841972228982076,1.1761555284489047,-0.2841318953009083,-0.17619579906156158,-0.17619579906156158,0.005052678341759563,0.9785514165203089,1.036111847609961,-0.055554263974906704
2020-09-07 12:00:00,0,0,0.5089859812001556,0.0,-0.1720082474902958,0.841972228982076,1.1761555284489047,-0.2841318953009083,0.01797196240031118,0.0,0.0,0.9785514165203089,1.036111847609961,-0.055554263974906704
2020-09-08 12:00:00,0,0,0.4891629124512311,0.0,-0.1720082474902958,0.841972228982076,1.1761555284489047,-0.2841318953009083,-0.021674175097537773,0.0,0.0,0.9785514165203089,1.036111847609961,-0.055554263974906704
2020-09-09 12:00:00,0,0,0.4612755392376343,0.0,-0.1720082474902958,0.841972228982076,1.1761555284489047,-0.2841318953009083,-0.07744892152473137,0.0,0.0,0.9785514165203089,1.036111847609961,-0.055554263974906704
2020-09-10 12:00:00,0,0,0.5296781912967129,0.0,-0.1720082474902958,0.841972228982076,1.1761555284489047,-0.2841318953009083,0.059356382593425794,0.0,0.0,0.9785514165203089,1.036111847609961,-0.055554263974906704
2020-09-11 12:00:00,1,1,0.5754831968114921,0.0019423830835327,-0.170065864406763,0.8436092509436512,1.1761555284489047,-0.2827400538973024,0.15096639362298414,0.15096639362298414,0.0002932345691552233,0.9788384036985528,1.036111847609961,-0.05527727922764614
2020-09-12 12:00:00,0,0,0.4869019676457331,0.0,-0.170065864406763,0.8436092509436512,1.1761555284489047,-0.2827400538973024,-0.02619606470853375,0.0,0.0,0.9788384036985528,1.036111847609961,-0.05527727922764614
2020-09-13 12:00:00,1,1,0.5714118013136043,0.0196034802487604,-0.1504623841580025,0.8603100906872123,1.1761555284489047,-0.2685405374731557,0.1428236026272085,0.1428236026272085,0.0027998396731592863,0.9815828344851155,1.036111847609961,-0.05262850072666336
2020-09-14 12:00:00,0,0,0.478051392645718,0.0,-0.1504623841580025,0.8603100906872123,1.1761555284489047,-0.2685405374731557,-0.043897214708564,0.0,0.0,0.9815828344851155,1.036111847609961,-0.05262850072666336
2020-09-15 12:00:00,0,0,0.4839881290453777,0.0,-0.1504623841580025,0.8603100906872123,1.1761555284489047,-0.2685405374731557,-0.03202374190924462,0.0,0.0,0.9815828344851155,1.036111847609961,-0.05262850072666336
2020-09-16 12:00:00,0,0,0.4843434450416042,0.0,-0.1504623841580025,0.8603100906872123,1.1761555284489047,-0.2685405374731557,-0.03131310991679159,0.0,0.0,0.9815828344851155,1.036111847609961,-0.05262850072666336
2020-09-17 12:00:00,1,1,0.5750991087435487,0.0161185454047919,-0.1343438387532106,0.8742893983392693,1.1761555284489047,-0.256654942996979,0.1501982174870975,0.1501982174870975,0.0024209767882845895,0.9839621026575923,1.036111847609961,-0.0503321577421052
2020-09-18 12:00:00,0,0,0.4947415561252319,0.0,-0.1343438387532106,0.8742893983392693,1.1761555284489047,-0.256654942996979,-0.010516887749536186,0.0,0.0,0.9839621026575923,1.036111847609961,-0.0503321577421052
2020-09-19 12:00:00,-1,-1,0.4494348915193987,0.0216291477821101,-0.1127146909711004,0.8934055204187581,1.1761555284489047,-0.2404018866476212,-0.10113021696120261,-0.10113021696120261,0.002187360407890709,0.9861167380267812,1.036111847609961,-0.048252618381408596
2020-09-20 12:00:00,1,1,0.6159467918880994,-0.0271758827287762,-0.1398905736998766,0.869453371259075,1.1761555284489047,-0.2607666671382344,0.23189358377619884,0.23189358377619884,-0.0063019128382576185,0.9799218565987917,1.036111847609961,-0.05423158816375351
2020-09-21 12:00:00,0,0,0.4959652804459795,0.0,-0.1398905736998766,0.869453371259075,1.1761555284489047,-0.2607666671382344,-0.008069439108041032,0.0,0.0,0.9799218565987917,1.036111847609961,-0.05423158816375351
2020-09-22 12:00:00,0,0,0.4986704341884125,0.0,-0.1398905736998766,0.869453371259075,1.1761555284489047,-0.2607666671382344,-0.002659131623174993,0.0,0.0,0.9799218565987917,1.036111847609961,-0.05423158816375351
2020-09-23 12:00:00,0,0,0.4535821777383604,0.0,-0.1398905736998766,0.869453371259075,1.1761555284489047,-0.2607666671382344,-0.09283564452327919,0.0,0.0,0.9799218565987917,1.036111847609961,-0.05423158816375351
2020-09-24 12:00:00,0,0,0.4891185313607643,0.0,-0.1398905736998766,0.869453371259075,1.1761555284489047,-0.2607666671382344,-0.02176293727847145,0.0,0.0,0.9799218565987917,1.036111847609961,-0.05423158816375351
2020-09-25 12:00:00,1,1,0.5538888333267289,0.0056557845162661,-0.1342347891836105,0.8743847444204942,1.1761555284489047,-0.2565738771184292,0.10777766665345778,0.10777766665345778,0.0006095672582579157,0.9805193669711039,1.036111847609961,-0.05365490295965092
2020-09-26 12:00:00,0,0,0.4843399934852126,0.0,-0.1342347891836105,0.8743847444204942,1.1761555284489047,-0.2565738771184292,-0.03132001302957477,0.0,0.0,0.9805193669711039,1.036111847609961,-0.05365490295965092
2020-09-27 12:00:00,0,0,0.5294875895266823,0.0,-0.1342347891836105,0.8743847444204942,1.1761555284489047,-0.2565738771184292,0.05897517905336458,0.0,0.0,0.9805193669711039,1.036111847609961,-0.05365490295965092
2020-09-28 12:00:00,0,0,0.457246466400761,0.0,-0.1342347891836105,0.8743847444204942,1.1761555284489047,-0.2565738771184292,-0.085507067198478,0.0,0.0,0.9805193669711039,1.036111847609961,-0.05365490295965092
2020-09-29 12:00:00,0,0,0.5144083525056419,0.0,-0.1342347891836105,0.8743847444204942,1.1761555284489047,-0.2565738771184292,0.02881670501128375,0.0,0.0,0.9805193669711039,1.036111847609961,-0.05365490295965092
2020-09-30 12:00:00,0,0,0.4537148006928101,0.0,-0.1342347891836105,0.8743847444204942,1.1761555284489047,-0.2565738771184292,-0.09257039861437977,0.0,0.0,0.9805193669711039,1.036111847609961,-0.05365490295965092
2020-10-01 12:00:00,0,0,0.4932839951746658,0.0,-0.1342347891836105,0.8743847444204942,1.1761555284489047,-0.2565738771184292,-0.013432009650668375,0.0,0.0,0.9805193669711039,1.036111847609961,-0.05365490295965092
2020-10-02 12:00:00,1,1,0.6562344128434279,0.0034014737540006,-0.1308333154296099,0.8773640052457815,1.1761555284489047,-0.2540408270640574,0.31246882568685574,0.31246882568685574,0.0010628545095172283,0.9815620704248337,1.036111847609961,-0.05264854109231476
2020-10-03 12:00:00,0,0,0.4807331369934595,0.0,-0.1308333154296099,0.8773640052457815,1.1761555284489047,-0.2540408270640574,-0.03853372601308103,0.0,0.0,0.9815620704248337,1.036111847609961,-0.05264854109231476
2020-10-04 12:00:00,-1,-1,0.4276591799035692,-0.009375784401018,-0.140209099830628,0.8691764717430659,1.1761555284489047,-0.2610020947745558,-0.14468164019286156,-0.14468164019286156,-0.0013565038652339305,0.9802314803616525,1.036111847609961,-0.053932755790033426
2020-10-05 12:00:00,0,0,0.4556410459644701,0.0,-0.140209099830628,0.8691764717430659,1.1761555284489047,-0.2610020947745558,-0.08871790807105984,0.0,0.0,0.9802314803616525,1.036111847609961,-0.053932755790033426
2020-10-06 12:00:00,-1,-1,0.4119041262083812,0.0059646694210318,-0.1342444304095962,0.8743763143202131,1.1761555284489047,-0.2565810446231318,-0.17619174758323763,-0.17619174758323763,0.0010509255290478913,0.9812621721440324,1.036111847609961,-0.0529379869484673
2020-10-07 12:00:00,-1,-1,0.4455016427226253,-0.0023684363637735,-0.1366128667733697,0.8723078601297302,1.1761555284489047,-0.2583397016548348,-0.10899671455474935,-0.10899671455474935,-0.00025815178228330864,0.9810088902593979,1.036111847609961,-0.05318244114056914
2020-10-08 12:00:00,0,0,0.4853079647380872,0.0,-0.1366128667733697,0.8723078601297302,1.1761555284489047,-0.2583397016548348,-0.029384070523825634,0.0,0.0,0.9810088902593979,1.036111847609961,-0.05318244114056914
2020-10-09 12:00:00,0,0,0.532022401163148,0.0,-0.1366128667733697,0.8723078601297302,1.1761555284489047,-0.2583397016548348,0.06404480232629606,0.0,0.0,0.9810088902593979,1.036111847609961,-0.05318244114056914
2020-10-10 12:00:00,0,0,0.4547989384500555,0.0,-0.1366128667733697,0.8723078601297302,1.1761555284489047,-0.2583397016548348,-0.09040212309988904,0.0,0.0,0.9810088902593979,1.036111847609961,-0.05318244114056914
2020-10-11 12:00:00,-1,-1,0.4471612746754144,0.0047280227547666,-0.1318848440186031,0.8764419167974582,1.1761555284489047,-0.2548248121969924,-0.10567745064917122,-0.10567745064917122,0.000499645391335006,0.9814991693029073,1.036111847609961,-0.052709249906784494
2020-10-12 12:00:00,0,0,0.4554828301674224,0.0,-0.1318848440186031,0.8764419167974582,1.1761555284489047,-0.2548248121969924,-0.08903433966515517,0.0,0.0,0.9814991693029073,1.036111847609961,-0.052709249906784494
2020-10-13 12:00:00,0,0,0.500738840992101,0.0,-0.1318848440186031,0.8764419167974582,1.1761555284489047,-0.2548248121969924,0.0014776819842019506,0.0,0.0,0.9814991693029073,1.036111847609961,-0.052709249906784494
2020-10-14 12:00:00,0,0,0.4715324463336526,0.0,-0.1318848440186031,0.8764419167974582,1.1761555284489047,-0.2548248121969924,-0.0569351073326948,0.0,0.0,0.9814991693029073,1.036111847609961,-0.052709249906784494
2020-10-15 12:00:00,0,0,0.4831759686372881,0.0,-0.1318848440186031,0.8764419167974582,1.1761555284489047,-0.2548248121969924,-0.033648062725423755,0.0,0.0,0.9814991693029073,1.036111847609961,-0.052709249906784494
2020-10-16 12:00:00,1,1,0.5909631157000494,-0.0030040916226832,-0.1348889356412863,0.8738129557744339,1.1761555284489047,-0.2570600276590932,0.1819262314000989,0.1819262314000989,-0.0005465230676953625,0.9809629039200084,1.036111847609961,-0.05322682470735829
2020-10-17 12:00:00,0,0,0.4781920361716776,0.0,-0.1348889356412863,0.8738129557744339,1.1761555284489047,-0.2570600276590932,-0.04361592765664479,0.0,0.0,0.9809629039200084,1.036111847609961,-0.05322682470735829
2020-10-18 12:00:00,0,0,0.4532946566190045,0.0,-0.1348889356412863,0.8738129557744339,1.1761555284489047,-0.2570600276590932,-0.09341068676199105,0.0,0.0,0.9809629039200084,1.036111847609961,-0.05322682470735829
2020-10-19 12:00:00,0,0,0.4838318114809342,0.0,-0.1348889356412863,0.8738129557744339,1.1761555284489047,-0.2570600276590932,-0.032336377038131636,0.0,0.0,0.9809629039200084,1.036111847609961,-0.05322682470735829
2020-10-20 12:00:00,0,0,0.4694216903666074,0.0,-0.1348889356412863,0.8738129557744339,1.1761555284489047,-0.2570600276590932,-0.06115661926678517,0.0,0.0,0.9809629039200084,1.036111847609961,-0.05322682470735829
2020-10-21 12:00:00,0,0,0.5406205469890962,0.0,-0.1348889356412863,0.8738129557744339,1.1761555284489047,-0.2570600276590932,0.08124109397819246,0.0,0.0,0.9809629039200084,1.036111847609961,-0.05322682470735829
2020-10-22 12:00:00,0,0,0.5189358218267834,0.0,-0.1348889356412863,0.8738129557744339,1.1761555284489047,-0.2570600276590932,0.03787164365356688,0.0,0.0,0.9809629039200084,1.036111847609961,-0.05322682470735829
2020-10-23 12:00:00,0,0,0.5292411308532357,0.0,-0.1348889356412863,0.8738129557744339,1.1761555284489047,-0.2570600276590932,0.058482261706471306,0.0,0.0,0.9809629039200084,1.036111847609961,-0.05322682470735829
2020-10-24 12:00:00,-1,-1,0.4467443612699051,-0.000667810059834,-0.1355567457011203,0.8732296094960905,1.1761555284489047,-0.2575560048187744,-0.10651127746018985,-0.10651127746018985,-7.112930257368514e-05,0.980893131194274,1.036111847609961,-0.05329416562802758
2020-10-25 12:00:00,1,1,0.5752865935886649,0.0117297265007149,-0.1238270192004054,0.8835326618511381,1.1761555284489047,-0.2487960643977697,0.1505731871773297,0.1505731871773297,0.001766182303931029,0.9826270980847109,1.036111847609961,-0.051620633089588974
2020-10-26 12:00:00,0,0,0.4669588559525755,0.0,-0.1238270192004054,0.8835326618511381,1.1761555284489047,-0.2487960643977697,-0.06608228809484895,0.0,0.0,0.9826270980847109,1.036111847609961,-0.051620633089588974
2020-10-27 12:00:00,0,0,0.467396429048568,0.0,-0.1238270192004054,0.8835326618511381,1.1761555284489047,-0.2487960643977697,-0.06520714190286403,0.0,0.0,0.9826270980847109,1.036111847609961,-0.051620633089588974
2020-10-28 12:00:00,0,0,0.525793448046872,0.0,-0.1238270192004054,0.8835326618511381,1.1761555284489047,-0.2487960643977697,0.051586896093744006,0.0,0.0,0.9826270980847109,1.036111847609961,-0.051620633089588974
2020-10-29 12:00:00,1,1,0.5662271403246434,0.0140053213951539,-0.1098216978052515,0.8959938787298614,1.1761555284489047,-0.2382011927355526,0.13245428064928677,0.13245428064928677,0.0018550647706571755,0.984451626783293,1.036111847609961,-0.04985969511480304
2020-10-30 12:00:00,1,1,0.5705576550013779,0.039413022186973,-0.0704086756182784,0.9320128511367451,1.1761555284489047,-0.2075768649696618,0.1411153100027558,0.1411153100027558,0.005561780844060187,0.989942185471642,1.036111847609961,-0.044560500147566295
2020-10-31 12:00:00,-1,-1,0.4235845257963229,0.0075452515015821,-0.0628634241166963,0.9390717194808664,1.1761555284489047,-0.2015752196316254,-0.15283094840735423,-0.15283094840735423,0.0011531479429588059,0.9910843937074346,1.036111847609961,-0.043458101561518525
2020-11-01 12:00:00,0,0,0.5152536502138877,0.0,-0.0628634241166963,0.9390717194808664,1.1761555284489047,-0.2015752196316254,0.030507300427775386,0.0,0.0,0.9910843937074346,1.036111847609961,-0.043458101561518525
2020-11-02 12:00:00,0,0,0.4721833406599624,0.0,-0.0628634241166963,0.9390717194808664,1.1761555284489047,-0.2015752196316254,-0.05563331868007515,0.0,0.0,0.9910843937074346,1.036111847609961,-0.043458101561518525
2020-11-03 12:00:00,0,0,0.4695467296243972,0.0,-0.0628634241166963,0.9390717194808664,1.1761555284489047,-0.2015752196316254,-0.06090654075120561,0.0,0.0,0.9910843937074346,1.036111847609961,-0.043458101561518525
2020-11-04 12:00:00,0,0,0.4847053154409895,0.0,-0.0628634241166963,0.9390717194808664,1.1761555284489047,-0.2015752196316254,-0.030589369118021015,0.0,0.0,0.9910843937074346,1.036111847609961,-0.043458101561518525
2020-11-05 12:00:00,1,1,0.5626082321298569,0.0374803395477707,-0.0253830845689256,0.9749363574071884,1.1761555284489047,-0.1710821113148879,0.12521646425971378,0.12521646425971378,0.004693155597425366,0.9957466387405356,1.036111847609961,-0.038958350840729516
2020-11-06 12:00:00,1,1,0.577753715803678,0.002595946989603,-0.0227871375793226,0.9774705283728632,1.1761555284489047,-0.1689274889844407,0.15550743160735592,0.15550743160735592,0.00040368904894201,0.996148691900885,1.036111847609961,-0.03857031053284499
2020-11-07 12:00:00,0,0,0.5060493361589669,0.0,-0.0227871375793226,0.9774705283728632,1.1761555284489047,-0.1689274889844407,0.012098672317933712,0.0,0.0,0.996148691900885,1.036111847609961,-0.03857031053284499
2020-11-08 12:00:00,0,0,0.4617004967912027,0.0,-0.0227871375793226,0.9774705283728632,1.1761555284489047,-0.1689274889844407,-0.07659900641759465,0.0,0.0,0.996148691900885,1.036111847609961,-0.03857031053284499
2020-11-09 12:00:00,0,0,0.4595690437284059,0.0,-0.0227871375793226,0.9774705283728632,1.1761555284489047,-0.1689274889844407,-0.0808619125431882,0.0,0.0,0.996148691900885,1.036111847609961,-0.03857031053284499
2020-11-10 12:00:00,0,0,0.511302191796229,0.0,-0.0227871375793226,0.9774705283728632,1.1761555284489047,-0.1689274889844407,0.022604383592458088,0.0,0.0,0.996148691900885,1.036111847609961,-0.03857031053284499
2020-11-11 12:00:00,0,0,0.4792528223292102,0.0,-0.0227871375793226,0.9774705283728632,1.1761555284489047,-0.1689274889844407,-0.041494355341579636,0.0,0.0,0.996148691900885,1.036111847609961,-0.03857031053284499
2020-11-12 12:00:00,0,0,0.5078687611625062,0.0,-0.0227871375793226,0.9774705283728632,1.1761555284489047,-0.1689274889844407,0.015737522325012465,0.0,0.0,0.996148691900885,1.036111847609961,-0.03857031053284499
2020-11-13 12:00:00,1,1,0.5748814876511993,-0.0221802027875273,-0.0449673403668499,0.9560287048700128,1.1761555284489047,-0.1871579210865009,0.14976297530239857,0.14976297530239857,-0.0033217731622706428,0.9928452016706992,1.036111847609961,-0.04175866344841683
2020-11-14 12:00:00,1,1,0.6224351885753694,0.0039826150912243,-0.0409847252756256,0.9598437911851784,1.1761555284489047,-0.1839142290552295,0.24487037715073878,0.24487037715073878,0.0009752244594343182,0.9938139208783572,1.036111847609961,-0.040823707236987916
2020-11-15 12:00:00,0,0,0.4897671624961288,0.0,-0.0409847252756256,0.9598437911851784,1.1761555284489047,-0.1839142290552295,-0.020465675007742434,0.0,0.0,0.9938139208783572,1.036111847609961,-0.040823707236987916
2020-11-16 12:00:00,0,0,0.4701932064871025,0.0,-0.0409847252756256,0.9598437911851784,1.1761555284489047,-0.1839142290552295,-0.059613587025795,0.0,0.0,0.9938139208783572,1.036111847609961,-0.040823707236987916
2020-11-17 12:00:00,0,0,0.5318968218654748,0.0,-0.0409847252756256,0.9598437911851784,1.1761555284489047,-0.1839142290552295,0.06379364373094965,0.0,0.0,0.9938139208783572,1.036111847609961,-0.040823707236987916
2020-11-18 12:00:00,-1,-1,0.4378380869285921,0.0165481835428243,-0.0244365417328012,0.9758596133136692,1.1761555284489047,-0.1702971335766984,-0.12432382614281579,-0.12432382614281579,0.002057333493757494,0.9958606322063135,1.036111847609961,-0.038848330415771626
2020-11-19 12:00:00,1,1,0.5516801701588543,0.0281845918314143,0.003748050098613,1.003755082821972,1.1761555284489047,-0.1465796329285562,0.10336034031770858,0.10336034031770858,0.002913169003410691,0.9987659723505067,1.036111847609961,-0.036044250768487385
2020-11-20 12:00:00,0,0,0.5445763972439523,0.0,0.003748050098613,1.003755082821972,1.1761555284489047,-0.1465796329285562,0.0891527944879047,0.0,0.0,0.9987659723505067,1.036111847609961,-0.036044250768487385
2020-11-21 12:00:00,0,0,0.4817756281769294,0.0,0.003748050098613,1.003755082821972,1.1761555284489047,-0.1465796329285562,-0.036448743646141146,0.0,0.0,0.9987659723505067,1.036111847609961,-0.036044250768487385
2020-11-22 12:00:00,0,0,0.5202040948330762,0.0,0.003748050098613,1.003755082821972,1.1761555284489047,-0.1465796329285562,0.04040818966615234,0.0,0.0,0.9987659723505067,1.036111847609961,-0.036044250768487385
2020-11-23 12:00:00,-1,-1,0.4477506393494131,-0.0304327988933096,-0.0266847487946965,0.9736681432019432,1.1761555284489047,-0.1721603821511588,-0.10449872130117377,-0.10449872130117377,-0.0031801885699666295,0.995594753430949,1.036111847609961,-0.03910494245623597
2020-11-24 12:00:00,-1,-1,0.4480385989362917,-0.0070066236099911,-0.0336913724046876,0.966869861314864,1.1761555284489047,-0.1779404696673434,-0.10392280212741656,-0.10392280212741656,-0.0007281479590023901,0.9948700770110914,1.036111847609961,-0.03980436156000289
2020-11-25 12:00:00,0,0,0.4697148978872383,0.0,-0.0336913724046876,0.966869861314864,1.1761555284489047,-0.1779404696673434,-0.060570204225523394,0.0,0.0,0.9948700770110914,1.036111847609961,-0.03980436156000289
2020-11-26 12:00:00,0,0,0.5243209794305866,0.0,-0.0336913724046876,0.966869861314864,1.1761555284489047,-0.1779404696673434,0.048641958861173284,0.0,0.0,0.9948700770110914,1.036111847609961,-0.03980436156000289
2020-11-27 12:00:00,0,0,0.5238280364325153,0.0,-0.0336913724046876,0.966869861314864,1.1761555284489047,-0.1779404696673434,0.047656072865030596,0.0,0.0,0.9948700770110914,1.036111847609961,-0.03980436156000289
2020-11-28 12:00:00,-1,-1,0.406574648514189,-0.0519521683484459,-0.0856435407531335,0.9179213744718954,1.1761555284489047,-0.2195578286466624,-0.18685070297162198,-0.18685070297162198,-0.009707299176807165,0.9852592983532169,1.036111847609961,-0.04908017351027061
2020-11-29 12:00:00,-1,-1,0.3903558196973688,-0.0613390451336312,-0.1469825858867647,0.8633090110462958,1.1761555284489047,-0.265990772338745,-0.21928836060526236,-0.21928836060526236,-0.013450938648446181,0.9720953680636978,1.036111847609961,-0.06178529827057999
2020-11-30 13:00:00,0,0,0.4881477517795634,0.0,-0.1469825858867647,0.8633090110462958,1.1761555284489047,-0.265990772338745,-0.023704496440873246,0.0,0.0,0.9720953680636978,1.036111847609961,-0.06178529827057999
2020-12-01 13:00:00,0,0,0.524026793318172,0.0,-0.1469825858867647,0.8633090110462958,1.1761555284489047,-0.265990772338745,0.04805358663634407,0.0,0.0,0.9720953680636978,1.036111847609961,-0.06178529827057999
2020-12-02 13:00:00,-1,-1,0.432573938425291,-0.0091493965879132,-0.1561319824746779,0.8554462790031646,1.1761555284489047,-0.2726758848540094,-0.13485212314941797,-0.13485212314941797,-0.0012338155554161355,0.9708967212838124,1.036111847609961,-0.06294216833499466
2020-12-03 13:00:00,0,0,0.5075419991604179,0.0,-0.1561319824746779,0.8554462790031646,1.1761555284489047,-0.2726758848540094,0.015083998320835734,0.0,0.0,0.9708967212838124,1.036111847609961,-0.06294216833499466
2020-12-04 13:00:00,1,1,0.6461275947328424,-0.0021693022925421,-0.15830128476722,0.8535925687848332,1.1761555284489047,-0.2742519606139695,0.29225518946568485,0.29225518946568485,-0.0006339898525152359,0.9702813776960845,1.036111847609961,-0.06353606520930155
2020-12-05 13:00:00,0,0,0.4629691119338158,0.0,-0.15830128476722,0.8535925687848332,1.1761555284489047,-0.2742519606139695,-0.07406177613236842,0.0,0.0,0.9702813776960845,1.036111847609961,-0.06353606520930155
2020-12-06 13:00:00,1,1,0.5614506234836076,0.0113019615589777,-0.1469993232082423,0.8632945616867655,1.1761555284489047,-0.2660030575843445,0.12290124696721527,0.12290124696721527,0.001389025168773892,0.9716300594100752,1.036111847609961,-0.062234389413293845
2020-12-07 13:00:00,0,0,0.4728013214199592,0.0,-0.1469993232082423,0.8632945616867655,1.1761555284489047,-0.2660030575843445,-0.05439735716008165,0.0,0.0,0.9716300594100752,1.036111847609961,-0.062234389413293845
2020-12-08 13:00:00,0,0,0.5248489392174595,0.0,-0.1469993232082423,0.8632945616867655,1.1761555284489047,-0.2660030575843445,0.04969787843491891,0.0,0.0,0.9716300594100752,1.036111847609961,-0.062234389413293845
2020-12-09 13:00:00,-1,-1,0.4249527329597702,0.0126096541522842,-0.1343896690559581,0.8742493303096265,1.1761555284489047,-0.256689009945332,-0.15009453408045959,-0.15009453408045959,0.0018926401649028298,0.9734707468159408,1.036111847609961,-0.06045785591441377
2020-12-10 13:00:00,1,1,0.5723245466215878,-0.0154532404390217,-0.1498429094949798,0.8608431960963345,1.1761555284489047,-0.26808727649174,0.14464909324317565,0.14464909324317565,-0.0022352972171732623,0.9712971805529214,1.036111847609961,-0.06255566636608778
2020-12-11 13:00:00,0,0,0.5366224930600847,0.0,-0.1498429094949798,0.8608431960963345,1.1761555284489047,-0.26808727649174,0.07324498612016939,0.0,0.0,0.9712971805529214,1.036111847609961,-0.06255566636608778
2020-12-12 13:00:00,0,0,0.4557615528035983,0.0,-0.1498429094949798,0.8608431960963345,1.1761555284489047,-0.26808727649174,-0.08847689439280337,0.0,0.0,0.9712971805529214,1.036111847609961,-0.06255566636608778
2020-12-13 13:00:00,0,0,0.4505529779425411,0.0,-0.1498429094949798,0.8608431960963345,1.1761555284489047,-0.26808727649174,-0.09889404411491776,0.0,0.0,0.9712971805529214,1.036111847609961,-0.06255566636608778
2020-12-14 13:00:00,0,0,0.4827291438020056,0.0,-0.1498429094949798,0.8608431960963345,1.1761555284489047,-0.26808727649174,-0.0345417123959888,0.0,0.0,0.9712971805529214,1.036111847609961,-0.06255566636608778
2020-12-15 13:00:00,0,0,0.4794529094614909,0.0,-0.1498429094949798,0.8608431960963345,1.1761555284489047,-0.26808727649174,-0.04109418107701823,0.0,0.0,0.9712971805529214,1.036111847609961,-0.06255566636608778
2020-12-16 13:00:00,0,0,0.4849069522911335,0.0,-0.1498429094949798,0.8608431960963345,1.1761555284489047,-0.26808727649174,-0.030186095417732983,0.0,0.0,0.9712971805529214,1.036111847609961,-0.06255566636608778
2020-12-17 13:00:00,0,0,0.4907931600649977,0.0,-0.1498429094949798,0.8608431960963345,1.1761555284489047,-0.26808727649174,-0.01841367987000464,0.0,0.0,0.9712971805529214,1.036111847609961,-0.06255566636608778
2020-12-18 13:00:00,1,1,0.6572195158561558,0.0252761343478412,-0.1245667751471386,0.882879305002503,1.1761555284489047,-0.2493515664830227,0.3144390317123116,0.3144390317123116,0.007947803209765488,0.9790476180802984,1.036111847609961,-0.055075356643488615
2020-12-19 13:00:00,-1,-1,0.4370264722324127,-0.0176314942563773,-0.1421982694035159,0.8674492507892098,1.1761555284489047,-0.2624706258591599,-0.1259470555351746,-0.1259470555351746,-0.0022206347862760633,0.9768759230453636,1.036111847609961,-0.05717136108542631
2020-12-20 13:00:00,0,0,0.4911092952111636,0.0,-0.1421982694035159,0.8674492507892098,1.1761555284489047,-0.2624706258591599,-0.017781409577672824,0.0,0.0,0.9768759230453636,1.036111847609961,-0.05717136108542631
2020-12-21 13:00:00,-1,-1,0.4325169345334672,-0.0297357687628485,-0.1719340381663644,0.8420347134903957,1.1761555284489047,-0.2840787692416344,-0.13496613093306564,-0.13496613093306564,-0.004013321660241973,0.9729632623786244,1.036111847609961,-0.060947652878406644
2020-12-22 17:00:00,-1,-1,0.4152434115543105,-0.0115195876836815,-0.183453625850046,0.8323904762436206,1.1761555284489047,-0.2922785668138941,-0.169513176891379,-0.169513176891379,-0.0019527219047396531,0.9710651895110355,1.036111847609961,-0.06277957177014337
2020-12-23 17:00:00,0,0,0.461862538005485,0.0,-0.183453625850046,0.8323904762436206,1.1761555284489047,-0.2922785668138941,-0.07627492398903002,0.0,0.0,0.9710651895110355,1.036111847609961,-0.06277957177014337
2020-12-24 17:00:00,0,0,0.4982864662443007,0.0,-0.183453625850046,0.8323904762436206,1.1761555284489047,-0.2922785668138941,-0.0034270675113986515,0.0,0.0,0.9710651895110355,1.036111847609961,-0.06277957177014337
2020-12-25 18:00:00,0,0,0.491264599157909,0.0,-0.183453625850046,0.8323904762436206,1.1761555284489047,-0.2922785668138941,-0.017470801684182025,0.0,0.0,0.9710651895110355,1.036111847609961,-0.06277957177014337
2020-12-26 18:00:00,-1,-1,0.3967826013040057,-0.055765096111457,-0.239218721961503,0.7872426762784126,1.1761555284489047,-0.3306644765623677,-0.20643479739198856,-0.20643479739198856,-0.011511856317313395,0.9599505245330662,1.036111847609961,-0.07350685474022811
2020-12-27 18:00:00,0,0,0.4993191109889954,0.0,-0.239218721961503,0.7872426762784126,1.1761555284489047,-0.3306644765623677,-0.001361778022009208,0.0,0.0,0.9599505245330662,1.036111847609961,-0.07350685474022811
2020-12-28 18:00:00,0,0,0.4525079650671364,0.0,-0.239218721961503,0.7872426762784126,1.1761555284489047,-0.3306644765623677,-0.09498406986572716,0.0,0.0,0.9599505245330662,1.036111847609961,-0.07350685474022811
2020-12-29 18:00:00,0,0,0.5299295140707381,0.0,-0.239218721961503,0.7872426762784126,1.1761555284489047,-0.3306644765623677,0.059859028141476145,0.0,0.0,0.9599505245330662,1.036111847609961,-0.07350685474022811
2020-12-30 18:00:00,0,0,0.4546404022257346,0.0,-0.239218721961503,0.7872426762784126,1.1761555284489047,-0.3306644765623677,-0.0907191955485308,0.0,0.0,0.9599505245330662,1.036111847609961,-0.07350685474022811
2020-12-31 18:00:00,0,0,0.5095305175611743,0.0,-0.239218721961503,0.7872426762784126,1.1761555284489047,-0.3306644765623677,0.01906103512234858,0.0,0.0,0.9599505245330662,1.036111847609961,-0.07350685474022811
2021-01-01 00:00:00,0,0,0.5404014302844147,0.0,-0.239218721961503,0.7872426762784126,1.1761555284489047,-0.3306644765623677,0.08080286056882935,0.0,0.0,0.9599505245330662,1.036111847609961,-0.07350685474022811
2021-01-02 00:00:00,0,0,0.5202509904790367,0.0,-0.239218721961503,0.7872426762784126,1.1761555284489047,-0.3306644765623677,0.040501980958073336,0.0,0.0,0.9599505245330662,1.036111847609961,-0.07350685474022811
2021-01-03 00:00:00,0,0,0.4555959998954459,0.0,-0.239218721961503,0.7872426762784126,1.1761555284489047,-0.3306644765623677,-0.08880800020910817,0.0,0.0,0.9599505245330662,1.036111847609961,-0.07350685474022811
2021-01-04 00:00:00,0,0,0.5333728727354737,0.0,-0.239218721961503,0.7872426762784126,1.1761555284489047,-0.3306644765623677,0.06674574547094747,0.0,0.0,0.9599505245330662,1.036111847609961,-0.07350685474022811
2021-01-05 00:00:00,0,0,0.4790075246015077,0.0,-0.239218721961503,0.7872426762784126,1.1761555284489047,-0.3306644765623677,-0.04198495079698461,0.0,0.0,0.9599505245330662,1.036111847609961,-0.07350685474022811
2021-01-06 00:00:00,0,0,0.492574179738509,0.0,-0.239218721961503,0.7872426762784126,1.1761555284489047,-0.3306644765623677,-0.014851640522982046,0.0,0.0,0.9599505245330662,1.036111847609961,-0.07350685474022811
2021-01-07 00:00:00,0,0,0.4626174713564561,0.0,-0.239218721961503,0.7872426762784126,1.1761555284489047,-0.3306644765623677,-0.07476505728708782,0.0,0.0,0.9599505245330662,1.036111847609961,-0.07350685474022811
2021-01-08 00:00:00,0,0,0.4692327739421236,0.0,-0.239218721961503,0.7872426762784126,1.1761555284489047,-0.3306644765623677,-0.061534452115752813,0.0,0.0,0.9599505245330662,1.036111847609961,-0.07350685474022811
2021-01-09 00:00:00,0,0,0.5221201152850736,0.0,-0.239218721961503,0.7872426762784126,1.1761555284489047,-0.3306644765623677,0.044240230570147254,0.0,0.0,0.9599505245330662,1.036111847609961,-0.07350685474022811
2021-01-10 00:00:00,0,0,0.4946941842841394,0.0,-0.239218721961503,0.7872426762784126,1.1761555284489047,-0.3306644765623677,-0.010611631431721169,0.0,0.0,0.9599505245330662,1.036111847609961,-0.07350685474022811
2021-01-11 00:00:00,0,0,0.5024087639350179,0.0,-0.239218721961503,0.7872426762784126,1.1761555284489047,-0.3306644765623677,0.004817527870035754,0.0,0.0,0.9599505245330662,1.036111847609961,-0.07350685474022811
2021-01-12 00:00:00,-1,-1,0.4455488361648081,0.070290344539224,-0.168928377422279,0.844569391456733,1.1761555284489047,-0.2819237158451844,-0.10890232767038377,-0.10890232767038377,0.007654782133074743,0.9673269330381364,1.036111847609961,-0.06638753791928276
2021-01-13 00:00:00,1,1,0.5775131546575677,0.1482682901208258,-0.0206600873014532,0.9795518701063788,1.1761555284489047,-0.1671578746067737,0.1550263093151354,0.1550263093151354,0.022985485805897373,0.9898189168526121,1.036111847609961,-0.04467947245669901
2021-01-14 00:00:00,0,0,0.5183783754565248,0.0,-0.0206600873014532,0.9795518701063788,1.1761555284489047,-0.1671578746067737,0.03675675091304953,0.0,0.0,0.9898189168526121,1.036111847609961,-0.04467947245669901
2021-01-15 00:00:00,-1,-1,0.431788103939123,0.05888757425945,0.0382274869579967,1.0389675575662145,1.1761555284489047,-0.1166410118087116,-0.13642379212175404,-0.13642379212175404,0.008033666189325562,0.9978028186796682,1.036111847609961,-0.03697383542004806
2021-01-16 00:00:00,1,1,0.5867555493696522,-0.0217493094794522,0.0164781774785445,1.0166146914480705,1.1761555284489047,-0.1356460375705873,0.17351109873930448,0.17351109873930448,-0.0037737465846009216,0.9940444597080197,1.036111847609961,-0.04060120343086482
2021-01-17 00:00:00,1,1,0.6358159280304037,-0.0129464189337669,0.0035317585447775,1.0035380025525988,1.1761555284489047,-0.146764200584893,0.2716318560608073,0.2716318560608073,-0.003516659804319881,0.99055488293631,1.036111847609961,-0.04396915717037586
2021-01-18 00:00:00,-1,-1,0.4179251780346273,-0.0206228572198232,-0.0170910986750456,0.9830541256272752,1.1761555284489047,-0.1641801599795976,-0.16414964393074538,-0.16414964393074538,-0.0033852346694685795,0.9872072915926177,1.036111847609961,-0.047200074133070924
2021-01-19 00:00:00,0,0,0.4755578785698571,0.0,-0.0170910986750456,0.9830541256272752,1.1761555284489047,-0.1641801599795976,-0.04888424286028581,0.0,0.0,0.9872072915926177,1.036111847609961,-0.047200074133070924
2021-01-20 00:00:00,1,1,0.5629654624283215,-0.0295138491888365,-0.0466049478638821,0.95446438631503,1.1761555284489047,-0.1884879480405431,0.12593092485664292,0.12593092485664292,-0.003716706324429661,0.9835449421630208,1.036111847609961,-0.05073477884477262
2021-01-21 00:00:00,-1,-1,0.4329395919875598,0.177341129980107,0.1307361821162249,1.1396670770916724,1.1761555284489047,-0.031023491770134,-0.13412081602488035,-0.13412081602488035,0.023785137067706325,1.0072191241620494,1.036111847609961,-0.02788571862638134
2021-01-22 00:00:00,1,1,0.7619347063612742,0.1010922781652735,0.2318284602814984,1.260903415258764,1.260903415258764,0.0,0.5238694127225485,0.5238694127225485,0.05295915239322634,1.061998322671741,1.061998322671741,0.0
2021-01-23 00:00:00,-1,-1,0.3908714150952169,0.0245773868248447,0.256405847106343,1.2922770884443484,1.2922770884443484,0.0,-0.21825716980956622,-0.21825716980956622,0.005364190889705526,1.0677103910147425,1.0677103910147425,0.0
2021-01-24 00:00:00,1,1,0.6124976166860352,0.0206718649157577,0.2770777120221008,1.31926889010457,1.31926889010457,0.0,0.2249952333720704,0.2249952333720704,0.004651071070956818,1.0726879544541335,1.0726879544541335,0.0
2021-01-25 00:00:00,0,0,0.4916657864625386,0.0,0.2770777120221008,1.31926889010457,1.31926889010457,0.0,-0.016668427074922776,0.0,0.0,1.0726879544541335,1.0726879544541335,0.0
2021-01-26 00:00:00,0,0,0.5466999646151149,0.0,0.2770777120221008,1.31926889010457,1.31926889010457,0.0,0.09339992923022988,0.0,0.0,1.0726879544541335,1.0726879544541335,0.0
2021-01-27 00:00:00,0,0,0.4876185754671268,0.0,0.2770777120221008,1.31926889010457,1.31926889010457,0.0,-0.02476284906574644,0.0,0.0,1.0726879544541335,1.0726879544541335,0.0
2021-01-28 00:00:00,0,0,0.5091421736956473,0.0,0.2770777120221008,1.31926889010457,1.31926889010457,0.0,0.018284347391294586,0.0,0.0,1.0726879544541335,1.0726879544541335,0.0
2021-01-29 00:00:00,1,1,0.553274676891526,0.0019201634252024,0.2789978754473032,1.3218045356231654,1.3218045356231654,0.0,0.10654935378305197,0.10654935378305197,0.00020459217211316738,1.0729074404645291,1.0729074404645291,0.0
2021-01-30 00:00:00,1,1,0.643969859509797,-0.0063650072608287,0.2726328681864745,1.3134179587817572,1.3218045356231654,-0.0063447935117383,0.28793971901959403,0.28793971901959403,-0.0018327384022406917,1.070942882606556,1.0729074404645291,-0.001831059962751902
2021-01-31 00:00:00,1,1,0.5757259685313543,-0.0466617079968138,0.2259711601896607,1.2535395129150706,1.3218045356231654,-0.0516453233956495,0.15145193706270854,0.15145193706270854,-0.007067006062771927,1.063401202698659,1.0729074404645291,-0.008860258963023226
2021-02-01 00:00:00,1,1,0.5561621603029439,0.0357048324579259,0.2616759926475866,1.2991055544802566,1.3218045356231654,-0.0171727214812493,0.1123243206058877,0.1123243206058877,0.004010521048183574,1.0676745590697623,1.0729074404645291,-0.004877290619311192
2021-02-02 00:00:00,0,0,0.4953667912609098,0.0,0.2616759926475866,1.2991055544802566,1.3218045356231654,-0.0171727214812493,-0.009266417478180355,0.0,0.0,1.0676745590697623,1.0729074404645291,-0.004877290619311192
2021-02-03 00:00:00,0,0,0.480890295521575,0.0,0.2616759926475866,1.2991055544802566,1.3218045356231654,-0.0171727214812493,-0.038219408956850054,0.0,0.0,1.0676745590697623,1.0729074404645291,-0.004877290619311192
2021-02-04 00:00:00,0,0,0.5329188676764794,0.0,0.2616759926475866,1.2991055544802566,1.3218045356231654,-0.0171727214812493,0.06583773535295889,0.0,0.0,1.0676745590697623,1.0729074404645291,-0.004877290619311192
2021-02-05 00:00:00,1,1,0.6555354337346091,0.0451609421919139,0.3068369348395005,1.3591193249904718,1.3591193249904718,0.0,0.3110708674692182,0.3110708674692182,0.014048253463365872,1.082779371594671,1.082779371594671,0.0
2021-02-06 00:00:00,0,0,0.4908702762070399,0.0,0.3068369348395005,1.3591193249904718,1.3591193249904718,0.0,-0.01825944758592024,0.0,0.0,1.082779371594671,1.082779371594671,0.0
2021-02-07 00:00:00,1,1,0.6020976366131243,-0.0224281952096098,0.2844087396298907,1.3289760249217388,1.3591193249904718,-0.0221785530633554,0.20419527322624864,0.20419527322624864,-0.004579731448797914,1.077831870614764,1.082779371594671,-0.004569260469582503
2021-02-08 00:00:00,0,0,0.5190209872366975,0.0,0.2844087396298907,1.3289760249217388,1.3591193249904718,-0.0221785530633554,0.03804197447339508,0.0,0.0,1.077831870614764,1.082779371594671,-0.004569260469582503
2021-02-09 00:00:00,-1,-1,0.4221798366623153,0.0043723169338198,0.2887810565637105,1.3347994509549983,1.3591193249904718,-0.0178938475734233,-0.15564032667536942,-0.15564032667536942,0.0006805088359079633,1.0785655943507682,1.082779371594671,-0.003891630515362454
2021-02-10 00:00:00,0,0,0.5364416320650379,0.0,0.2887810565637105,1.3347994509549983,1.3591193249904718,-0.0178938475734233,0.07288326413007584,0.0,0.0,1.0785655943507682,1.082779371594671,-0.003891630515362454
2021-02-11 00:00:00,1,1,0.5607849030076499,0.0902444013206974,0.3790254578844079,1.4608602256808028,1.4608602256808028,0.0,0.12156980601529987,0.12156980601529987,0.010970994362524055,1.0904636789754303,1.0904636789754303,0.0
2021-02-12 02:00:00,0,0,0.5212749496576901,0.0,0.3790254578844079,1.4608602256808028,1.4608602256808028,0.0,0.04254989931538011,0.0,0.0,1.0904636789754303,1.0904636789754303,0.0
2021-02-13 02:00:00,0,0,0.4955898590843465,0.0,0.3790254578844079,1.4608602256808028,1.4608602256808028,0.0,-0.008820281831307009,0.0,0.0,1.0904636789754303,1.0904636789754303,0.0
2021-02-14 02:00:00,0,0,0.486529799209075,0.0,0.3790254578844079,1.4608602256808028,1.4608602256808028,0.0,-0.02694040158184996,0.0,0.0,1.0904636789754303,1.0904636789754303,0.0
2021-02-15 02:00:00,0,0,0.5311928823657803,0.0,0.3790254578844079,1.4608602256808028,1.4608602256808028,0.0,0.062385764731560656,0.0,0.0,1.0904636789754303,1.0904636789754303,0.0
2021-02-16 02:00:00,0,0,0.4982050001668551,0.0,0.3790254578844079,1.4608602256808028,1.4608602256808028,0.0,-0.0035899996662898115,0.0,0.0,1.0904636789754303,1.0904636789754303,0.0
2021-02-17 02:00:00,0,0,0.5132091217810423,0.0,0.3790254578844079,1.4608602256808028,1.4608602256808028,0.0,0.026418243562084553,0.0,0.0,1.0904636789754303,1.0904636789754303,0.0
2021-02-18 02:00:00,1,1,0.5709420600780329,-0.0216707517748008,0.357354706109607,1.4295428475164835,1.4608602256808028,-0.0214376280589914,0.14188412015606588,0.14188412015606588,-0.0030747355486881144,1.0871159408792561,1.0904636789754303,-0.0030700133903768245
2021-02-19 02:00:00,1,1,0.6646291591744842,0.0902234611170248,0.4475781672266318,1.5645185912201478,1.5645185912201478,0.0,0.32925831834896835,0.32925831834896835,0.02970682508301512,1.1198951769035956,1.1198951769035956,0.0
2021-02-20 02:00:00,0,0,0.5305275602384162,0.0,0.4475781672266318,1.5645185912201478,1.5645185912201478,0.0,0.06105512047683237,0.0,0.0,1.1198951769035956,1.1198951769035956,0.0
2021-02-21 02:00:00,0,0,0.518848811268787,0.0,0.4475781672266318,1.5645185912201478,1.5645185912201478,0.0,0.03769762253757403,0.0,0.0,1.1198951769035956,1.1198951769035956,0.0
2021-02-22 02:00:00,0,0,0.535499592497794,0.0,0.4475781672266318,1.5645185912201478,1.5645185912201478,0.0,0.070999184995588,0.0,0.0,1.1198951769035956,1.1198951769035956,0.0
2021-02-23 02:00:00,0,0,0.5447828534210146,0.0,0.4475781672266318,1.5645185912201478,1.5645185912201478,0.0,0.08956570684202925,0.0,0.0,1.1198951769035956,1.1198951769035956,0.0
2021-02-24 02:00:00,-1,-1,0.4292597701821419,-0.0107317171932385,0.4368464500333933,1.5478183913461865,1.5645185912201478,-0.0106743377596665,-0.1414804596357162,-0.1414804596357162,-0.0015183282811799012,1.1181960985902835,1.1198951769035956,-0.0015171762039460912
2021-02-25 02:00:00,-1,-1,0.4277902840147739,0.0665282408646269,0.5033746908980202,1.6542945941984395,1.6542945941984395,0.0,-0.14441943197045215,-0.14441943197045215,0.00960797075566284,1.1289914717734846,1.1289914717734846,0.0
2021-02-26 02:00:00,1,1,0.6320013042077648,-0.0003279056661234,0.5030467852318967,1.6537522305544805,1.6542945941984395,-0.0003278519109362,0.2640026084155296,0.2640026084155296,-8.656795117080937e-05,1.1288937415250986,1.1289914717734846,-8.656420427377576e-05
2021-02-27 02:00:00,-1,-1,0.4022518239031359,0.0416507501877786,0.5446975354196754,1.7240868283056283,1.7240868283056283,0.0,-0.19549635219372818,-0.19549635219372818,0.008142569727842955,1.1381233629541048,1.1381233629541048,0.0
2021-02-28 02:00:00,1,1,0.6143715933318206,0.0212698321583209,0.5659673675779963,1.761150638973167,1.761150638973167,0.0,0.22874318666364113,0.22874318666364113,0.0048653291876951145,1.1436742001465046,1.1436742001465046,0.0
2021-03-01 02:00:00,-1,-1,0.4345693629614475,-0.0606500648154429,0.5053173027625534,1.6575113699663424,1.761150638973167,-0.0588474754591413,-0.13086127407710502,-0.13086127407710502,-0.007936744754607856,1.1346330759448158,1.1436742001465046,-0.007905331956015615
2021-03-02 02:00:00,0,0,0.47768429580215,0.0,0.5053173027625534,1.6575113699663424,1.761150638973167,-0.0588474754591413,-0.04463140839570001,0.0,0.0,1.1346330759448158,1.1436742001465046,-0.007905331956015615
2021-03-03 02:00:00,0,0,0.5298966115396653,0.0,0.5053173027625534,1.6575113699663424,1.761150638973167,-0.0588474754591413,0.05979322307933055,0.0,0.0,1.1346330759448158,1.1436742001465046,-0.007905331956015615
2021-03-04 02:00:00,0,0,0.5374790045720541,0.0,0.5053173027625534,1.6575113699663424,1.761150638973167,-0.0588474754591413,0.07495800914410822,0.0,0.0,1.1346330759448158,1.1436742001465046,-0.007905331956015615
2021-03-05 02:00:00,1,1,0.6632636033070813,0.0313616987735715,0.536679001536125,1.710317458511024,1.761150638973167,-0.0288636186690885,0.3265272066141627,0.3265272066141627,0.010240447895209113,1.14631192309198,1.14631192309198,0.0
2021-03-06 03:00:00,0,0,0.4551828347123084,0.0,0.536679001536125,1.710317458511024,1.761150638973167,-0.0288636186690885,-0.08963433057538317,0.0,0.0,1.14631192309198,1.14631192309198,0.0
2021-03-07 03:00:00,0,0,0.5023446567623531,0.0,0.536679001536125,1.710317458511024,1.761150638973167,-0.0288636186690885,0.00468931352470614,0.0,0.0,1.14631192309198,1.14631192309198,0.0
2021-03-08 03:00:00,0,0,0.5194709855163411,0.0,0.536679001536125,1.710317458511024,1.761150638973167,-0.0288636186690885,0.038941971032682154,0.0,0.0,1.14631192309198,1.14631192309198,0.0
2021-03-09 03:00:00,0,0,0.5049171916567549,0.0,0.536679001536125,1.710317458511024,1.761150638973167,-0.0288636186690885,0.00983438331350972,0.0,0.0,1.14631192309198,1.14631192309198,0.0
2021-03-10 03:00:00,1,1,0.5812242124735546,0.0451399355992372,0.5818189371353623,1.789290078752085,1.789290078752085,0.0,0.1624484249471092,0.1624484249471092,0.007332911440310027,1.1547486218850087,1.1547486218850087,0.0
2021-03-11 03:00:00,1,1,0.5544909676070778,0.0186576046213799,0.6004765417567421,1.822987323011852,1.822987323011852,0.0,0.10898193521415567,0.10898193521415567,0.0020333418580985555,1.1570990093542788,1.1570990093542788,0.0
2021-03-12 03:00:00,1,1,0.5593177269936163,-0.0082031144188737,0.5922734273378685,1.8080943174451645,1.822987323011852,-0.008169560686841,0.11863545398723252,0.11863545398723252,-0.0009731802031922945,1.1559734912600352,1.1570990093542788,-0.0009727068169141928
2021-03-13 03:00:00,1,1,0.5645412587463059,0.0780239890048277,0.6702974163426961,1.954818629193651,1.954818629193651,0.0,0.1290825174926118,0.1290825174926118,0.010071532925559021,1.1676747421950775,1.1676747421950775,0.0
2021-03-14 03:00:00,0,0,0.4920650294004574,0.0,0.6702974163426961,1.954818629193651,1.954818629193651,0.0,-0.015869941199085247,0.0,0.0,1.1676747421950775,1.1676747421950775,0.0
2021-03-15 03:00:00,0,0,0.5083968564616305,0.0,0.6702974163426961,1.954818629193651,1.954818629193651,0.0,0.01679371292326093,0.0,0.0,1.1676747421950775,1.1676747421950775,0.0
2021-03-16 03:00:00,0,0,0.540710762038428,0.0,0.6702974163426961,1.954818629193651,1.954818629193651,0.0,0.0814215240768561,0.0,0.0,1.1676747421950775,1.1676747421950775,0.0
2021-03-17 03:00:00,0,0,0.5034582003266262,0.0,0.6702974163426961,1.954818629193651,1.954818629193651,0.0,0.006916400653252497,0.0,0.0,1.1676747421950775,1.1676747421950775,0.0
2021-03-18 03:00:00,0,0,0.5023105433962204,0.0,0.6702974163426961,1.954818629193651,1.954818629193651,0.0,0.004621086792440776,0.0,0.0,1.1676747421950775,1.1676747421950775,0.0
2021-03-19 03:00:00,1,1,0.6470010570210706,0.0091234140363401,0.6794208303790362,1.972734853204796,1.972734853204796,0.0,0.29400211404214116,0.29400211404214116,0.002682303013965733,1.1708110039972566,1.1708110039972566,0.0
2021-03-20 03:00:00,1,1,0.5721264091483158,-0.0109475896166441,0.6684732407623921,1.9512559472529876,1.972734853204796,-0.0108878828378355,0.1442528182966316,0.1442528182966316,-0.0015792206557558525,1.168963494272482,1.1708110039972566,-0.0015779743429699122
2021-03-21 03:00:00,1,1,0.634229607805381,-0.0049248056707956,0.6635484350915966,1.9416700147008072,1.972734853204796,-0.0157470926483214,0.2684592156107619,0.2684592156107619,-0.0013221094674172188,1.1674190177781123,1.1708110039972566,-0.0028971253324094892
2021-03-22 03:00:00,0,0,0.4921332495460763,0.0,0.6635484350915966,1.9416700147008072,1.972734853204796,-0.0157470926483214,-0.01573350090784742,0.0,0.0,1.1674190177781123,1.1708110039972566,-0.0028971253324094892
2021-03-23 03:00:00,1,1,0.5577712882814047,-0.0071317909483792,0.6564166441432173,1.9278716919266063,1.972734853204796,-0.0227416072693739,0.11554257656280931,0.11554257656280931,-0.0008240255016830541,1.1664574309767477,1.1708110039972566,-0.0037184250964890087
2021-03-24 03:00:00,1,1,0.5545751457167563,-0.0428509250001323,0.613565719143085,1.8470055741177,1.972734853204796,-0.0637334910380089,0.10915029143351251,0.10915029143351251,-0.004677190951960028,1.161014425744795,1.1708110039972566,-0.008367343848849407
2021-03-25 03:00:00,0,0,0.4621401209655311,0.0,0.613565719143085,1.8470055741177,1.972734853204796,-0.0637334910380089,-0.07571975806893783,0.0,0.0,1.161014425744795,1.1708110039972566,-0.008367343848849407
2021-03-26 03:00:00,-1,-1,0.4075845821094411,-0.0449339182684583,0.5686318008746267,1.7658493643163895,1.972734853204796,-0.1048724254819706,-0.1848308357811178,-0.1848308357811178,-0.008305173668479587,1.1514119297010332,1.1708110039972566,-0.01656892037228308
2021-03-27 03:00:00,0,0,0.49319081788072,0.0,0.5686318008746267,1.7658493643163895,1.972734853204796,-0.1048724254819706,-0.013618364238559999,0.0,0.0,1.1514119297010332,1.1708110039972566,-0.01656892037228308
2021-03-28 03:00:00,0,0,0.4924350715922199,0.0,0.5686318008746267,1.7658493643163895,1.972734853204796,-0.1048724254819706,-0.015129856815560228,0.0,0.0,1.1514119297010332,1.1708110039972566,-0.01656892037228308
2021-03-29 03:00:00,1,1,0.5938237923430082,0.0311606195729986,0.5997924204476254,1.8217406050397196,1.972734853204796,-0.0765405690074262,0.1876475846860164,0.1876475846860164,0.005847215000192994,1.1581642045709322,1.1708110039972566,-0.010801742880060972
2021-03-30 03:00:00,0,0,0.5463377412750039,0.0,0.5997924204476254,1.8217406050397196,1.972734853204796,-0.0765405690074262,0.09267548255000779,0.0,0.0,1.1581642045709322,1.1708110039972566,-0.010801742880060972
2021-03-31 03:00:00,0,0,0.5460240783006166,0.0,0.5997924204476254,1.8217406050397196,1.972734853204796,-0.0765405690074262,0.09204815660123322,0.0,0.0,1.1581642045709322,1.1708110039972566,-0.010801742880060972
2021-04-01 03:00:00,0,0,0.5239883246583452,0.0,0.5997924204476254,1.8217406050397196,1.972734853204796,-0.0765405690074262,0.047976649316690434,0.0,0.0,1.1581642045709322,1.1708110039972566,-0.010801742880060972
2021-04-02 03:00:00,0,0,0.5421674676727075,0.0,0.5997924204476254,1.8217406050397196,1.972734853204796,-0.0765405690074262,0.08433493534541503,0.0,0.0,1.1581642045709322,1.1708110039972566,-0.010801742880060972
2021-04-03 03:00:00,1,1,0.5557348468928457,-0.0306320451794404,0.569160375268185,1.7667829937978297,1.972734853204796,-0.1043991588998329,0.11146969378569138,0.11146969378569138,-0.0034145446961816855,1.154216345036037,1.1708110039972566,-0.014173644511850214
2021-04-04 03:00:00,1,1,0.6350239740269672,-0.0014401548650674,0.5677202204031175,1.7642403839891938,1.972734853204796,-0.1056880344953066,0.2700479480539344,0.2700479480539344,-0.00038891086619134214,1.1537675450347722,1.1708110039972566,-0.014556968549404137
2021-04-05 03:00:00,0,0,0.5280180934065147,0.0,0.5677202204031175,1.7642403839891938,1.972734853204796,-0.1056880344953066,0.056036186813029465,0.0,0.0,1.1537675450347722,1.1708110039972566,-0.014556968549404137
2021-04-06 03:00:00,0,0,0.5473174945652253,0.0,0.5677202204031175,1.7642403839891938,1.972734853204796,-0.1056880344953066,0.09463498913045054,0.0,0.0,1.1537675450347722,1.1708110039972566,-0.014556968549404137
2021-04-07 03:00:00,1,1,0.556985994713615,-0.0251509083387933,0.5425693120643242,1.7204214881656832,1.972734853204796,-0.1279002926466363,0.11397198942722997,0.11397198942722997,-0.0028664990592741795,1.150465007074649,1.1708110039972566,-0.017377695335237253
2021-04-08 03:00:00,1,1,0.5588022481241836,0.0242372829863757,0.5668065950507,1.7626292653381133,1.972734853204796,-0.1065047274474604,0.11760449624836711,0.11760449624836711,0.002850413456041833,1.1537489861370862,1.1708110039972566,-0.014572819867526898
2021-04-09 03:00:00,1,1,0.5661212384111652,0.0202231277054629,0.5870297227561629,1.7986380196724652,1.972734853204796,-0.0882515119806914,0.13224247682233048,0.13224247682233048,0.002674356496864707,1.15683865182618,1.1708110039972566,-0.011933909164992262
2021-04-10 03:00:00,0,0,0.538648165914065,0.0,0.5870297227561629,1.7986380196724652,1.972734853204796,-0.0882515119806914,0.0772963318281299,0.0,0.0,1.15683865182618,1.1708110039972566,-0.011933909164992262
2021-04-11 03:00:00,0,0,0.5130538305127709,0.0,0.5870297227561629,1.7986380196724652,1.972734853204796,-0.0882515119806914,0.02610766102554174,0.0,0.0,1.15683865182618,1.1708110039972566,-0.011933909164992262
2021-04-12 03:00:00,0,0,0.5033372980035932,0.0,0.5870297227561629,1.7986380196724652,1.972734853204796,-0.0882515119806914,0.00667459600718634,0.0,0.0,1.15683865182618,1.1708110039972566,-0.011933909164992262
2021-04-13 03:00:00,0,0,0.532052369926705,0.0,0.5870297227561629,1.7986380196724652,1.972734853204796,-0.0882515119806914,0.06410473985341003,0.0,0.0,1.15683865182618,1.1708110039972566,-0.011933909164992262
2021-04-14 03:00:00,0,0,0.5447810323034905,0.0,0.5870297227561629,1.7986380196724652,1.972734853204796,-0.0882515119806914,0.08956206460698102,0.0,0.0,1.15683865182618,1.1708110039972566,-0.011933909164992262
2021-04-15 03:00:00,1,1,0.5943917814219943,-0.0028842094897117,0.5841455132664513,1.7934578447733815,1.972734853204796,-0.0908773970004994,0.18878356284398867,0.18878356284398867,-0.0005444913434562173,1.1562089346478188,1.1708110039972566,-0.012471756158410674
2021-04-16 03:00:00,1,1,0.5618771413721486,-0.0100278992779819,0.5741176139884693,1.7755631034344015,1.972734853204796,-0.0999484291819956,0.12375428274429723,0.12375428274429723,-0.001240995482578706,1.1547749745360476,1.1708110039972566,-0.013696514131196658
2021-04-17 03:00:00,0,0,0.4769067187439421,0.0,0.5741176139884693,1.7755631034344015,1.972734853204796,-0.0999484291819956,-0.046186562512115836,0.0,0.0,1.1547749745360476,1.1708110039972566,-0.013696514131196658
2021-04-18 03:00:00,1,1,0.7207529118577751,0.0349971664428912,0.6091147804313606,1.838802933773584,1.972734853204796,-0.0678914955112358,0.44150582371555025,0.44150582371555025,0.015451452798078894,1.1727564880492711,1.1727564880492711,0.0
2021-04-19 03:00:00,-1,-1,0.3549004703208214,0.0361688174278813,0.6452835978592418,1.9065276397675333,1.972734853204796,-0.0335611313044457,-0.2901990593583572,-0.2901990593583572,0.010496156795675312,1.18513075153072,1.18513075153072,0.0
2021-04-20 05:00:00,0,0,0.5416833663929385,0.0,0.6452835978592418,1.9065276397675333,1.972734853204796,-0.0335611313044457,0.08336673278587692,0.0,0.0,1.18513075153072,1.18513075153072,0.0
2021-04-21 05:00:00,0,0,0.5280691431378339,0.0,0.6452835978592418,1.9065276397675333,1.972734853204796,-0.0335611313044457,0.05613828627566786,0.0,0.0,1.18513075153072,1.18513075153072,0.0
2021-04-22 05:00:00,1,1,0.5758930764484487,-0.0964170023209271,0.5488665955383147,1.731289654016568,1.972734853204796,-0.1223911053206108,0.15178615289689734,0.15178615289689734,-0.014634765856144748,1.1679129371173858,1.18513075153072,-0.014528198168088702
2021-04-23 05:00:00,1,1,0.6165745424991467,0.0180958346332451,0.5669624301715599,1.7629039662861803,1.972734853204796,-0.1063654786540299,0.23314908499829334,0.23314908499829334,0.004219027287021522,1.1728508028384805,1.18513075153072,-0.010361682604538403
2021-04-24 05:00:00,-1,-1,0.3886656209619573,0.0063593296376994,0.5733217598092593,1.7741505762754597,1.972734853204796,-0.1006644540226615,-0.22266875807608544,-0.22266875807608544,0.0014160240326229676,1.1745127641728732,1.18513075153072,-0.008959338321221089
2021-04-25 08:00:00,0,0,0.5156750195829798,0.0,0.5733217598092593,1.7741505762754597,1.972734853204796,-0.1006644540226615,0.031350039165959576,0.0,0.0,1.1745127641728732,1.18513075153072,-0.008959338321221089
2021-04-26 08:00:00,0,0,0.4724787543224382,0.0,0.5733217598092593,1.7741505762754597,1.972734853204796,-0.1006644540226615,-0.055042491355123624,0.0,0.0,1.1745127641728732,1.18513075153072,-0.008959338321221089
2021-04-27 08:00:00,0,0,0.4859339335039341,0.0,0.5733217598092593,1.7741505762754597,1.972734853204796,-0.1006644540226615,-0.028132132992131798,0.0,0.0,1.1745127641728732,1.18513075153072,-0.008959338321221089
2021-04-28 08:00:00,1,1,0.6069147482521647,-0.0034805434428014,0.5698412163664579,1.7679863018560449,1.972734853204796,-0.1037891894169802,0.21382949650432947,0.21382949650432947,-0.0007442428519356689,1.1736389666427463,1.18513075153072,-0.009696638850296257
2021-04-29 08:00:00,1,1,0.5646204437136529,0.0100150953430197,0.5798563117094776,1.7857818163778334,1.972734853204796,-0.0947684563504562,0.12924088742730588,0.12924088742730588,0.0012943598098009443,1.1751590613148837,1.18513075153072,-0.008414000061138127
2021-04-30 08:00:00,0,0,0.5238437833330215,0.0,0.5798563117094776,1.7857818163778334,1.972734853204796,-0.0947684563504562,0.04768756666604301,0.0,0.0,1.1751590613148837,1.18513075153072,-0.008414000061138127
2021-05-01 08:00:00,0,0,0.5206506223337598,0.0,0.5798563117094776,1.7857818163778334,1.972734853204796,-0.0947684563504562,0.04130124466751961,0.0,0.0,1.1751590613148837,1.18513075153072,-0.008414000061138127
2021-05-02 08:00:00,1,1,0.6026483598964084,0.0378435265611964,0.617699838270674,1.854657120494866,1.972734853204796,-0.0598548418800971,0.20529671979281683,0.20529671979281683,0.007769151868405958,1.184324608694102,1.18513075153072,-0.0006802142595462302
2021-05-03 08:00:00,1,1,0.5660943569267006,-0.0538327710635625,0.5638670672071114,1.7574555753630072,1.972734853204796,-0.109127325191248,0.13218871385340125,0.13218871385340125,-0.007116084770056922,1.1759267696884097,1.18513075153072,-0.007766216369309742
2021-05-04 08:00:00,0,0,0.5493620276535267,0.0,0.5638670672071114,1.7574555753630072,1.972734853204796,-0.109127325191248,0.09872405530705342,0.0,0.0,1.1759267696884097,1.18513075153072,-0.007766216369309742
2021-05-05 08:00:00,-1,-1,0.4230300715587139,-0.0272443651823215,0.5366227020247899,1.710221171184372,1.972734853204796,-0.1330709403719201,-0.15393985688257217,-0.15393985688257217,-0.004193993677023104,1.1710052678394407,1.18513075153072,-0.011918924281590582
2021-05-06 08:00:00,0,0,0.547183014197079,0.0,0.5366227020247899,1.710221171184372,1.972734853204796,-0.1330709403719201,0.09436602839415809,0.0,0.0,1.1710052678394407,1.18513075153072,-0.011918924281590582
2021-05-07 08:00:00,1,1,0.6088769927430993,0.0472081554739991,0.583830857498789,1.7928936116927163,1.972734853204796,-0.0911634126704453,0.2177539854861985,0.2177539854861985,0.010279764001915402,1.1831050103347924,1.18513075153072,-0.0017092976393625614
2021-05-08 08:00:00,0,0,0.514174983550462,0.0,0.583830857498789,1.7928936116927163,1.972734853204796,-0.0911634126704453,0.028349967100923967,0.0,0.0,1.1831050103347924,1.18513075153072,-0.0017092976393625614
2021-05-09 08:00:00,1,1,0.6120202630992664,0.0026602714781309,0.5864911289769199,1.7976695452545195,1.972734853204796,-0.0887424418268247,0.22404052619853276,0.22404052619853276,0.0005960086217913954,1.1838103612981845,1.18513075153072,-0.0011141304289251641
2021-05-10 08:00:00,0,0,0.5267859895739252,0.0,0.5864911289769199,1.7976695452545195,1.972734853204796,-0.0887424418268247,0.05357197914785039,0.0,0.0,1.1838103612981845,1.18513075153072,-0.0011141304289251641
2021-05-11 08:00:00,0,0,0.5413918741877431,0.0,0.5864911289769199,1.7976695452545195,1.972734853204796,-0.0887424418268247,0.0827837483754863,0.0,0.0,1.1838103612981845,1.18513075153072,-0.0011141304289251641
2021-05-12 08:00:00,0,0,0.5100854419576932,0.0,0.5864911289769199,1.7976695452545195,1.972734853204796,-0.0887424418268247,0.02017088391538646,0.0,0.0,1.1838103612981845,1.18513075153072,-0.0011141304289251641
2021-05-13 08:00:00,1,1,0.5594187324874647,0.0059765917780337,0.5924677207549536,1.8084456523984425,1.972734853204796,-0.0832799200254704,0.11883746497492931,0.11883746497492931,0.0007102430160915303,1.1846514529940677,1.18513075153072,-0.0004044267149705405
2021-05-14 08:00:00,-1,-1,0.3720150052300718,0.0300513508284839,0.6225190715834376,1.863616717727882,1.972734853204796,-0.0553131280159858,-0.2559699895398564,-0.2559699895398564,0.00769224395722558,1.1937992192932614,1.1937992192932614,0.0
2021-05-15 08:00:00,1,1,0.5893769596628875,0.0005132091449261,0.6230322807283638,1.864573388335112,1.972734853204796,-0.0548281816453797,0.178753919325775,0.178753919325775,9.173814608937002e-05,1.193908741244036,1.193908741244036,0.0
2021-05-16 08:00:00,-1,-1,0.3860675236553424,0.0750152476180742,0.698047528346438,2.009824748254199,2.009824748254199,0.0,-0.22786495268931517,-0.22786495268931517,0.01709334584946974,1.214492053940995,1.214492053940995,0.0
2021-05-17 08:00:00,0,0,0.4577141850779948,0.0,0.698047528346438,2.009824748254199,2.009824748254199,0.0,-0.08457162984401045,0.0,0.0,1.214492053940995,1.214492053940995,0.0
2021-05-18 08:00:00,-1,-1,0.4116810213554014,0.1035602704759223,0.8016077988223603,2.2291220286492863,2.2291220286492863,0.0,-0.17663795728919718,-0.17663795728919718,0.01829267463318367,1.2369128044728033,1.2369128044728033,0.0
2021-05-19 08:00:00,0,0,0.536608265949808,0.0,0.8016077988223603,2.2291220286492863,2.2291220286492863,0.0,0.07321653189961608,0.0,0.0,1.2369128044728033,1.2369128044728033,0.0
2021-05-20 08:00:00,-1,-1,0.4375943130355877,-0.0059404498845183,0.7956673489378421,2.2159192948666626,2.2291220286492863,-0.005922840298978,-0.12481137392882458,-0.12481137392882458,-0.0007414357118420564,1.235996053045253,1.2369128044728033,-0.000741160916303274
2021-05-21 08:00:00,1,1,0.5776408950392709,-0.0848344916643744,0.7108328572734677,2.035685988696846,2.2291220286492863,-0.0867767836243809,0.1552817900785417,0.1552817900785417,-0.013173251726047181,1.2198207405516692,1.2369128044728033,-0.01381832564051999
2021-05-22 08:00:00,1,1,0.5692943432165498,-0.0692916327357075,0.6415412245377602,1.899406035753949,2.2291220286492863,-0.1479129400085491,0.13858868643309963,0.13858868643309963,-0.009603036361646469,1.2081628229182435,1.2369128044728033,-0.023243337323857305
2021-05-23 08:00:00,1,1,0.6982512097656571,0.0622356196988107,0.7037768442365709,2.021372718516965,2.2291220286492863,-0.0931978184515113,0.39650241953131427,0.39650241953131427,0.024676573791609164,1.2383470317330807,1.2383470317330807,0.0
2021-05-24 08:00:00,0,0,0.4595129471050136,0.0,0.7037768442365709,2.021372718516965,2.2291220286492863,-0.0931978184515113,-0.08097410578997277,0.0,0.0,1.2383470317330807,1.2383470317330807,0.0
2021-05-25 08:00:00,0,0,0.5277149348930276,0.0,0.7037768442365709,2.021372718516965,2.2291220286492863,-0.0931978184515113,0.05542986978605513,0.0,0.0,1.2383470317330807,1.2383470317330807,0.0
2021-05-26 08:00:00,0,0,0.4502321227165869,0.0,0.7037768442365709,2.021372718516965,2.2291220286492863,-0.0931978184515113,-0.09953575456682617,0.0,0.0,1.2383470317330807,1.2383470317330807,0.0
2021-05-27 08:00:00,0,0,0.5052940371557443,0.0,0.7037768442365709,2.021372718516965,2.2291220286492863,-0.0931978184515113,0.01058807431148856,0.0,0.0,1.2383470317330807,1.2383470317330807,0.0
2021-05-28 08:00:00,1,1,0.5866223018671387,-0.0063319677470205,0.6974448764895504,2.008613888537721,2.2291220286492863,-0.0989215203463669,0.1732446037342774,0.1732446037342774,-0.0010969792431907918,1.236989335561812,1.2383470317330807,-0.0010963777814112508
2021-05-29 08:00:00,1,1,0.5646910628449879,-0.004026649232478,0.6934182272570725,2.0005421668672043,2.2291220286492863,-0.1025425521098939,0.12938212568997587,0.12938212568997587,-0.0005209764371059135,1.2363450611055107,1.2383470317330807,-0.0016166474956282872
2021-05-30 08:00:00,-1,-1,0.4388145181370204,-0.0135884229821289,0.6798298042749434,1.973541815265264,2.2291220286492863,-0.1146551019187085,-0.12237096372595924,-0.12237096372595924,-0.0016628284158390866,1.2342909397051427,1.2383470317330807,-0.003275408204646335
2021-05-31 08:00:00,0,0,0.4853713421982601,0.0,0.6798298042749434,1.973541815265264,2.2291220286492863,-0.1146551019187085,-0.029257315603479772,0.0,0.0,1.2342909397051427,1.2383470317330807,-0.003275408204646335
2021-06-01 08:00:00,0,0,0.536638490318832,0.0,0.6798298042749434,1.973541815265264,2.2291220286492863,-0.1146551019187085,0.07327698063766408,0.0,0.0,1.2342909397051427,1.2383470317330807,-0.003275408204646335
2021-06-02 08:00:00,0,0,0.4946910683481281,0.0,0.6798298042749434,1.973541815265264,2.2291220286492863,-0.1146551019187085,-0.010617863303743813,0.0,0.0,1.2342909397051427,1.2383470317330807,-0.003275408204646335
2021-06-03 08:00:00,1,1,0.5796041273238295,-0.0569533400752021,0.6228764641997413,1.8642828796159971,2.2291220286492863,-0.1636694377177545,0.15920825464765898,0.15920825464765898,-0.009067441869727497,1.2231496661191303,1.2383470317330807,-0.01227229946413444
2021-06-04 08:00:00,1,1,0.6025802626152128,0.0278888688390873,0.6507653330388286,1.9170074168400384,2.2291220286492863,-0.1400168352373111,0.2051605252304256,0.2051605252304256,0.005721694979109601,1.2301682152735518,1.2383470317330807,-0.006604623946231403
2021-06-05 08:00:00,0,0,0.4513034321975622,0.0,0.6507653330388286,1.9170074168400384,2.2291220286492863,-0.1400168352373111,-0.09739313560487561,0.0,0.0,1.2301682152735518,1.2383470317330807,-0.006604623946231403
2021-06-06 08:00:00,-1,-1,0.4355637243830406,0.0046692585035974,0.655434591542426,1.925979349859368,2.2291220286492863,-0.1359919622586138,-0.12887255123391883,-0.12887255123391883,0.000601739255729267,1.230908678540397,1.2383470317330807,-0.006006679066588916
2021-06-07 08:00:00,0,0,0.493287937503033,0.0,0.655434591542426,1.925979349859368,2.2291220286492863,-0.1359919622586138,-0.013424124993933972,0.0,0.0,1.230908678540397,1.2383470317330807,-0.006006679066588916
2021-06-08 08:00:00,0,0,0.4756141582824021,0.0,0.655434591542426,1.925979349859368,2.2291220286492863,-0.1359919622586138,-0.04877168343519578,0.0,0.0,1.230908678540397,1.2383470317330807,-0.006006679066588916
2021-06-09 08:00:00,-1,-1,0.3897324733401569,-0.0677985822682515,0.5876360092741745,1.7997288402960805,2.2291220286492863,-0.1926288389933467,-0.22053505331968615,-0.22053505331968615,-0.014951963955527973,1.2126410848732159,1.2383470317330807,-0.02075827389345708
2021-06-10 08:00:00,0,0,0.5120514616010193,0.0,0.5876360092741745,1.7997288402960805,2.2291220286492863,-0.1926288389933467,0.024102923202038662,0.0,0.0,1.2126410848732159,1.2383470317330807,-0.02075827389345708
2021-06-11 08:00:00,0,0,0.4622262350070168,0.0,0.5876360092741745,1.7997288402960805,2.2291220286492863,-0.1926288389933467,-0.07554752998596637,0.0,0.0,1.2126410848732159,1.2383470317330807,-0.02075827389345708
2021-06-12 08:00:00,1,1,0.5639924980161104,0.0119747582870626,0.5996107675612371,1.821409710655433,2.2291220286492863,-0.1829026463126841,0.1279849960322208,0.1279849960322208,0.00153258939185651,1.2145009906078712,1.2383470317330807,-0.01925634778793528
2021-06-13 08:00:00,0,0,0.4907225568879678,0.0,0.5996107675612371,1.821409710655433,2.2291220286492863,-0.1829026463126841,-0.018554886224064426,0.0,0.0,1.2145009906078712,1.2383470317330807,-0.01925634778793528
2021-06-14 08:00:00,0,0,0.4708766900599029,0.0,0.5996107675612371,1.821409710655433,2.2291220286492863,-0.1829026463126841,-0.058246619880194195,0.0,0.0,1.2145009906078712,1.2383470317330807,-0.01925634778793528
2021-06-15 08:00:00,1,1,0.5544310863242686,0.0050779953207505,0.6046887628819876,1.830682343912092,2.2291220286492863,-0.1787428770683428,0.10886217264853726,0.10886217264853726,0.0005528016033160053,1.2151725543063507,1.2383470317330807,-0.01871404124439735
2021-06-16 08:00:00,1,1,0.5517607254021961,-0.0202682060482202,0.5844205568337674,1.7939511916596729,2.2291220286492863,-0.1952207332737637,0.10352145080439223,0.10352145080439223,-0.0020981940953141123,1.2126255594073578,1.2383470317330807,-0.020770811143081103
2021-06-17 08:00:00,0,0,0.495324273220188,0.0,0.5844205568337674,1.7939511916596729,2.2291220286492863,-0.1952207332737637,-0.009351453559623968,0.0,0.0,1.2126255594073578,1.2383470317330807,-0.020770811143081103
2021-06-18 08:00:00,1,1,0.5929755184353025,-0.0574932787829557,0.5269272780508116,1.693719974152007,2.2291220286492863,-0.2401851704914067,0.185951036870605,0.185951036870605,-0.010690934802781368,1.1997305114907177,1.2383470317330807,-0.031183924419246778
2021-06-19 08:00:00,0,0,0.5106928910026532,0.0,0.5269272780508116,1.693719974152007,2.2291220286492863,-0.2401851704914067,0.021385782005306497,0.0,0.0,1.1997305114907177,1.2383470317330807,-0.031183924419246778
2021-06-20 08:00:00,1,1,0.6012312651604832,-0.0726490479630317,0.4542782300877799,1.5750361589661028,2.2291220286492863,-0.2934275742990706,0.2024625303209664,0.2024625303209664,-0.014708710076004649,1.1822131678089751,1.2383470317330807,-0.04532967131640442
2021-06-21 08:00:00,0,0,0.5390223494846282,0.0,0.4542782300877799,1.5750361589661028,2.2291220286492863,-0.2934275742990706,0.07804469896925648,0.0,0.0,1.1822131678089751,1.2383470317330807,-0.04532967131640442
2021-06-22 08:00:00,0,0,0.5444193397385156,0.0,0.4542782300877799,1.5750361589661028,2.2291220286492863,-0.2934275742990706,0.08883867947703128,0.0,0.0,1.1822131678089751,1.2383470317330807,-0.04532967131640442
2021-06-23 08:00:00,0,0,0.4840823509753765,0.0,0.4542782300877799,1.5750361589661028,2.2291220286492863,-0.2934275742990706,-0.03183529804924701,0.0,0.0,1.1822131678089751,1.2383470317330807,-0.04532967131640442
2021-06-24 08:00:00,0,0,0.5012316677886597,0.0,0.4542782300877799,1.5750361589661028,2.2291220286492863,-0.2934275742990706,0.00246333557731937,0.0,0.0,1.1822131678089751,1.2383470317330807,-0.04532967131640442
2021-06-25 08:00:00,1,1,0.5879728044802806,-0.121082424446411,0.3331958056413689,1.395420502927999,2.2291220286492863,-0.3740044353814316,0.1759456089605611,0.1759456089605611,-0.021303920903644916,1.1572937748586258,1.2383470317330807,-0.06545278084207129
2021-06-26 08:00:00,1,1,0.5964100001854927,0.0812667912680251,0.414462596909394,1.513557131813221,2.2291220286492863,-0.3210075032409304,0.19282000037098546,0.19282000037098546,0.0156698627224494,1.1755712381174628,1.2383470317330807,-0.050693216042810296
2021-06-27 08:00:00,-1,-1,0.4194795235624323,-0.0559478958835014,0.3585147010258926,1.4312020721122105,2.2291220286492863,-0.3579525688957313,-0.16104095287513542,-0.16104095287513542,-0.009009902464437933,1.1650270284025994,1.2383470317330807,-0.05920796146123042
2021-06-28 08:00:00,-1,-1,0.4306023482691022,-0.0057982611426471,0.3527164398832455,1.422927600705405,2.2291220286492863,-0.3616645556333165,-0.13879530346179558,-0.13879530346179558,-0.0008047714148444418,1.1640898251204077,1.2383470317330807,-0.05996477942758027
2021-06-29 08:00:00,0,0,0.4926023567068032,0.0,0.3527164398832455,1.422927600705405,2.2291220286492863,-0.3616645556333165,-0.014795286586393619,0.0,0.0,1.1640898251204077,1.2383470317330807,-0.05996477942758027
2021-06-30 08:00:00,0,0,0.5163156344461342,0.0,0.3527164398832455,1.422927600705405,2.2291220286492863,-0.3616645556333165,0.032631268892268306,0.0,0.0,1.1640898251204077,1.2383470317330807,-0.05996477942758027
2021-07-01 08:00:00,0,0,0.5355388345819049,0.0,0.3527164398832455,1.422927600705405,2.2291220286492863,-0.3616645556333165,0.07107766916380975,0.0,0.0,1.1640898251204077,1.2383470317330807,-0.05996477942758027
2021-07-02 08:00:00,0,0,0.5165706519458112,0.0,0.3527164398832455,1.422927600705405,2.2291220286492863,-0.3616645556333165,0.0331413038916224,0.0,0.0,1.1640898251204077,1.2383470317330807,-0.05996477942758027
2021-07-03 08:00:00,0,0,0.4837523973429571,0.0,0.3527164398832455,1.422927600705405,2.2291220286492863,-0.3616645556333165,-0.032495205314085784,0.0,0.0,1.1640898251204077,1.2383470317330807,-0.05996477942758027
2021-07-04 08:00:00,0,0,0.5292667665848372,0.0,0.3527164398832455,1.422927600705405,2.2291220286492863,-0.3616645556333165,0.05853353316967436,0.0,0.0,1.1640898251204077,1.2383470317330807,-0.05996477942758027
2021-07-05 08:00:00,0,0,0.5445638774562944,0.0,0.3527164398832455,1.422927600705405,2.2291220286492863,-0.3616645556333165,0.08912775491258884,0.0,0.0,1.1640898251204077,1.2383470317330807,-0.05996477942758027
2021-07-06 08:00:00,0,0,0.4718722016215417,0.0,0.3527164398832455,1.422927600705405,2.2291220286492863,-0.3616645556333165,-0.056255596756916604,0.0,0.0,1.1640898251204077,1.2383470317330807,-0.05996477942758027
2021-07-07 08:00:00,0,0,0.507784816258523,0.0,0.3527164398832455,1.422927600705405,2.2291220286492863,-0.3616645556333165,0.015569632517046017,0.0,0.0,1.1640898251204077,1.2383470317330807,-0.05996477942758027
2021-07-08 08:00:00,-1,-1,0.4223197159462025,-0.0082696779400611,0.3444467619431844,1.4112089691539502,2.2291220286492863,-0.3669216171135064,-0.15536056810759502,-0.15536056810759502,-0.0012847818628347386,1.1625951839758955,1.2383470317330807,-0.06117174412019999
2021-07-09 08:00:00,0,0,0.5113735673970228,0.0,0.3444467619431844,1.4112089691539502,2.2291220286492863,-0.3669216171135064,0.022747134794045554,0.0,0.0,1.1625951839758955,1.2383470317330807,-0.06117174412019999
2021-07-10 08:00:00,0,0,0.5131862691292528,0.0,0.3444467619431844,1.4112089691539502,2.2291220286492863,-0.3669216171135064,0.026372538258505607,0.0,0.0,1.1625951839758955,1.2383470317330807,-0.06117174412019999
2021-07-11 08:00:00,0,0,0.4998571795236183,0.0,0.3444467619431844,1.4112089691539502,2.2291220286492863,-0.3669216171135064,-0.0002856409527633996,0.0,0.0,1.1625951839758955,1.2383470317330807,-0.06117174412019999
2021-07-12 08:00:00,0,0,0.5305198748955443,0.0,0.3444467619431844,1.4112089691539502,2.2291220286492863,-0.3669216171135064,0.061039749791088616,0.0,0.0,1.1625951839758955,1.2383470317330807,-0.06117174412019999
2021-07-13 08:00:00,0,0,0.5063414674538936,0.0,0.3444467619431844,1.4112089691539502,2.2291220286492863,-0.3669216171135064,0.012682934907787269,0.0,0.0,1.1625951839758955,1.2383470317330807,-0.06117174412019999
2021-07-14 08:00:00,0,0,0.5395285797005019,0.0,0.3444467619431844,1.4112089691539502,2.2291220286492863,-0.3669216171135064,0.07905715940100388,0.0,0.0,1.1625951839758955,1.2383470317330807,-0.06117174412019999
2021-07-15 08:00:00,0,0,0.5201970932904308,0.0,0.3444467619431844,1.4112089691539502,2.2291220286492863,-0.3669216171135064,0.04039418658086169,0.0,0.0,1.1625951839758955,1.2383470317330807,-0.06117174412019999
2021-07-16 08:00:00,1,1,0.6240634543901759,0.006389779406813,0.3508365413499974,1.4202551539473307,2.2291220286492863,-0.3628634342607435,0.2481269087803517,0.2481269087803517,0.001585476212000859,1.1644399129848266,1.2383470317330807,-0.05968207364685185
2021-07-17 08:00:00,0,0,0.511311400982104,0.0,0.3508365413499974,1.4202551539473307,2.2291220286492863,-0.3628634342607435,0.022622801964208072,0.0,0.0,1.1644399129848266,1.2383470317330807,-0.05968207364685185
2021-07-18 08:00:00,0,0,0.545011788912575,0.0,0.3508365413499974,1.4202551539473307,2.2291220286492863,-0.3628634342607435,0.09002357782514991,0.0,0.0,1.1644399129848266,1.2383470317330807,-0.05968207364685185
2021-07-19 08:00:00,1,1,0.5542691521026671,-0.0615992541877865,0.2892372871622109,1.335408566245337,2.2291220286492863,-0.4009262171014863,0.10853830420533428,0.10853830420533428,-0.006685878589855683,1.1566805769947457,1.2383470317330807,-0.0659479553353004
2021-07-20 08:00:00,0,0,0.4951415536164294,0.0,0.2892372871622109,1.335408566245337,2.2291220286492863,-0.4009262171014863,-0.009716892767141161,0.0,0.0,1.1566805769947457,1.2383470317330807,-0.0659479553353004
2021-07-21 08:00:00,0,0,0.4691378135822937,0.0,0.2892372871622109,1.335408566245337,2.2291220286492863,-0.4009262171014863,-0.061724372835412655,0.0,0.0,1.1566805769947457,1.2383470317330807,-0.0659479553353004
2021-07-22 08:00:00,1,1,0.5630495988153755,0.0052829336405362,0.2945202208027471,1.3424821091612154,2.2291220286492863,-0.397752975428322,0.12609919763075106,0.12609919763075106,0.0006661736932081175,1.1574513838837142,1.2383470317330807,-0.06532550712876672
2021-07-23 08:00:00,1,1,0.5755342104960128,0.0382349938778142,0.3327552146805613,1.3948058286877836,2.2291220286492863,-0.3742801826183773,0.15106842099202566,0.15106842099202566,0.005776100151761159,1.1641562844449203,1.2383470317330807,-0.059911111656907434
2021-07-24 08:00:00,0,0,0.5336728028651861,0.0,0.3327552146805613,1.3948058286877836,2.2291220286492863,-0.3742801826183773,0.0673456057303723,0.0,0.0,1.1641562844449203,1.2383470317330807,-0.059911111656907434
2021-07-25 08:00:00,0,0,0.53194909173239,0.0,0.3327552146805613,1.3948058286877836,2.2291220286492863,-0.3742801826183773,0.06389818346478005,0.0,0.0,1.1641562844449203,1.2383470317330807,-0.059911111656907434
2021-07-26 08:00:00,0,0,0.462015649527779,0.0,0.3327552146805613,1.3948058286877836,2.2291220286492863,-0.3742801826183773,-0.07596870094444197,0.0,0.0,1.1641562844449203,1.2383470317330807,-0.059911111656907434
2021-07-27 08:00:00,1,1,0.5944295908933371,0.0580209926783433,0.3907762073589047,1.478127682297846,2.2291220286492863,-0.3369014063382154,0.18885918178667427,0.18885918178667427,0.010957797203682534,1.1769830209665757,1.2383470317330807,-0.04955316175032565
2021-07-28 08:00:00,0,0,0.489718536936272,0.0,0.3907762073589047,1.478127682297846,2.2291220286492863,-0.3369014063382154,-0.020562926127456027,0.0,0.0,1.1769830209665757,1.2383470317330807,-0.04955316175032565
2021-07-29 08:00:00,0,0,0.526973223661772,0.0,0.3907762073589047,1.478127682297846,2.2291220286492863,-0.3369014063382154,0.05394644732354403,0.0,0.0,1.1769830209665757,1.2383470317330807,-0.04955316175032565
2021-07-30 08:00:00,1,1,0.6442599707208847,0.0731889469366878,0.4639651542955925,1.5903675519968814,2.2291220286492863,-0.2865498023181134,0.2885199414417694,0.2885199414417694,0.021116470684357933,1.2021010167889292,1.2383470317330807,-0.029269674828892533
2021-07-31 08:00:00,0,0,0.4948052401296334,0.0,0.4639651542955925,1.5903675519968814,2.2291220286492863,-0.2865498023181134,-0.01038951974073321,0.0,0.0,1.2021010167889292,1.2383470317330807,-0.029269674828892533
2021-08-01 08:00:00,0,0,0.5209908162388455,0.0,0.4639651542955925,1.5903675519968814,2.2291220286492863,-0.2865498023181134,0.04198163247769093,0.0,0.0,1.2021010167889292,1.2383470317330807,-0.029269674828892533
2021-08-02 08:00:00,0,0,0.5364344731623985,0.0,0.4639651542955925,1.5903675519968814,2.2291220286492863,-0.2865498023181134,0.0728689463247969,0.0,0.0,1.2021010167889292,1.2383470317330807,-0.029269674828892533
2021-08-03 08:00:00,1,1,0.551988331237871,-0.0215826543237038,0.4423824999718887,1.5564109537383668,2.2291220286492863,-0.3017829738637242,0.10397666247574211,0.10397666247574211,-0.002244092363946366,1.1994064156741768,1.2383470317330807,-0.03144564089147617
2021-08-04 08:00:00,0,0,0.5463500767739614,0.0,0.4423824999718887,1.5564109537383668,2.2291220286492863,-0.3017829738637242,0.09270015354792283,0.0,0.0,1.1994064156741768,1.2383470317330807,-0.03144564089147617
2021-08-05 08:00:00,0,0,0.5343704913799258,0.0,0.4423824999718887,1.5564109537383668,2.2291220286492863,-0.3017829738637242,0.06874098275985152,0.0,0.0,1.1994064156741768,1.2383470317330807,-0.03144564089147617
2021-08-06 08:00:00,0,0,0.5024416357416034,0.0,0.4423824999718887,1.5564109537383668,2.2291220286492863,-0.3017829738637242,0.004883271483206775,0.0,0.0,1.1994064156741768,1.2383470317330807,-0.03144564089147617
2021-08-07 08:00:00,-1,-1,0.423995978755446,-0.0240127033720526,0.4183697965998361,1.5194824699716982,2.2291220286492863,-0.3183493543902516,-0.15200804248910804,-0.15200804248910804,-0.0036501240344573196,1.1950364138654996,1.2383470317330807,-0.034974540058425596
2021-08-08 08:00:00,0,0,0.4603798656001302,0.0,0.4183697965998361,1.5194824699716982,2.2291220286492863,-0.3183493543902516,-0.07924026879973955,0.0,0.0,1.1950364138654996,1.2383470317330807,-0.034974540058425596
2021-08-09 08:00:00,1,1,0.5808164003652453,0.0528279513026083,0.4711977479024444,1.6019117310404207,2.2291220286492863,-0.2813710014740275,0.16163280073049058,0.16163280073049058,0.008538729725894548,1.205284196073722,1.2383470317330807,-0.026699168175084886
2021-08-10 08:00:00,0,0,0.5246692645700612,0.0,0.4711977479024444,1.6019117310404207,2.2291220286492863,-0.2813710014740275,0.04933852914012249,0.0,0.0,1.205284196073722,1.2383470317330807,-0.026699168175084886
2021-08-11 08:00:00,0,0,0.5300356681131112,0.0,0.4711977479024444,1.6019117310404207,2.2291220286492863,-0.2813710014740275,0.060071336226222405,0.0,0.0,1.205284196073722,1.2383470317330807,-0.026699168175084886
2021-08-12 08:00:00,1,1,0.5901518884631731,0.0272177346133891,0.4984154825158337,1.6461109116461188,2.2291220286492863,-0.2615429346218597,0.18030377692634625,0.18030377692634625,0.0049074603501730015,1.2112136177776667,1.2383470317330807,-0.021910993655341104
2021-08-13 12:00:00,1,1,0.5554870617314694,-0.0065096178108293,0.4919058647050043,1.6354301602582877,2.2291220286492863,-0.2663343956771807,0.11097412346293889,0.11097412346293889,-0.0007223991306355167,1.2103389540793557,1.2383470317330807,-0.02261730915164173
2021-08-14 12:00:00,1,1,0.6078191664398305,-0.0110210064852229,0.4808848582197814,1.6175050317702773,2.2291220286492863,-0.2743757358360557,0.21563833287966094,0.21563833287966094,-0.002376551465129398,1.2074659365539724,1.2383470317330807,-0.024937351475611713
2021-08-15 12:00:00,1,1,0.5995721880200647,0.0311504851651479,0.5120353433849294,1.6686840860414354,2.2291220286492863,-0.2514164480028231,0.19914437604012947,0.19914437604012947,0.006203443931560688,1.2149796651921076,1.2383470317330807,-0.018869804620333386
2021-08-16 12:00:00,0,0,0.5274087707946639,0.0,0.5120353433849294,1.6686840860414354,2.2291220286492863,-0.2514164480028231,0.05481754158932772,0.0,0.0,1.2149796651921076,1.2383470317330807,-0.018869804620333386
2021-08-17 12:00:00,0,0,0.5236756244739685,0.0,0.5120353433849294,1.6686840860414354,2.2291220286492863,-0.2514164480028231,0.047351248947937075,0.0,0.0,1.2149796651921076,1.2383470317330807,-0.018869804620333386
2021-08-18 12:00:00,0,0,0.5329256773262687,0.0,0.5120353433849294,1.6686840860414354,2.2291220286492863,-0.2514164480028231,0.06585135465253744,0.0,0.0,1.2149796651921076,1.2383470317330807,-0.018869804620333386
2021-08-19 12:00:00,1,1,0.5593739557225204,0.0554070811316421,0.5674424245165715,1.7637503533350445,2.2291220286492863,-0.2087690441946013,0.11874791144504071,0.11874791144504071,0.006579475163648422,1.2229999494212065,1.2383470317330807,-0.012393199901642893
2021-08-20 12:00:00,1,1,0.5669754431676941,0.0413486276029926,0.6087910521195642,1.8382077575470028,2.2291220286492863,-0.1753669229760176,0.1339508863353882,0.1339508863353882,0.005538685316172758,1.2297925549703115,1.2383470317330807,-0.00690798018936345
2021-08-21 12:00:00,0,0,0.4691690666547766,0.0,0.6087910521195642,1.8382077575470028,2.2291220286492863,-0.1753669229760176,-0.06166186669044682,0.0,0.0,1.2297925549703115,1.2383470317330807,-0.00690798018936345
2021-08-22 12:00:00,1,1,0.6085074628716793,0.027491487835883,0.6362825399554471,1.8894438754052847,2.2291220286492863,-0.1523820360116514,0.21701492574335868,0.21701492574335868,0.005966063191278598,1.2371515052187252,1.2383470317330807,-0.000965421229848884
2021-08-23 12:00:00,1,1,0.5584071596652511,-0.0198823589249045,0.6164001810305426,1.8522482676208607,2.2291220286492863,-0.1690682502728612,0.11681431933050224,0.11681431933050224,-0.0023225442244974555,1.2342815002822636,1.2383470317330807,-0.0032830308036733147
2021-08-24 12:00:00,1,1,0.5635063279962299,-0.0332018807901833,0.5831983002403593,1.7917598624435105,2.2291220286492863,-0.1962037791492246,0.1270126559924598,0.1270126559924598,-0.004217059063106211,1.2290874218602592,1.2383470317330807,-0.007477394975350826
2021-08-25 12:00:00,0,0,0.5372205299148121,0.0,0.5831983002403593,1.7917598624435105,2.2291220286492863,-0.1962037791492246,0.07444105982962412,0.0,0.0,1.2290874218602592,1.2383470317330807,-0.007477394975350826
2021-08-26 12:00:00,0,0,0.5375556426766743,0.0,0.5831983002403593,1.7917598624435105,2.2291220286492863,-0.1962037791492246,0.07511128535334866,0.0,0.0,1.2290874218602592,1.2383470317330807,-0.007477394975350826
2021-08-27 12:00:00,0,0,0.5010738149077869,0.0,0.5831983002403593,1.7917598624435105,2.2291220286492863,-0.1962037791492246,0.002147629815573815,0.0,0.0,1.2290874218602592,1.2383470317330807,-0.007477394975350826
2021-08-28 12:00:00,0,0,0.5319056958818518,0.0,0.5831983002403593,1.7917598624435105,2.2291220286492863,-0.1962037791492246,0.06381139176370354,0.0,0.0,1.2290874218602592,1.2383470317330807,-0.007477394975350826
2021-08-29 12:00:00,1,1,0.6096217282836053,-0.0171911369160785,0.5660071633242808,1.7612207266717512,2.2291220286492863,-0.2099038527114889,0.21924345656721056,0.21924345656721056,-0.003769044279801227,1.2244636560062918,1.2383470317330807,-0.011211215734380109
2021-08-30 12:00:00,0,0,0.5199221151203123,0.0,0.5660071633242808,1.7612207266717512,2.2291220286492863,-0.2099038527114889,0.039844230240624556,0.0,0.0,1.2244636560062918,1.2383470317330807,-0.011211215734380109
2021-08-31 12:00:00,0,0,0.4936196448270448,0.0,0.5660071633242808,1.7612207266717512,2.2291220286492863,-0.2099038527114889,-0.01276071034591042,0.0,0.0,1.2244636560062918,1.2383470317330807,-0.011211215734380109
2021-09-01 12:00:00,0,0,0.52533483549048,0.0,0.5660071633242808,1.7612207266717512,2.2291220286492863,-0.2099038527114889,0.05066967098095998,0.0,0.0,1.2244636560062918,1.2383470317330807,-0.011211215734380109
2021-09-02 12:00:00,1,1,0.5623567156862582,0.0116343070600479,0.5776414703843287,1.7818309698773498,2.2291220286492863,-0.2006579509884293,0.12471343137251645,0.12471343137251645,0.0014509543551000676,1.2262415864166536,1.2383470317330807,-0.00977548700503239
2021-09-03 12:00:00,1,1,0.5696015860883916,-0.0091628153969838,0.5684786549873447,1.765578952455446,2.2291220286492863,-0.2079487216205564,0.13920317217678324,0.13920317217678324,-0.0012754929693304165,1.2246785209458981,1.2383470317330807,-0.011037706262398306
2021-09-04 12:00:00,0,0,0.5069237288484562,0.0,0.5684786549873447,1.765578952455446,2.2291220286492863,-0.2079487216205564,0.013847457696912313,0.0,0.0,1.2246785209458981,1.2383470317330807,-0.011037706262398306
2021-09-05 12:00:00,0,0,0.5261805926656136,0.0,0.5684786549873447,1.765578952455446,2.2291220286492863,-0.2079487216205564,0.052361185331227134,0.0,0.0,1.2246785209458981,1.2383470317330807,-0.011037706262398306
2021-09-06 12:00:00,0,0,0.5307124111165655,0.0,0.5684786549873447,1.765578952455446,2.2291220286492863,-0.2079487216205564,0.06142482223313106,0.0,0.0,1.2246785209458981,1.2383470317330807,-0.011037706262398306
2021-09-07 12:00:00,0,0,0.5276891754520933,0.0,0.5684786549873447,1.765578952455446,2.2291220286492863,-0.2079487216205564,0.055378350904186524,0.0,0.0,1.2246785209458981,1.2383470317330807,-0.011037706262398306
2021-09-08 12:00:00,0,0,0.523720248036648,0.0,0.5684786549873447,1.765578952455446,2.2291220286492863,-0.2079487216205564,0.047440496073295924,0.0,0.0,1.2246785209458981,1.2383470317330807,-0.011037706262398306
2021-09-09 12:00:00,-1,-1,0.3920632585896195,0.0153273112408108,0.5838059662281556,1.792848984848023,2.2291220286492863,-0.1957151910905563,-0.21587348282076102,-0.21587348282076102,0.0033087600598316275,1.2287373995468254,1.2383470317330807,-0.007760047821818161
2021-09-10 12:00:00,1,1,0.6315381291111986,-0.0085554422544408,0.5752505239737148,1.7775757964884735,2.2291220286492863,-0.2025668520419327,0.2630762582223971,0.2630762582223971,-0.0022507337357360753,1.2259749487660565,1.2383470317330807,-0.009990804394878983
2021-09-11 12:00:00,0,0,0.4788528659410501,0.0,0.5752505239737148,1.7775757964884735,2.2291220286492863,-0.2025668520419327,-0.042294268117899825,0.0,0.0,1.2259749487660565,1.2383470317330807,-0.009990804394878983
2021-09-12 12:00:00,0,0,0.4877705756828753,0.0,0.5752505239737148,1.7775757964884735,2.2291220286492863,-0.2025668520419327,-0.024458848634249408,0.0,0.0,1.2259749487660565,1.2383470317330807,-0.009990804394878983
2021-09-13 12:00:00,0,0,0.5452773446763879,0.0,0.5752505239737148,1.7775757964884735,2.2291220286492863,-0.2025668520419327,0.09055468935277577,0.0,0.0,1.2259749487660565,1.2383470317330807,-0.009990804394878983
2021-09-14 12:00:00,0,0,0.5033887073282501,0.0,0.5752505239737148,1.7775757964884735,2.2291220286492863,-0.2025668520419327,0.00677741465650028,0.0,0.0,1.2259749487660565,1.2383470317330807,-0.009990804394878983
2021-09-15 12:00:00,0,0,0.5214799431448697,0.0,0.5752505239737148,1.7775757964884735,2.2291220286492863,-0.2025668520419327,0.042959886289739346,0.0,0.0,1.2259749487660565,1.2383470317330807,-0.009990804394878983
2021-09-16 12:00:00,1,1,0.5606686010962264,-0.0129806354218917,0.5622698885518231,1.754650845254186,2.2291220286492863,-0.2128511482534678,0.12133720219245281,0.12133720219245281,-0.0015750339847725881,1.2240455164168977,1.2383470317330807,-0.011548875193868602
2021-09-17 12:00:00,1,1,0.6324490626891738,0.0176821138666892,0.5799520024185123,1.7859527072822292,2.2291220286492863,-0.1988089102666088,0.26489812537834756,0.26489812537834756,0.004683958816012453,1.2297923436488998,1.2383470317330807,-0.006908150837337201
2021-09-18 12:00:00,0,0,0.5287014425975175,0.0,0.5799520024185123,1.7859527072822292,2.2291220286492863,-0.1988089102666088,0.057402885195035,0.0,0.0,1.2297923436488998,1.2383470317330807,-0.006908150837337201
2021-09-19 12:00:00,1,1,0.6068672024174464,-0.0834751613011485,0.4964768411173638,1.6429227842027545,2.2291220286492863,-0.2629731512732541,0.2137344048348928,0.2137344048348928,-0.01784151391919765,1.2080455610599958,1.2383470317330807,-0.024469288411567147
2021-09-20 12:00:00,-1,-1,0.4268625379033168,0.0086021419144331,0.5050789830317969,1.6571163993694389,2.2291220286492863,-0.256605794536268,-0.1462749241933664,-0.1462749241933664,0.0012582776564342814,1.2095665745253812,1.2383470317330807,-0.02324102732932698
2021-09-21 12:00:00,0,0,0.4652261072703927,0.0,0.5050789830317969,1.6571163993694389,2.2291220286492863,-0.256605794536268,-0.06954778545921458,0.0,0.0,1.2095665745253812,1.2383470317330807,-0.02324102732932698
2021-09-22 12:00:00,-1,-1,0.4483590658057392,-0.0319090319233058,0.4731699511084911,1.6050741439275602,2.2291220286492863,-0.2799523205554887,-0.1032818683885216,-0.1032818683885216,-0.0032956244355080034,1.2055868587922303,1.2383470317330807,-0.026454759531342464
2021-09-23 12:00:00,0,0,0.5463050459274397,0.0,0.4731699511084911,1.6050741439275602,2.2291220286492863,-0.2799523205554887,0.09261009185487934,0.0,0.0,1.2055868587922303,1.2383470317330807,-0.026454759531342464
2021-09-24 12:00:00,1,1,0.6151445350131733,0.0268301558823414,0.5000001069908325,1.648721447098199,2.2291220286492863,-0.260371829846738,0.2302890700263467,0.2302890700263467,0.006178691646806316,1.213058868095803,1.2383470317330807,-0.020420902210171787
2021-09-25 12:00:00,1,1,0.5716696222824006,0.0204293964627293,0.5204295034535619,1.682750241550158,2.2291220286492863,-0.2451062705751451,0.14333924456480118,0.14333924456480118,0.0029283342558824393,1.2166163160899277,1.2383470317330807,-0.017548163064388
2021-09-26 12:00:00,-1,-1,0.42947776019322,-0.0075002251190278,0.5129292783345341,1.6701764480036732,2.2291220286492863,-0.2507469638099178,-0.14104447961356004,-0.14104447961356004,-0.0010578653488978274,1.215329980351194,1.2383470317330807,-0.01858691529277856
2021-09-27 12:00:00,0,0,0.5196104088628946,0.0,0.5129292783345341,1.6701764480036732,2.2291220286492863,-0.2507469638099178,0.039220817725789114,0.0,0.0,1.215329980351194,1.2383470317330807,-0.01858691529277856
2021-09-28 12:00:00,1,1,0.5623451958105586,0.0083213327477711,0.5212506110823052,1.6841325280360906,2.2291220286492863,-0.2444861670239859,0.12469039162111728,0.12469039162111728,0.0010375902391292064,1.2165916493106343,1.2383470317330807,-0.017568082181292466
2021-09-29 14:00:00,0,0,0.4756059082393968,0.0,0.5212506110823052,1.6841325280360906,2.2291220286492863,-0.2444861670239859,-0.048788183521206396,0.0,0.0,1.2165916493106343,1.2383470317330807,-0.017568082181292466
2021-09-30 14:00:00,1,1,0.5538795706873778,0.0879543547209731,0.6092049658032783,1.838968774378136,2.2291220286492863,-0.1750255254117065,0.10775914137475562,0.10775914137475562,0.009477885744902744,1.2281771824129748,1.2383470317330807,-0.008212438887888363
2021-10-01 14:00:00,0,0,0.4818060141788223,0.0,0.6092049658032783,1.838968774378136,2.2291220286492863,-0.1750255254117065,-0.03638797164235541,0.0,0.0,1.2281771824129748,1.2383470317330807,-0.008212438887888363
2021-10-02 14:00:00,0,0,0.4598634435433769,0.0,0.6092049658032783,1.838968774378136,2.2291220286492863,-0.1750255254117065,-0.08027311291324624,0.0,0.0,1.2281771824129748,1.2383470317330807,-0.008212438887888363
2021-10-03 14:00:00,0,0,0.5130087140297128,0.0,0.6092049658032783,1.838968774378136,2.2291220286492863,-0.1750255254117065,0.02601742805942564,0.0,0.0,1.2281771824129748,1.2383470317330807,-0.008212438887888363
2021-10-04 14:00:00,1,1,0.568240509425375,0.0481633544245456,0.6573683202278239,1.929707274611536,2.2291220286492863,-0.1343195886943785,0.13648101885074992,0.13648101885074992,0.006573383683131758,1.2362770548827606,1.2383470317330807,-0.0016715644300637766
2021-10-05 14:00:00,0,0,0.5388815469638019,0.0,0.6573683202278239,1.929707274611536,2.2291220286492863,-0.1343195886943785,0.07776309392760372,0.0,0.0,1.2362770548827606,1.2383470317330807,-0.0016715644300637766
2021-10-06 14:00:00,0,0,0.5094080266680249,0.0,0.6573683202278239,1.929707274611536,2.2291220286492863,-0.1343195886943785,0.018816053336049743,0.0,0.0,1.2362770548827606,1.2383470317330807,-0.0016715644300637766
2021-10-07 14:00:00,1,1,0.589078384491625,0.0134211861146229,0.6707895063424468,1.9557808126134064,2.2291220286492863,-0.122622814059896,0.17815676898324995,0.17815676898324995,0.002391075154104074,1.2392366230972454,1.2392366230972454,0.0
2021-10-08 14:00:00,0,0,0.5360299445102646,0.0,0.6707895063424468,1.9557808126134064,2.2291220286492863,-0.122622814059896,0.07205988902052929,0.0,0.0,1.2392366230972454,1.2392366230972454,0.0
2021-10-09 14:00:00,0,0,0.517590696069438,0.0,0.6707895063424468,1.9557808126134064,2.2291220286492863,-0.122622814059896,0.035181392138875944,0.0,0.0,1.2392366230972454,1.2392366230972454,0.0
2021-10-10 14:00:00,0,0,0.5346033607438871,0.0,0.6707895063424468,1.9557808126134064,2.2291220286492863,-0.122622814059896,0.06920672148777429,0.0,0.0,1.2392366230972454,1.2392366230972454,0.0
2021-10-11 14:00:00,1,1,0.5662021000406439,-0.0194480929692815,0.6513414133731653,1.918112085271987,2.2291220286492863,-0.1395212731201407,0.13240420008128773,0.13240420008128773,-0.0025750091927042324,1.2360496823626415,1.2392366230972454,-0.002571696700375714
2021-10-12 14:00:00,1,1,0.5716247936450999,-0.0119421449100953,0.63939926846307,1.8953419455625284,2.2291220286492863,-0.1497361197803103,0.14324958729019976,0.14324958729019976,-0.0017107073297309113,1.2339369707419805,1.2392366230972454,-0.004276545944889354
2021-10-13 14:00:00,0,0,0.5025296256679441,0.0,0.63939926846307,1.8953419455625284,2.2291220286492863,-0.1497361197803103,0.0050592513358882485,0.0,0.0,1.2339369707419805,1.2392366230972454,-0.004276545944889354
2021-10-14 14:00:00,0,0,0.5292667305047304,0.0,0.63939926846307,1.8953419455625284,2.2291220286492863,-0.1497361197803103,0.058533461009460774,0.0,0.0,1.2339369707419805,1.2392366230972454,-0.004276545944889354
2021-10-15 14:00:00,1,1,0.5609874640788758,0.0123899958861245,0.6517892643491946,1.918971306028576,2.2291220286492863,-0.1391358205762487,0.12197492815775157,0.12197492815775157,0.0015112688580848732,1.2358031910838514,1.2392366230972454,-0.0027706024413745034
2021-10-16 14:00:00,1,1,0.5860662420340313,0.0011364129068333,0.6529256772560279,1.9211532893707817,2.2291220286492863,-0.1381569673263312,0.1721324840680627,0.1721324840680627,0.00019561357658022383,1.2360449546113517,1.2392366230972454,-0.0025755117516755854
2021-10-17 14:00:00,0,0,0.5161545940116614,0.0,0.6529256772560279,1.9211532893707817,2.2291220286492863,-0.1381569673263312,0.03230918802332283,0.0,0.0,1.2360449546113517,1.2392366230972454,-0.0025755117516755854
2021-10-18 14:00:00,0,0,0.5031395770252395,0.0,0.6529256772560279,1.9211532893707817,2.2291220286492863,-0.1381569673263312,0.006279154050478963,0.0,0.0,1.2360449546113517,1.2392366230972454,-0.0025755117516755854
2021-10-19 14:00:00,0,0,0.533886163489936,0.0,0.6529256772560279,1.9211532893707817,2.2291220286492863,-0.1381569673263312,0.06777232697987201,0.0,0.0,1.2360449546113517,1.2392366230972454,-0.0025755117516755854
2021-10-20 14:00:00,1,1,0.586113891279577,-0.0476293599555539,0.605296317300474,1.8317949210003208,2.2291220286492863,-0.178243767071703,0.17222778255915405,0.17222778255915405,-0.008203099049856817,1.225947029184591,1.2392366230972454,-0.010724016434762396
2021-10-21 14:00:00,1,1,0.5635462142653477,-0.0341713752254229,0.571124942075051,1.770257368725757,2.2291220286492863,-0.2058499507994964,0.12709242853069536,0.12709242853069536,-0.004342923063632633,1.2206343801199744,1.2392366230972454,-0.015011050053361119
2021-10-22 14:00:00,1,1,0.6184064664145702,-0.0098282421469234,0.5612966999281276,1.7529440696550316,2.2291220286492863,-0.2136168199292301,0.2368129328291404,0.2368129328291404,-0.0023274548473678977,1.2177967122679803,1.2392366230972454,-0.017300901562834703
2021-10-23 14:00:00,0,0,0.5104578720632028,0.0,0.5612966999281276,1.7529440696550316,2.2291220286492863,-0.2136168199292301,0.020915744126405622,0.0,0.0,1.2177967122679803,1.2392366230972454,-0.017300901562834703
2021-10-24 14:00:00,1,1,0.5993251651401731,0.0513056250973086,0.6126023250254363,1.8452270366661492,2.2291220286492863,-0.1722180244280992,0.19865033028034618,0.19865033028034618,0.010191879370819971,1.2302718138359638,1.2392366230972454,-0.007234138415693092
2021-10-25 14:00:00,1,1,0.5749580496035097,-0.023535900083701,0.5890664249417353,1.8023050427074856,2.2291220286492863,-0.1914731362645166,0.14991609920701943,0.14991609920701943,-0.0035284103318746155,1.2259385593026788,1.2392366230972454,-0.010730851192349733
2021-10-26 14:00:00,1,1,0.5691033585491935,-0.0466621061292495,0.5424043188124859,1.720137653645852,2.2291220286492863,-0.2283340115354062,0.13820671709838694,0.13820671709838694,-0.006449016501020093,1.218057899868774,1.2392366230972454,-0.017090136648430287
2021-10-27 14:00:00,0,0,0.5276923479342245,0.0,0.5424043188124859,1.720137653645852,2.2291220286492863,-0.2283340115354062,0.05538469586844896,0.0,0.0,1.218057899868774,1.2392366230972454,-0.017090136648430287
2021-10-28 14:00:00,1,1,0.5613250073202687,-0.0059764402362407,0.5364278785762452,1.709888012452648,2.2291220286492863,-0.2329320734905047,0.12265001464053737,0.12265001464053737,-0.0007330104824732185,1.217165377813885,1.2392366230972454,-0.017810355885220175
2021-10-29 14:00:00,1,1,0.5542089346756855,-0.00195511318718,0.5344727653890652,1.7065482537179162,2.2291220286492863,-0.2344303130179097,0.1084178693513711,0.1084178693513711,-0.000211969206094824,1.2169074035773266,1.2392366230972454,-0.018018527780522597
2021-10-30 14:00:00,1,1,0.6052865040429013,-0.013218376950631,0.5212543884384342,1.6841388896164322,2.2291220286492863,-0.2444833131737884,0.2105730080858026,0.2105730080858026,-0.0027834333965064085,1.2135249324950481,1.2392366230972454,-0.02074800738049165
2021-10-31 14:00:00,1,1,0.5830656528198099,0.0157207824948443,0.5369751709332785,1.710824077220428,2.2291220286492863,-0.2325121481765247,0.16613130563961986,0.16613130563961986,0.0026117141215449644,1.2166984550610465,1.2392366230972454,-0.01818713844969244
2021-11-01 14:00:00,0,0,0.5014790139265805,0.0,0.5369751709332785,1.710824077220428,2.2291220286492863,-0.2325121481765247,0.002958027853160905,0.0,0.0,1.2166984550610465,1.2392366230972454,-0.01818713844969244
2021-11-02 14:00:00,1,1,0.5572469868963453,-0.0229362317548419,0.5140389391784366,1.672030806074422,2.2291220286492863,-0.2499150855874983,0.11449397379269066,0.11449397379269066,-0.0026260603174419477,1.21350752315352,1.2392366230972454,-0.02076205582063917
2021-11-03 14:00:00,1,1,0.5619247709749811,-0.0042837338367047,0.5097552053417319,1.66488359044864,2.2291220286492863,-0.2531213773624322,0.12384954194996212,0.12384954194996212,-0.0005305384735114309,1.2128638814780246,1.2392366230972454,-0.021281441435540338
2021-11-04 14:00:00,1,1,0.5648223524475493,-0.0091545416466247,0.5006006636951073,1.6497118951970895,2.2291220286492863,-0.2599275077835394,0.1296447048950986,0.1296447048950986,-0.0011868378502265492,1.2114252625888566,1.2392366230972454,-0.022442332634488582
2021-11-05 14:00:00,1,1,0.6134913258952136,-0.0117681619400787,0.4888325017550284,1.630411605666603,2.2291220286492863,-0.2685857549689489,0.2269826517904272,0.2269826517904272,-0.0026711686038582423,1.2081936594614109,1.2392366230972454,-0.02505006958093947
2021-11-06 14:00:00,1,1,0.6016766641209531,0.0183034727417502,0.5071359744967786,1.6605285818714253,2.2291220286492863,-0.2550750651916506,0.20335332824190622,0.20335332824190622,0.0037220721004199123,1.2126990228154442,1.2392366230972454,-0.021414473868174855
2021-11-07 14:00:00,0,0,0.5338876063991886,0.0,0.5071359744967786,1.6605285818714253,2.2291220286492863,-0.2550750651916506,0.06777521279837728,0.0,0.0,1.2126990228154442,1.2392366230972454,-0.021414473868174855
2021-11-08 14:00:00,1,1,0.5572189992766022,0.0292672916863716,0.5364032661831502,1.709845928534632,2.2291220286492863,-0.232950952635511,0.11443799855320447,0.11443799855320447,0.0033492902836612065,1.2167675133441904,1.2392366230972454,-0.018131411979172674
2021-11-09 14:00:00,0,0,0.5392178365697822,0.0,0.5364032661831502,1.709845928534632,2.2291220286492863,-0.232950952635511,0.07843567313956434,0.0,0.0,1.2167675133441904,1.2392366230972454,-0.018131411979172674
2021-11-10 14:00:00,0,0,0.5348884313206466,0.0,0.5364032661831502,1.709845928534632,2.2291220286492863,-0.232950952635511,0.06977686264129312,0.0,0.0,1.2167675133441904,1.2392366230972454,-0.018131411979172674
2021-11-11 14:00:00,1,1,0.5589161679224431,-0.0271722980217536,0.5092309681613966,1.6640110253051252,2.2291220286492863,-0.2535128162932311,0.11783233584488628,0.11783233584488628,-0.003201775346176609,1.212877927231195,1.2392366230972454,-0.021270107237608693
2021-11-12 14:00:00,1,1,0.633535068685006,0.0186366546581852,0.5278676228195818,1.6953134039387288,2.2291220286492863,-0.2394703465534425,0.26707013737001195,0.26707013737001195,0.004977293919678995,1.2189298257085983,1.2392366230972454,-0.01638653749426311
2021-11-13 14:00:00,0,0,0.4646391883086327,0.0,0.5278676228195818,1.6953134039387288,2.2291220286492863,-0.2394703465534425,-0.07072162338273458,0.0,0.0,1.2189298257085983,1.2392366230972454,-0.01638653749426311
2021-11-14 14:00:00,1,1,0.5955431690283738,0.006687178460593,0.5345548012801747,1.706688257667227,2.2291220286492863,-0.2343675062502622,0.19108633805674757,0.19108633805674757,0.0012778284439666748,1.2204884044971658,1.2392366230972454,-0.015128844847420497
2021-11-15 14:00:00,0,0,0.5383394175759176,0.0,0.5345548012801747,1.706688257667227,2.2291220286492863,-0.2343675062502622,0.07667883515183527,0.0,0.0,1.2204884044971658,1.2392366230972454,-0.015128844847420497
2021-11-16 14:00:00,0,0,0.5150823169835238,0.0,0.5345548012801747,1.706688257667227,2.2291220286492863,-0.2343675062502622,0.030164633967047605,0.0,0.0,1.2204884044971658,1.2392366230972454,-0.015128844847420497
2021-11-17 14:00:00,0,0,0.5055693365728453,0.0,0.5345548012801747,1.706688257667227,2.2291220286492863,-0.2343675062502622,0.011138673145690614,0.0,0.0,1.2204884044971658,1.2392366230972454,-0.015128844847420497
2021-11-18 14:00:00,1,1,0.5609491243485869,-0.0166039123166775,0.5179508889634973,1.678584517163393,2.2291220286492863,-0.2469750441699622,0.1218982486971738,0.1218982486971738,-0.002023987832924421,1.2180206490122116,1.2392366230972454,-0.01712019616722449
2021-11-19 14:00:00,0,0,0.4666753792981332,0.0,0.5179508889634973,1.678584517163393,2.2291220286492863,-0.2469750441699622,-0.06664924140373363,0.0,0.0,1.2180206490122116,1.2392366230972454,-0.01712019616722449
2021-11-20 14:00:00,0,0,0.5429852398645287,0.0,0.5179508889634973,1.678584517163393,2.2291220286492863,-0.2469750441699622,0.08597047972905747,0.0,0.0,1.2180206490122116,1.2392366230972454,-0.01712019616722449
2021-11-21 14:00:00,0,0,0.5209228355596538,0.0,0.5179508889634973,1.678584517163393,2.2291220286492863,-0.2469750441699622,0.04184567111930759,0.0,0.0,1.2180206490122116,1.2392366230972454,-0.01712019616722449
2021-11-22 14:00:00,0,0,0.4745998643820488,0.0,0.5179508889634973,1.678584517163393,2.2291220286492863,-0.2469750441699622,-0.05080027123590236,0.0,0.0,1.2180206490122116,1.2392366230972454,-0.01712019616722449
2021-11-23 14:00:00,0,0,0.4966065954971566,0.0,0.5179508889634973,1.678584517163393,2.2291220286492863,-0.2469750441699622,-0.006786809005686845,0.0,0.0,1.2180206490122116,1.2392366230972454,-0.01712019616722449
2021-11-24 14:00:00,1,1,0.5528678804859994,0.0438872252701837,0.561838114233681,1.7538933956173166,2.2291220286492863,-0.2131909455490552,0.10573576097199888,0.10573576097199888,0.004640449160892413,1.2236859465071097,1.2392366230972454,-0.012548593464958735
2021-11-25 14:00:00,1,1,0.581793505475869,-0.072793792338233,0.489044321895448,1.6307569962609076,2.2291220286492863,-0.2684308102912391,0.1635870109517381,0.1635870109517381,-0.01190811890445307,1.2092005667391994,1.2392366230972454,-0.02423754737249162
2021-11-26 14:00:00,0,0,0.5254952543214271,0.0,0.489044321895448,1.6307569962609076,2.2291220286492863,-0.2684308102912391,0.05099050864285415,0.0,0.0,1.2092005667391994,1.2392366230972454,-0.02423754737249162
2021-11-27 14:00:00,-1,-1,0.4312995951581451,0.0054803824400009,0.4945247043354489,1.6397187026261346,2.2291220286492863,-0.2644105250623244,-0.13740080968370982,-0.13740080968370982,0.000753008984632509,1.2101114485382252,1.2392366230972454,-0.023502512769697836
2021-11-28 14:00:00,0,0,0.5467027499650043,0.0,0.4945247043354489,1.6397187026261346,2.2291220286492863,-0.2644105250623244,0.09340549993000868,0.0,0.0,1.2101114485382252,1.2392366230972454,-0.023502512769697836
2021-11-29 14:00:00,0,0,0.5218581428734579,0.0,0.4945247043354489,1.6397187026261346,2.2291220286492863,-0.2644105250623244,0.04371628574691577,0.0,0.0,1.2101114485382252,1.2392366230972454,-0.023502512769697836
2021-11-30 14:00:00,0,0,0.5326528543341964,0.0,0.4945247043354489,1.6397187026261346,2.2291220286492863,-0.2644105250623244,0.0653057086683928,0.0,0.0,1.2101114485382252,1.2392366230972454,-0.023502512769697836
2021-12-01 14:00:00,0,0,0.5103446151168628,0.0,0.4945247043354489,1.6397187026261346,2.2291220286492863,-0.2644105250623244,0.020689230233725597,0.0,0.0,1.2101114485382252,1.2392366230972454,-0.023502512769697836
2021-12-02 14:00:00,0,0,0.4971589850138986,0.0,0.4945247043354489,1.6397187026261346,2.2291220286492863,-0.2644105250623244,-0.005682029972202796,0.0,0.0,1.2101114485382252,1.2392366230972454,-0.023502512769697836
2021-12-03 14:00:00,1,1,0.6276463353242917,-0.1629945834721023,0.3315301208633465,1.3930981069640924,2.2291220286492863,-0.3750462787323375,0.2552926706485834,0.2552926706485834,-0.04161132251584645,1.1607903845453427,1.2392366230972454,-0.06330206603791344
2021-12-04 14:00:00,1,1,0.683215709208038,0.0216959392757798,0.3532260601391263,1.4236529382410283,2.2291220286492863,-0.3613391640547932,0.36643141841607596,0.36643141841607596,0.007950073802693044,1.1700555342848054,1.2392366230972454,-0.05582556835637609
2021-12-05 14:00:00,0,0,0.5242054399793075,0.0,0.3532260601391263,1.4236529382410283,2.2291220286492863,-0.3613391640547932,0.04841087995861493,0.0,0.0,1.1700555342848054,1.2392366230972454,-0.05582556835637609
2021-12-06 14:00:00,0,0,0.5429113481737428,0.0,0.3532260601391263,1.4236529382410283,2.2291220286492863,-0.3613391640547932,0.08582269634748552,0.0,0.0,1.1700555342848054,1.2392366230972454,-0.05582556835637609
2021-12-07 14:00:00,0,0,0.517036751335389,0.0,0.3532260601391263,1.4236529382410283,2.2291220286492863,-0.3613391640547932,0.03407350267077791,0.0,0.0,1.1700555342848054,1.2392366230972454,-0.05582556835637609
2021-12-08 14:00:00,0,0,0.4790559001256264,0.0,0.3532260601391263,1.4236529382410283,2.2291220286492863,-0.3613391640547932,-0.041888199748747246,0.0,0.0,1.1700555342848054,1.2392366230972454,-0.05582556835637609
2021-12-09 14:00:00,1,1,0.5502993317093214,-0.0070645759930363,0.34616148414609,1.4136308763619074,2.2291220286492863,-0.3658351323105974,0.10059866341864288,0.10059866341864288,-0.0007106869025188835,1.1692242865547935,1.2392366230972454,-0.05649634237525103
2021-12-10 14:00:00,0,0,0.5434993030056483,0.0,0.34616148414609,1.4136308763619074,2.2291220286492863,-0.3658351323105974,0.08699860601129661,0.0,0.0,1.1692242865547935,1.2392366230972454,-0.05649634237525103
2021-12-11 14:00:00,0,0,0.5027385679285634,0.0,0.34616148414609,1.4136308763619074,2.2291220286492863,-0.3658351323105974,0.005477135857126836,0.0,0.0,1.1692242865547935,1.2392366230972454,-0.05649634237525103
2021-12-12 14:00:00,0,0,0.5223456711725767,0.0,0.34616148414609,1.4136308763619074,2.2291220286492863,-0.3658351323105974,0.04469134234515337,0.0,0.0,1.1692242865547935,1.2392366230972454,-0.05649634237525103
2021-12-13 14:00:00,1,1,0.5541210623329359,-0.0152101513620719,0.330951332784018,1.3922920316823313,2.2291220286492863,-0.3754078898381456,0.1082421246658718,0.1082421246658718,-0.0016463790999201664,1.167300883885727,1.2392366230972454,-0.05804842906573249
2021-12-14 14:00:00,0,0,0.4521310104631909,0.0,0.330951332784018,1.3922920316823313,2.2291220286492863,-0.3754078898381456,-0.09573797907361825,0.0,0.0,1.167300883885727,1.2392366230972454,-0.05804842906573249
2021-12-15 14:00:00,0,0,0.5494044780234667,0.0,0.330951332784018,1.3922920316823313,2.2291220286492863,-0.3754078898381456,0.0988089560469334,0.0,0.0,1.167300883885727,1.2392366230972454,-0.05804842906573249
2021-12-16 14:00:00,1,1,0.5520790800960437,-0.0553084082741545,0.2756429245098635,1.3173773768600474,2.2291220286492863,-0.4090151369333967,0.10415816019208735,0.10415816019208735,-0.005760822048988754,1.1605956037229774,1.2392366230972454,-0.06345924410926385
2021-12-17 14:00:00,1,1,0.562992953257954,0.0213285177630323,0.2969714422728958,1.3457768665708238,2.2291220286492863,-0.3962749238155061,0.1259859065159079,0.1259859065159079,0.0026870926450162686,1.1637184254101545,1.2392366230972454,-0.06093928817108951
2021-12-18 14:00:00,-1,-1,0.426844853832011,-0.0091392603036927,0.2878321819692031,1.333533494379226,2.2291220286492863,-0.4017673876798628,-0.14631029233597803,-0.14631029233597803,-0.001337167846767878,1.1621633784600998,1.2392366230972454,-0.06219413080652436
2021-12-19 14:00:00,0,0,0.4971121614627383,0.0,0.2878321819692031,1.333533494379226,2.2291220286492863,-0.4017673876798628,-0.005775677074523422,0.0,0.0,1.1621633784600998,1.2392366230972454,-0.06219413080652436
2021-12-20 14:00:00,0,0,0.5439923029278099,0.0,0.2878321819692031,1.333533494379226,2.2291220286492863,-0.4017673876798628,0.08798460585561974,0.0,0.0,1.1621633784600998,1.2392366230972454,-0.06219413080652436
2021-12-21 14:00:00,0,0,0.5387319375389072,0.0,0.2878321819692031,1.333533494379226,2.2291220286492863,-0.4017673876798628,0.07746387507781449,0.0,0.0,1.1621633784600998,1.2392366230972454,-0.06219413080652436
2021-12-22 14:00:00,0,0,0.5428401063697185,0.0,0.2878321819692031,1.333533494379226,2.2291220286492863,-0.4017673876798628,0.08568021273943693,0.0,0.0,1.1621633784600998,1.2392366230972454,-0.06219413080652436
2021-12-23 14:00:00,0,0,0.5212403787170542,0.0,0.2878321819692031,1.333533494379226,2.2291220286492863,-0.4017673876798628,0.042480757434108396,0.0,0.0,1.1621633784600998,1.2392366230972454,-0.06219413080652436
2021-12-24 14:00:00,1,1,0.5670066497151935,-0.0013170259407559,0.2865151560284472,1.3317783522118434,2.2291220286492863,-0.4025547569422115,0.1340132994303871,0.1340132994303871,-0.00017649899175610766,1.161958275896276,1.2392366230972454,-0.06235963799054467
2021-12-25 14:00:00,1,1,0.5949506419171341,-0.0177588554674781,0.2687563005609691,1.308336261379685,2.2291220286492863,-0.4130710456562766,0.1899012838342682,0.1899012838342682,-0.0033724294527013037,1.1580462538008103,1.2392366230972454,-0.06551643792895223
2021-12-26 14:00:00,1,1,0.6140185134664985,0.030578862047969,0.2993351626089381,1.3489616692266777,2.2291220286492863,-0.3948461986874415,0.228037026932997,0.228037026932997,0.006973112788413106,1.1661496610940922,1.2392366230972454,-0.058977406445982594
2021-12-27 14:00:00,1,1,0.5659033568505722,-0.0492143486818778,0.2501208139270603,1.2841805542119749,2.2291220286492863,-0.4239074677351284,0.1318067137011445,0.1318067137011445,-0.006486781566700565,1.1586095848218494,1.2392366230972454,-0.0650618588675046
2021-12-28 14:00:00,0,0,0.5232759062986996,0.0,0.2501208139270603,1.2841805542119749,2.2291220286492863,-0.4239074677351284,0.046551812597399156,0.0,0.0,1.1586095848218494,1.2392366230972454,-0.0650618588675046
2021-12-29 14:00:00,0,0,0.4561016043791688,0.0,0.2501208139270603,1.2841805542119749,2.2291220286492863,-0.4239074677351284,-0.0877967912416624,0.0,0.0,1.1586095848218494,1.2392366230972454,-0.0650618588675046
2021-12-30 14:00:00,-1,-1,0.4422413874076289,-0.0142496650429658,0.2358711488840945,1.2660111727045318,2.2291220286492863,-0.4320583815361341,-0.11551722518474217,-0.11551722518474217,-0.001646081765575429,1.1567039875256158,1.2392366230972454,-0.0665995775410142
2021-12-31 14:00:00,0,0,0.515276040259716,0.0,0.2358711488840945,1.2660111727045318,2.2291220286492863,-0.4320583815361341,0.030552080519431923,0.0,0.0,1.1567039875256158,1.2392366230972454,-0.0665995775410142
2022-01-01 00:00:00,1,1,0.610699042631768,0.0195598099061466,0.2554309587902411,1.291017876504892,2.2291220286492863,-0.4208401963138954,0.221398085263536,0.221398085263536,0.004330504461339601,1.1617239609676644,1.2392366230972454,-0.06254871804534978
2022-01-02 00:00:00,0,0,0.484413171681441,0.0,0.2554309587902411,1.291017876504892,2.2291220286492863,-0.4208401963138954,-0.03117365663711802,0.0,0.0,1.1617239609676644,1.2392366230972454,-0.06254871804534978
2022-01-03 00:00:00,0,0,0.5375730348637503,0.0,0.2554309587902411,1.291017876504892,2.2291220286492863,-0.4208401963138954,0.0751460697275006,0.0,0.0,1.1617239609676644,1.2392366230972454,-0.06254871804534978
2022-01-04 00:00:00,1,1,0.5551899228722198,-0.0004119932028211,0.25501896558742,1.2904860954676596,2.2291220286492863,-0.4210787570702818,0.1103798457444396,0.1103798457444396,-4.547574617515065e-05,1.1616711319049196,1.2392366230972454,-0.06259134837256908
2022-01-05 00:00:00,0,0,0.5408130043533919,0.0,0.25501896558742,1.2904860954676596,2.2291220286492863,-0.4210787570702818,0.08162600870678371,0.0,0.0,1.1616711319049196,1.2392366230972454,-0.06259134837256908
2022-01-06 00:00:00,-1,-1,0.4272834991793561,0.0196506562580838,0.2746696218455038,1.31609579373449,2.2291220286492863,-0.4095900642406891,-0.1454330016412878,-0.1454330016412878,0.002857853923834284,1.1649957667049615,1.2392366230972454,-0.05990853966753529
2022-01-07 00:00:00,1,1,0.6153081108187272,-0.0197846906935437,0.2548849311519601,1.2903131374838066,2.2291220286492863,-0.4211563472522593,0.23061622163745432,0.23061622163745432,-0.004562670614010753,1.1596923827522954,1.2392366230972454,-0.06418809681894622
2022-01-08 00:00:00,0,0,0.5367500477264214,0.0,0.2548849311519601,1.2903131374838066,2.2291220286492863,-0.4211563472522593,0.07350009545284286,0.0,0.0,1.1596923827522954,1.2392366230972454,-0.06418809681894622
2022-01-09 00:00:00,0,0,0.5224636362357055,0.0,0.2548849311519601,1.2903131374838066,2.2291220286492863,-0.4211563472522593,0.04492727247141093,0.0,0.0,1.1596923827522954,1.2392366230972454,-0.06418809681894622
2022-01-10 00:00:00,0,0,0.5283481076317906,0.0,0.2548849311519601,1.2903131374838066,2.2291220286492863,-0.4211563472522593,0.05669621526358126,0.0,0.0,1.1596923827522954,1.2392366230972454,-0.06418809681894622
2022-01-11 00:00:00,0,0,0.5174245293047531,0.0,0.2548849311519601,1.2903131374838066,2.2291220286492863,-0.4211563472522593,0.03484905860950627,0.0,0.0,1.1596923827522954,1.2392366230972454,-0.06418809681894622
2022-01-12 00:00:00,0,0,0.5055692137086516,0.0,0.2548849311519601,1.2903131374838066,2.2291220286492863,-0.4211563472522593,0.011138427417303198,0.0,0.0,1.1596923827522954,1.2392366230972454,-0.06418809681894622
2022-01-13 00:00:00,0,0,0.5198173936942072,0.0,0.2548849311519601,1.2903131374838066,2.2291220286492863,-0.4211563472522593,0.039634787388414416,0.0,0.0,1.1596923827522954,1.2392366230972454,-0.06418809681894622
2022-01-14 00:00:00,1,1,0.6216356421028363,0.00713859526815,0.2620235264201102,1.2995571159964052,2.2291220286492863,-0.417009432729953,0.24327128420567257,0.24327128420567257,0.001736615238307388,1.1617080719476365,1.2392366230972454,-0.06256153966450773
2022-01-15 00:00:00,0,0,0.4918778558161481,0.0,0.2620235264201102,1.2995571159964052,2.2291220286492863,-0.417009432729953,-0.016244288367703752,0.0,0.0,1.1617080719476365,1.2392366230972454,-0.06256153966450773
2022-01-16 00:00:00,0,0,0.5407792707755362,0.0,0.2620235264201102,1.2995571159964052,2.2291220286492863,-0.417009432729953,0.08155854155107245,0.0,0.0,1.1617080719476365,1.2392366230972454,-0.06256153966450773
2022-01-17 00:00:00,0,0,0.5310147173775138,0.0,0.2620235264201102,1.2995571159964052,2.2291220286492863,-0.417009432729953,0.062029434755027646,0.0,0.0,1.1617080719476365,1.2392366230972454,-0.06256153966450773
2022-01-18 00:00:00,0,0,0.5449858534078622,0.0,0.2620235264201102,1.2995571159964052,2.2291220286492863,-0.417009432729953,0.08997170681572442,0.0,0.0,1.1617080719476365,1.2392366230972454,-0.06256153966450773
2022-01-19 00:00:00,0,0,0.5079195959739465,0.0,0.2620235264201102,1.2995571159964052,2.2291220286492863,-0.417009432729953,0.015839191947893072,0.0,0.0,1.1617080719476365,1.2392366230972454,-0.06256153966450773
2022-01-20 00:00:00,0,0,0.5296528556666835,0.0,0.2620235264201102,1.2995571159964052,2.2291220286492863,-0.417009432729953,0.05930571133336704,0.0,0.0,1.1617080719476365,1.2392366230972454,-0.06256153966450773
2022-01-21 00:00:00,1,1,0.6046188660692221,-0.1150205724435827,0.1470029539765274,1.1583573847853266,2.2291220286492863,-0.4803526366444723,0.2092377321384442,0.2092377321384442,-0.024066643727360875,1.1340834074889703,1.2392366230972454,-0.08485321822192748
2022-01-22 00:00:00,1,1,0.8189600607007713,-0.0312394500546893,0.1157635039218381,1.1227303194160292,2.2291220286492863,-0.4963351916196638,0.6379201214015426,0.6379201214015426,-0.019928273771404825,1.1117067871154327,1.2392366230972454,-0.10290999604504514
2022-01-23 00:00:00,0,0,0.5389750842961875,0.0,0.1157635039218381,1.1227303194160292,2.2291220286492863,-0.4963351916196638,0.07795016859237491,0.0,0.0,1.1117067871154327,1.2392366230972454,-0.10290999604504514
2022-01-24 00:00:00,0,0,0.4507922613042483,0.0,0.1157635039218381,1.1227303194160292,2.2291220286492863,-0.4963351916196638,-0.09841547739150336,0.0,0.0,1.1117067871154327,1.2392366230972454,-0.10290999604504514
2022-01-25 00:00:00,0,0,0.4858203879485152,0.0,0.1157635039218381,1.1227303194160292,2.2291220286492863,-0.4963351916196638,-0.02835922410296965,0.0,0.0,1.1117067871154327,1.2392366230972454,-0.10290999604504514
2022-01-26 00:00:00,0,0,0.5107894478431857,0.0,0.1157635039218381,1.1227303194160292,2.2291220286492863,-0.4963351916196638,0.02157889568637139,0.0,0.0,1.1117067871154327,1.2392366230972454,-0.10290999604504514
2022-01-27 00:00:00,0,0,0.5434903046606784,0.0,0.1157635039218381,1.1227303194160292,2.2291220286492863,-0.4963351916196638,0.08698060932135676,0.0,0.0,1.1117067871154327,1.2392366230972454,-0.10290999604504514
2022-01-28 00:00:00,0,0,0.4900927272327963,0.0,0.1157635039218381,1.1227303194160292,2.2291220286492863,-0.4963351916196638,-0.019814545534407424,0.0,0.0,1.1117067871154327,1.2392366230972454,-0.10290999604504514
2022-01-29 00:00:00,0,0,0.475969291191982,0.0,0.1157635039218381,1.1227303194160292,2.2291220286492863,-0.4963351916196638,-0.048061417616035995,0.0,0.0,1.1117067871154327,1.2392366230972454,-0.10290999604504514
2022-01-30 00:00:00,0,0,0.5143063956483589,0.0,0.1157635039218381,1.1227303194160292,2.2291220286492863,-0.4963351916196638,0.028612791296717788,0.0,0.0,1.1117067871154327,1.2392366230972454,-0.10290999604504514
2022-01-31 00:00:00,0,0,0.5119857656631435,0.0,0.1157635039218381,1.1227303194160292,2.2291220286492863,-0.4963351916196638,0.023971531326286932,0.0,0.0,1.1117067871154327,1.2392366230972454,-0.10290999604504514
2022-02-01 00:00:00,0,0,0.508470703097526,0.0,0.1157635039218381,1.1227303194160292,2.2291220286492863,-0.4963351916196638,0.01694140619505191,0.0,0.0,1.1117067871154327,1.2392366230972454,-0.10290999604504514
2022-02-02 00:00:00,0,0,0.5059326519721921,0.0,0.1157635039218381,1.1227303194160292,2.2291220286492863,-0.4963351916196638,0.01186530394438412,0.0,0.0,1.1117067871154327,1.2392366230972454,-0.10290999604504514
2022-02-03 00:00:00,0,0,0.5079494831516695,0.0,0.1157635039218381,1.1227303194160292,2.2291220286492863,-0.4963351916196638,0.01589896630333909,0.0,0.0,1.1117067871154327,1.2392366230972454,-0.10290999604504514
2022-02-04 00:00:00,0,0,0.488747313065734,0.0,0.1157635039218381,1.1227303194160292,2.2291220286492863,-0.4963351916196638,-0.02250537386853202,0.0,0.0,1.1117067871154327,1.2392366230972454,-0.10290999604504514
2022-02-05 00:00:00,-1,-1,0.4471592023375778,-0.0011752861273232,0.1145882177945149,1.1214115651554877,2.2291220286492863,-0.4969267941625451,-0.10568159532484445,-0.10568159532484445,-0.00012420611289867402,1.1115687149116054,1.2392366230972454,-0.1030214131878684
2022-02-06 00:00:00,0,0,0.5180624541570844,0.0,0.1145882177945149,1.1214115651554877,2.2291220286492863,-0.4969267941625451,0.03612490831416881,0.0,0.0,1.1115687149116054,1.2392366230972454,-0.1030214131878684
2022-02-07 00:00:00,0,0,0.490767824401122,0.0,0.1145882177945149,1.1214115651554877,2.2291220286492863,-0.4969267941625451,-0.018464351197756024,0.0,0.0,1.1115687149116054,1.2392366230972454,-0.1030214131878684
2022-02-08 00:00:00,0,0,0.5095381132742827,0.0,0.1145882177945149,1.1214115651554877,2.2291220286492863,-0.4969267941625451,0.019076226548565334,0.0,0.0,1.1115687149116054,1.2392366230972454,-0.1030214131878684
2022-02-09 00:00:00,0,0,0.4789355092916955,0.0,0.1145882177945149,1.1214115651554877,2.2291220286492863,-0.4969267941625451,-0.042128981416609035,0.0,0.0,1.1115687149116054,1.2392366230972454,-0.1030214131878684
2022-02-10 00:00:00,0,0,0.5241167036578355,0.0,0.1145882177945149,1.1214115651554877,2.2291220286492863,-0.4969267941625451,0.04823340731567094,0.0,0.0,1.1115687149116054,1.2392366230972454,-0.1030214131878684
2022-02-11 00:00:00,1,1,0.6085004273598772,-0.0180830486683868,0.0965051691261281,1.1013152739666388,2.2291220286492863,-0.5059421333546421,0.2170008547197544,0.2170008547197544,-0.003924037016978852,1.1072154249488755,1.2392366230972454,-0.10653429352209354
2022-02-12 00:00:00,1,1,0.6139100186843067,0.000884729835276,0.0973898989614042,1.1022900716002522,2.2291220286492863,-0.5055048322015042,0.22782003736861345,0.22782003736861345,0.00020155918413370554,1.1074386168790245,1.2392366230972454,-0.10635418915300932
2022-02-13 00:00:00,0,0,0.5273415783412411,0.0,0.0973898989614042,1.1022900716002522,2.2291220286492863,-0.5055048322015042,0.05468315668248214,0.0,0.0,1.1074386168790245,1.2392366230972454,-0.10635418915300932
2022-02-14 00:00:00,0,0,0.5451654763710642,0.0,0.0973898989614042,1.1022900716002522,2.2291220286492863,-0.5055048322015042,0.09033095274212832,0.0,0.0,1.1074386168790245,1.2392366230972454,-0.10635418915300932
2022-02-15 00:00:00,0,0,0.5036149707233466,0.0,0.0973898989614042,1.1022900716002522,2.2291220286492863,-0.5055048322015042,0.0072299414466932,0.0,0.0,1.1074386168790245,1.2392366230972454,-0.10635418915300932
2022-02-16 00:00:00,0,0,0.5054416201467504,0.0,0.0973898989614042,1.1022900716002522,2.2291220286492863,-0.5055048322015042,0.010883240293500851,0.0,0.0,1.1074386168790245,1.2392366230972454,-0.10635418915300932
2022-02-17 00:00:00,0,0,0.5336357454587088,0.0,0.0973898989614042,1.1022900716002522,2.2291220286492863,-0.5055048322015042,0.06727149091741769,0.0,0.0,1.1074386168790245,1.2392366230972454,-0.10635418915300932
2022-02-18 00:00:00,0,0,0.5494948463296996,0.0,0.0973898989614042,1.1022900716002522,2.2291220286492863,-0.5055048322015042,0.09898969265939916,0.0,0.0,1.1074386168790245,1.2392366230972454,-0.10635418915300932
2022-02-19 00:00:00,1,1,0.5823948403453211,-0.0079153746499157,0.0894745243114885,1.0935994727579446,2.2291220286492863,-0.5094034966669815,0.16478968069064215,0.16478968069064215,-0.0013043720611064116,1.1059950465688402,1.2392366230972454,-0.10751907589318355
2022-02-20 00:00:00,1,1,0.5902998396735168,-0.0310839254795497,0.0583905988319388,1.0601289999993322,2.2291220286492863,-0.5244185888550451,0.1805996793470337,0.1805996793470337,-0.005613746974453766,1.0998036649071108,1.2392366230972454,-0.11251520136779636
2022-02-21 00:00:00,0,0,0.4742266866106746,0.0,0.0583905988319388,1.0601289999993322,2.2291220286492863,-0.5244185888550451,-0.05154662677865085,0.0,0.0,1.0998036649071108,1.2392366230972454,-0.11251520136779636
2022-02-22 00:00:00,1,1,0.5547574335211393,0.0231014335187852,0.081492032350724,1.084904573410424,2.2291220286492863,-0.513304090369691,0.10951486704227853,0.10951486704227853,0.002529950420295798,1.102589636350195,1.2392366230972454,-0.11026706619235171
2022-02-23 00:00:00,0,0,0.5056834343203958,0.0,0.081492032350724,1.084904573410424,2.2291220286492863,-0.513304090369691,0.011366868640791505,0.0,0.0,1.102589636350195,1.2392366230972454,-0.11026706619235171
2022-02-24 00:00:00,0,0,0.4580052512752864,0.0,0.081492032350724,1.084904573410424,2.2291220286492863,-0.513304090369691,-0.08398949744942719,0.0,0.0,1.102589636350195,1.2392366230972454,-0.11026706619235171
2022-02-25 00:00:00,0,0,0.5105739406920087,0.0,0.081492032350724,1.084904573410424,2.2291220286492863,-0.513304090369691,0.021147881384017353,0.0,0.0,1.102589636350195,1.2392366230972454,-0.11026706619235171
2022-02-26 00:00:00,-1,-1,0.4488740457404807,0.0238710245747982,0.1053630569255222,1.1111139347454722,2.2291220286492863,-0.5015463844216997,-0.10225190851903865,-0.10225190851903865,0.0024408578210779893,1.105284188058529,1.2392366230972454,-0.10809270202483756
2022-02-27 00:00:00,1,1,0.6103916989198424,-0.0328079126153436,0.0725551443101786,1.07525209849056,2.2291220286492863,-0.5176342592863352,0.2207833978396847,0.2207833978396847,-0.007243442423243015,1.0973070515239107,1.2392366230972454,-0.1145298395221791
2022-02-28 00:00:00,0,0,0.5240184443170526,0.0,0.0725551443101786,1.07525209849056,2.2291220286492863,-0.5176342592863352,0.04803688863410516,0.0,0.0,1.0973070515239107,1.2392366230972454,-0.1145298395221791
2022-03-01 00:00:00,0,0,0.5297446137703774,0.0,0.0725551443101786,1.07525209849056,2.2291220286492863,-0.5176342592863352,0.05948922754075481,0.0,0.0,1.0973070515239107,1.2392366230972454,-0.1145298395221791
2022-03-02 00:00:00,0,0,0.4543374432944224,0.0,0.0725551443101786,1.07525209849056,2.2291220286492863,-0.5176342592863352,-0.09132511341115523,0.0,0.0,1.0973070515239107,1.2392366230972454,-0.1145298395221791
2022-03-03 00:00:00,0,0,0.5341359316263972,0.0,0.0725551443101786,1.07525209849056,2.2291220286492863,-0.5176342592863352,0.06827186325279433,0.0,0.0,1.0973070515239107,1.2392366230972454,-0.1145298395221791
2022-03-04 00:00:00,1,1,0.6064869827761619,-0.0722050281354001,0.0003501161747785,1.0003501774726,2.2291220286492863,-0.5512357939063786,0.21297396555232373,0.21297396555232373,-0.015377791174813266,1.0805619739672851,1.2392366230972454,-0.12804225292614568
2022-03-05 00:00:00,1,1,0.6558050912083623,0.0219674911110808,0.0223176072858593,1.0225685081088776,2.2291220286492863,-0.5412684927220012,0.31161018241672456,0.31161018241672456,0.006845293912361663,1.0879841126477539,1.2392366230972454,-0.12205297005463212
2022-03-06 00:00:00,-1,-1,0.3783484965763035,0.0307914098361248,0.0531090171219841,1.0545446022706366,2.2291220286492863,-0.5269237894034777,-0.24330300684739303,-0.24330300684739303,0.007491642598199558,1.0961655085544377,1.2392366230972454,-0.11545100578550327
2022-03-07 00:00:00,0,0,0.5380900542548867,0.0,0.0531090171219841,1.0545446022706366,2.2291220286492863,-0.5269237894034777,0.0761801085097733,0.0,0.0,1.0961655085544377,1.2392366230972454,-0.11545100578550327
2022-03-08 00:00:00,0,0,0.524374773579114,0.0,0.0531090171219841,1.0545446022706366,2.2291220286492863,-0.5269237894034777,0.04874954715822799,0.0,0.0,1.0961655085544377,1.2392366230972454,-0.11545100578550327
2022-03-09 00:00:00,0,0,0.4962176786343431,0.0,0.0531090171219841,1.0545446022706366,2.2291220286492863,-0.5269237894034777,-0.007564642731313853,0.0,0.0,1.0961655085544377,1.2392366230972454,-0.11545100578550327
2022-03-10 00:00:00,0,0,0.5273999668572215,0.0,0.0531090171219841,1.0545446022706366,2.2291220286492863,-0.5269237894034777,0.05479993371444292,0.0,0.0,1.0961655085544377,1.2392366230972454,-0.11545100578550327
2022-03-11 00:00:00,1,1,0.5731390916607565,-0.0047154720155851,0.048393545106399,1.0495836325589056,2.2291220286492863,-0.5291493157084406,0.146278183321513,0.146278183321513,-0.0006897706799432217,1.0954096664351063,1.2392366230972454,-0.11606093136811102
2022-03-12 00:00:00,0,0,0.5133589838203456,0.0,0.048393545106399,1.0495836325589056,2.2291220286492863,-0.5291493157084406,0.02671796764069123,0.0,0.0,1.0954096664351063,1.2392366230972454,-0.11606093136811102
2022-03-13 00:00:00,1,1,0.6010122884237716,-0.0290179650608705,0.0193755800455285,1.0195645047994684,2.2291220286492863,-0.5426161099770463,0.20202457684754327,0.20202457684754327,-0.005862342112399157,1.0890067864909367,1.2392366230972454,-0.12122772504159585
2022-03-14 00:00:00,0,0,0.5331443398021094,0.0,0.0193755800455285,1.0195645047994684,2.2291220286492863,-0.5426161099770463,0.0662886796042188,0.0,0.0,1.0890067864909367,1.2392366230972454,-0.12122772504159585
2022-03-15 00:00:00,0,0,0.5114945663276094,0.0,0.0193755800455285,1.0195645047994684,2.2291220286492863,-0.5426161099770463,0.022989132655218736,0.0,0.0,1.0890067864909367,1.2392366230972454,-0.12122772504159585
2022-03-16 00:00:00,0,0,0.5132959834649179,0.0,0.0193755800455285,1.0195645047994684,2.2291220286492863,-0.5426161099770463,0.026591966929835786,0.0,0.0,1.0890067864909367,1.2392366230972454,-0.12122772504159585
2022-03-17 00:00:00,0,0,0.4866892506511814,0.0,0.0193755800455285,1.0195645047994684,2.2291220286492863,-0.5426161099770463,-0.02662149869763719,0.0,0.0,1.0890067864909367,1.2392366230972454,-0.12122772504159585
2022-03-18 00:00:00,1,1,0.6282481762099,0.0362692270199107,0.0556448070654393,1.057222099218173,2.2291220286492863,-0.5257226452251313,0.25649635241980007,0.25649635241980007,0.00930292443569275,1.0991850045267124,1.2392366230972454,-0.11301442836679532
2022-03-19 00:00:00,0,0,0.473504773623951,0.0,0.0556448070654393,1.057222099218173,2.2291220286492863,-0.5257226452251313,-0.052990452752098016,0.0,0.0,1.0991850045267124,1.2392366230972454,-0.11301442836679532
2022-03-20 00:00:00,0,0,0.4961072861294024,0.0,0.0556448070654393,1.057222099218173,2.2291220286492863,-0.5257226452251313,-0.007785427741195172,0.0,0.0,1.0991850045267124,1.2392366230972454,-0.11301442836679532
2022-03-21 00:00:00,0,0,0.5339980343281742,0.0,0.0556448070654393,1.057222099218173,2.2291220286492863,-0.5257226452251313,0.06799606865634833,0.0,0.0,1.0991850045267124,1.2392366230972454,-0.11301442836679532
2022-03-22 00:00:00,0,0,0.537001478100812,0.0,0.0556448070654393,1.057222099218173,2.2291220286492863,-0.5257226452251313,0.074002956201624,0.0,0.0,1.0991850045267124,1.2392366230972454,-0.11301442836679532
2022-03-23 00:00:00,0,0,0.5224681165815729,0.0,0.0556448070654393,1.057222099218173,2.2291220286492863,-0.5257226452251313,0.04493623316314577,0.0,0.0,1.0991850045267124,1.2392366230972454,-0.11301442836679532
2022-03-24 00:00:00,0,0,0.5235192155125467,0.0,0.0556448070654393,1.057222099218173,2.2291220286492863,-0.5257226452251313,0.04703843102509331,0.0,0.0,1.0991850045267124,1.2392366230972454,-0.11301442836679532
2022-03-25 00:00:00,0,0,0.511026040453781,0.0,0.0556448070654393,1.057222099218173,2.2291220286492863,-0.5257226452251313,0.022052080907561944,0.0,0.0,1.0991850045267124,1.2392366230972454,-0.11301442836679532
2022-03-26 00:00:00,0,0,0.545921604082143,0.0,0.0556448070654393,1.057222099218173,2.2291220286492863,-0.5257226452251313,0.09184320816428593,0.0,0.0,1.0991850045267124,1.2392366230972454,-0.11301442836679532
2022-03-27 00:00:00,0,0,0.4959747334991882,0.0,0.0556448070654393,1.057222099218173,2.2291220286492863,-0.5257226452251313,-0.008050533001623617,0.0,0.0,1.0991850045267124,1.2392366230972454,-0.11301442836679532
2022-03-28 00:00:00,1,1,0.5562393817298065,0.0091123786554846,0.0647571857209239,1.0668999343916752,2.2291220286492863,-0.5213810995182923,0.11247876345961294,0.11247876345961294,0.001024949083344678,1.1003121907450912,1.2392366230972454,-0.11210484726067727
2022-03-29 00:00:00,0,0,0.5152291898536968,0.0,0.0647571857209239,1.0668999343916752,2.2291220286492863,-0.5213810995182923,0.030458379707393624,0.0,0.0,1.1003121907450912,1.2392366230972454,-0.11210484726067727
2022-03-30 00:00:00,1,1,0.5553841780532576,-0.0029311596017157,0.0618260261192082,1.0637772591703982,2.2291220286492863,-0.522781953837232,0.11076835610651514,0.11076835610651514,-0.00032467973056787575,1.0999549996689486,1.2392366230972454,-0.11239308202511622
2022-03-31 00:00:00,0,0,0.5331969331858694,0.0,0.0618260261192082,1.0637772591703982,2.2291220286492863,-0.522781953837232,0.06639386637173872,0.0,0.0,1.0999549996689486,1.2392366230972454,-0.11239308202511622
2022-04-01 00:00:00,1,1,0.6002008855064431,0.0282853558510836,0.0901113819702919,1.0942961617801563,2.2291220286492863,-0.5090909570153798,0.20040177101288625,0.20040177101288625,0.005668435406286858,1.1062077283865421,1.2392366230972454,-0.1073474526424355
2022-04-02 00:00:00,0,0,0.4877088652216862,0.0,0.0901113819702919,1.0942961617801563,2.2291220286492863,-0.5090909570153798,-0.024582269556627567,0.0,0.0,1.1062077283865421,1.2392366230972454,-0.1073474526424355
2022-04-03 00:00:00,1,1,0.6144921437117746,-0.0054193694953469,0.084692012474945,1.0883818070540854,2.2291220286492863,-0.5117441786201453,0.22898428742354926,0.22898428742354926,-0.0012409504621769298,1.104835830799265,1.2392366230972454,-0.10845450319412786
2022-04-04 00:00:00,0,0,0.5370009625005329,0.0,0.084692012474945,1.0883818070540854,2.2291220286492863,-0.5117441786201453,0.07400192500106573,0.0,0.0,1.104835830799265,1.2392366230972454,-0.10845450319412786
2022-04-05 00:00:00,0,0,0.5009901831721998,0.0,0.084692012474945,1.0883818070540854,2.2291220286492863,-0.5117441786201453,0.0019803663443995756,0.0,0.0,1.104835830799265,1.2392366230972454,-0.10845450319412786
2022-04-06 00:00:00,0,0,0.4973623736070083,0.0,0.084692012474945,1.0883818070540854,2.2291220286492863,-0.5117441786201453,-0.0052752527859833975,0.0,0.0,1.104835830799265,1.2392366230972454,-0.10845450319412786
2022-04-07 00:00:00,0,0,0.4717568114981714,0.0,0.084692012474945,1.0883818070540854,2.2291220286492863,-0.5117441786201453,-0.05648637700365722,0.0,0.0,1.104835830799265,1.2392366230972454,-0.10845450319412786
2022-04-08 00:00:00,0,0,0.5491383704633473,0.0,0.084692012474945,1.0883818070540854,2.2291220286492863,-0.5117441786201453,0.0982767409266947,0.0,0.0,1.104835830799265,1.2392366230972454,-0.10845450319412786
2022-04-09 00:00:00,1,1,0.6154469744992201,0.0036386863344256,0.0883306988093706,1.092349300917422,2.2291220286492863,-0.5099643326483478,0.2308939489984403,0.2308939489984403,0.000840150656922186,1.1057644493834367,1.2392366230972454,-0.10770515592108587
2022-04-10 00:00:00,0,0,0.5066962798546828,0.0,0.0883306988093706,1.092349300917422,2.2291220286492863,-0.5099643326483478,0.013392559709365592,0.0,0.0,1.1057644493834367,1.2392366230972454,-0.10770515592108587
2022-04-11 00:00:00,0,0,0.5362186818059774,0.0,0.0883306988093706,1.092349300917422,2.2291220286492863,-0.5099643326483478,0.07243736361195485,0.0,0.0,1.1057644493834367,1.2392366230972454,-0.10770515592108587
2022-04-12 00:00:00,0,0,0.4850516767916538,0.0,0.0883306988093706,1.092349300917422,2.2291220286492863,-0.5099643326483478,-0.02989664641669243,0.0,0.0,1.1057644493834367,1.2392366230972454,-0.10770515592108587
2022-04-13 00:00:00,0,0,0.4862802143187443,0.0,0.0883306988093706,1.092349300917422,2.2291220286492863,-0.5099643326483478,-0.027439571362511406,0.0,0.0,1.1057644493834367,1.2392366230972454,-0.10770515592108587
2022-04-14 00:00:00,0,0,0.5252445385766098,0.0,0.0883306988093706,1.092349300917422,2.2291220286492863,-0.5099643326483478,0.0504890771532196,0.0,0.0,1.1057644493834367,1.2392366230972454,-0.10770515592108587
2022-04-15 00:00:00,1,1,0.6125193120242866,0.0164092953763837,0.1047399941857543,1.1104218566795123,2.2291220286492863,-0.5018568555655245,0.2250386240485731,0.2250386240485731,0.0036927252531080003,1.1098552822018677,1.2392366230972454,-0.10440406495735466
2022-04-16 00:00:00,0,0,0.4814503541728784,0.0,0.1047399941857543,1.1104218566795123,2.2291220286492863,-0.5018568555655245,-0.037099291654243194,0.0,0.0,1.1098552822018677,1.2392366230972454,-0.10440406495735466
2022-04-17 00:00:00,0,0,0.5439691724690527,0.0,0.1047399941857543,1.1104218566795123,2.2291220286492863,-0.5018568555655245,0.08793834493810548,0.0,0.0,1.1098552822018677,1.2392366230972454,-0.10440406495735466
2022-04-18 00:00:00,0,0,0.5437554066777849,0.0,0.1047399941857543,1.1104218566795123,2.2291220286492863,-0.5018568555655245,0.08751081335556976,0.0,0.0,1.1098552822018677,1.2392366230972454,-0.10440406495735466
2022-04-19 00:00:00,0,0,0.5236755513324106,0.0,0.1047399941857543,1.1104218566795123,2.2291220286492863,-0.5018568555655245,0.04735110266482123,0.0,0.0,1.1098552822018677,1.2392366230972454,-0.10440406495735466
2022-04-20 00:00:00,0,0,0.5015177582916542,0.0,0.1047399941857543,1.1104218566795123,2.2291220286492863,-0.5018568555655245,0.003035516583308473,0.0,0.0,1.1098552822018677,1.2392366230972454,-0.10440406495735466
2022-04-21 00:00:00,0,0,0.5210392808585891,0.0,0.1047399941857543,1.1104218566795123,2.2291220286492863,-0.5018568555655245,0.042078561717178165,0.0,0.0,1.1098552822018677,1.2392366230972454,-0.10440406495735466
2022-04-22 00:00:00,1,1,0.5871562197796387,-0.022522030882806,0.0822179633029483,1.0856924251488556,2.2291220286492863,-0.5129506544750626,0.17431243955927744,0.17431243955927744,-0.0039258701470113,1.1055066760986332,1.2392366230972454,-0.10791316565869291
2022-04-23 00:00:00,1,1,0.6070742634368995,-0.0011488745754674,0.0810690887274809,1.084445816960169,2.2291220286492863,-0.5135098917768635,0.21414852687379904,0.21414852687379904,-0.00024602979789910495,1.105234721970318,1.2392366230972454,-0.10813261860516521
2022-04-24 00:00:00,1,1,0.6055286769207097,-0.0189837975238067,0.0620852912036742,1.0640530952271343,2.2291220286492863,-0.5226582118198857,0.21105735384141933,0.21105735384141933,-0.004006670071235931,1.1008152706420615,1.2392366230972454,-0.11169888774689773
2022-04-25 00:00:00,0,0,0.542789361864332,0.0,0.0620852912036742,1.0640530952271343,2.2291220286492863,-0.5226582118198857,0.08557872372866404,0.0,0.0,1.1008152706420615,1.2392366230972454,-0.11169888774689773
2022-04-26 00:00:00,0,0,0.5487110898912699,0.0,0.0620852912036742,1.0640530952271343,2.2291220286492863,-0.5226582118198857,0.09742217978253986,0.0,0.0,1.1008152706420615,1.2392366230972454,-0.11169888774689773
2022-04-27 00:00:00,0,0,0.472673877414987,0.0,0.0620852912036742,1.0640530952271343,2.2291220286492863,-0.5226582118198857,-0.05465224517002598,0.0,0.0,1.1008152706420615,1.2392366230972454,-0.11169888774689773
2022-04-28 00:00:00,0,0,0.4960146859200536,0.0,0.0620852912036742,1.0640530952271343,2.2291220286492863,-0.5226582118198857,-0.0079706281598928,0.0,0.0,1.1008152706420615,1.2392366230972454,-0.11169888774689773
2022-04-29 00:00:00,0,0,0.5175405774309112,0.0,0.0620852912036742,1.0640530952271343,2.2291220286492863,-0.5226582118198857,0.035081154861822395,0.0,0.0,1.1008152706420615,1.2392366230972454,-0.11169888774689773
2022-04-30 00:00:00,1,1,0.613713714737223,-0.0261394844811959,0.0359458067224783,1.036599668235196,2.2291220286492863,-0.5349740144718264,0.22742742947444605,0.22742742947444605,-0.005944835763345558,1.0942905181592328,1.2392366230972454,-0.11696402626945146
2022-05-01 00:00:00,1,1,0.6092032150851646,0.0249913483178027,0.0609371550402811,1.0628321184466578,2.2291220286492863,-0.523205950689622,0.21840643017032924,0.21840643017032924,0.005458271171234551,1.1002797831940923,1.2392366230972454,-0.11213099848183627
2022-05-02 00:00:00,0,0,0.5078565178638073,0.0,0.0609371550402811,1.0628321184466578,2.2291220286492863,-0.523205950689622,0.01571303572761451,0.0,0.0,1.1002797831940923,1.2392366230972454,-0.11213099848183627
2022-05-03 00:00:00,1,1,0.5555666945077974,-0.0143126385333624,0.0466245165069186,1.0477285304435002,2.2291220286492863,-0.5299815277145861,0.11113338901559477,0.11113338901559477,-0.0015906120259677554,1.0985310560808994,1.2392366230972454,-0.11354213101342836
2022-05-04 00:00:00,0,0,0.5202593068337837,0.0,0.0466245165069186,1.0477285304435002,2.2291220286492863,-0.5299815277145861,0.04051861366756748,0.0,0.0,1.0985310560808994,1.2392366230972454,-0.11354213101342836
2022-05-05 00:00:00,0,0,0.5199298468174348,0.0,0.0466245165069186,1.0477285304435002,2.2291220286492863,-0.5299815277145861,0.03985969363486963,0.0,0.0,1.0985310560808994,1.2392366230972454,-0.11354213101342836
2022-05-06 00:00:00,1,1,0.5633108604122228,-0.0114321366867885,0.0351923798201301,1.0358189602982946,2.2291220286492863,-0.5353242456062675,0.12662172082444556,0.12662172082444556,-0.0014475568199814354,1.0969420203459408,1.2392366230972454,-0.11482440084417878
2022-05-07 00:00:00,1,1,0.5727284671994646,-0.0260047660348071,0.009187613785323,1.0092299494641506,2.2291220286492863,-0.5472522650203753,0.14545693439892915,0.14545693439892915,-0.003782573547184437,1.0928005940396939,1.2392366230972454,-0.11816631814153566
2022-05-08 00:00:00,1,1,0.6065016342898164,-0.0288578750139936,-0.0196702612286705,0.9805219361061605,2.2291220286492863,-0.5601308840412395,0.2130032685796328,0.2130032685796328,-0.006146821702243154,1.08610394626713,1.2392366230972454,-0.12357016729168979
2022-05-09 00:00:00,1,1,0.557556094072875,-0.1040249740587699,-0.1236952352874404,0.883649104915042,2.2291220286492863,-0.6035887252657586,0.11511218814574997,0.11511218814574997,-0.01197454238570988,1.0731759066848086,1.2392366230972454,-0.13400242804106166
2022-05-10 00:00:00,1,1,0.647635474247009,0.0068802048494292,-0.1168150304380112,0.8897497545658986,2.2291220286492863,-0.6008519304324342,0.2952709484940179,0.2952709484940179,0.0020315246117241013,1.075358306000329,1.2392366230972454,-0.13224134442325675
2022-05-11 00:00:00,0,0,0.5192112339302465,0.0,-0.1168150304380112,0.8897497545658986,2.2291220286492863,-0.6008519304324342,0.03842246786049297,0.0,0.0,1.075358306000329,1.2392366230972454,-0.13224134442325675
2022-05-12 00:00:00,1,1,0.5635548728638134,-0.0106321290422536,-0.1274471594802648,0.8803399322247976,2.2291220286492863,-0.6050732436760178,0.1271097457276269,0.1271097457276269,-0.0013514472191041723,1.0739059975882692,1.2392366230972454,-0.13341328236068628
2022-05-13 00:00:00,0,0,0.4752764335228767,0.0,-0.1274471594802648,0.8803399322247976,2.2291220286492863,-0.6050732436760178,-0.04944713295424663,0.0,0.0,1.0739059975882692,1.2392366230972454,-0.13341328236068628
2022-05-14 00:00:00,1,1,0.5936535037421498,0.0143378575824586,-0.1131093018978061,0.8930530423888366,2.2291220286492863,-0.5993700520155134,0.18730700748429951,0.18730700748429951,0.0026855811975063934,1.07679393550343,1.2392366230972454,-0.13108286550458748
2022-05-15 00:00:00,0,0,0.4566783953959317,0.0,-0.1131093018978061,0.8930530423888366,2.2291220286492863,-0.5993700520155134,-0.08664320920813662,0.0,0.0,1.07679393550343,1.2392366230972454,-0.13108286550458748
2022-05-16 00:00:00,0,0,0.4857599894337071,0.0,-0.1131093018978061,0.8930530423888366,2.2291220286492863,-0.5993700520155134,-0.028480021132585853,0.0,0.0,1.07679393550343,1.2392366230972454,-0.13108286550458748
2022-05-17 00:00:00,0,0,0.5141455141439997,0.0,-0.1131093018978061,0.8930530423888366,2.2291220286492863,-0.5993700520155134,0.028291028287999342,0.0,0.0,1.07679393550343,1.2392366230972454,-0.13108286550458748
2022-05-18 00:00:00,0,0,0.5002927959375209,0.0,-0.1131093018978061,0.8930530423888366,2.2291220286492863,-0.5993700520155134,0.0005855918750417022,0.0,0.0,1.07679393550343,1.2392366230972454,-0.13108286550458748
2022-05-19 00:00:00,1,1,0.5684866397465522,0.0445717508917242,-0.0685375510060819,0.9337583958779758,2.2291220286492863,-0.581109340862879,0.13697327949310445,0.13697327949310445,0.0061051388923891664,1.08338802045881,1.2392366230972454,-0.1257617792548128
2022-05-20 00:00:00,0,0,0.5213030112487324,0.0,-0.0685375510060819,0.9337583958779758,2.2291220286492863,-0.581109340862879,0.0426060224974647,0.0,0.0,1.08338802045881,1.2392366230972454,-0.1257617792548128
2022-05-21 00:00:00,1,1,0.6016128441627069,0.0056593192922563,-0.0628782317138256,0.939057814188121,2.2291220286492863,-0.5787319841089483,0.20322568832541377,0.20322568832541377,0.00115011905862208,1.084634762482474,1.2392366230972454,-0.12475572278389602
2022-05-22 00:00:00,0,0,0.5086056365851482,0.0,-0.0628782317138256,0.939057814188121,2.2291220286492863,-0.5787319841089483,0.01721127317029647,0.0,0.0,1.084634762482474,1.2392366230972454,-0.12475572278389602
2022-05-23 00:00:00,0,0,0.50286479289501,0.0,-0.0628782317138256,0.939057814188121,2.2291220286492863,-0.5787319841089483,0.00572958579001992,0.0,0.0,1.084634762482474,1.2392366230972454,-0.12475572278389602
2022-05-24 00:00:00,0,0,0.5051693257949987,0.0,-0.0628782317138256,0.939057814188121,2.2291220286492863,-0.5787319841089483,0.010338651589997472,0.0,0.0,1.084634762482474,1.2392366230972454,-0.12475572278389602
2022-05-25 00:00:00,0,0,0.4896807324929907,0.0,-0.0628782317138256,0.939057814188121,2.2291220286492863,-0.5787319841089483,-0.020638535014018577,0.0,0.0,1.084634762482474,1.2392366230972454,-0.12475572278389602
2022-05-26 00:00:00,0,0,0.5192369342003936,0.0,-0.0628782317138256,0.939057814188121,2.2291220286492863,-0.5787319841089483,0.03847386840078726,0.0,0.0,1.084634762482474,1.2392366230972454,-0.12475572278389602
2022-05-27 00:00:00,1,1,0.6165621372811708,-0.0102677320766416,-0.0731459637904672,0.9294651518673108,2.2291220286492863,-0.5830353206681509,0.23312427456234164,0.23312427456234164,-0.0023936575917675586,1.0820416230310668,1.2392366230972454,-0.12684825249377996
2022-05-28 00:00:00,1,1,0.5687878388054752,0.0058903196698759,-0.0672556441205913,0.93495615473868,2.2291220286492863,-0.5805720177171246,0.13757567761095046,0.13757567761095046,0.0008103647199282871,1.0829188267673409,1.2392366230972454,-0.1261403943495607
2022-05-29 00:00:00,0,0,0.51372523781886,0.0,-0.0672556441205913,0.93495615473868,2.2291220286492863,-0.5805720177171246,0.027450475637720073,0.0,0.0,1.0829188267673409,1.2392366230972454,-0.1261403943495607
2022-05-30 00:00:00,0,0,0.4970254402807456,0.0,-0.0672556441205913,0.93495615473868,2.2291220286492863,-0.5805720177171246,-0.005949119438508843,0.0,0.0,1.0829188267673409,1.2392366230972454,-0.1261403943495607
2022-05-31 00:00:00,0,0,0.4765312359582482,0.0,-0.0672556441205913,0.93495615473868,2.2291220286492863,-0.5805720177171246,-0.0469375280835036,0.0,0.0,1.0829188267673409,1.2392366230972454,-0.1261403943495607
2022-06-01 00:00:00,0,0,0.4918650687422392,0.0,-0.0672556441205913,0.93495615473868,2.2291220286492863,-0.5805720177171246,-0.01626986251552165,0.0,0.0,1.0829188267673409,1.2392366230972454,-0.1261403943495607
2022-06-02 00:00:00,0,0,0.4590465311379541,0.0,-0.0672556441205913,0.93495615473868,2.2291220286492863,-0.5805720177171246,-0.08190693772409186,0.0,0.0,1.0829188267673409,1.2392366230972454,-0.1261403943495607
2022-06-03 00:00:00,0,0,0.4828663755491217,0.0,-0.0672556441205913,0.93495615473868,2.2291220286492863,-0.5805720177171246,-0.034267248901756586,0.0,0.0,1.0829188267673409,1.2392366230972454,-0.1261403943495607
2022-06-04 00:00:00,1,1,0.5750607816049415,-0.0002246657475444,-0.0674803098681357,0.9347461257093024,2.2291220286492863,-0.5806662382338474,0.1501215632098829,0.1501215632098829,-3.372717322108225e-05,1.0828823035924011,1.2392366230972454,-0.12616986666683982
2022-06-05 00:00:00,0,0,0.5124386272758986,0.0,-0.0674803098681357,0.9347461257093024,2.2291220286492863,-0.5806662382338474,0.024877254551797234,0.0,0.0,1.0828823035924011,1.2392366230972454,-0.12616986666683982
2022-06-06 00:00:00,0,0,0.5058699752238812,0.0,-0.0674803098681357,0.9347461257093024,2.2291220286492863,-0.5806662382338474,0.011739950447762437,0.0,0.0,1.0828823035924011,1.2392366230972454,-0.12616986666683982
2022-06-07 00:00:00,0,0,0.47767300795372,0.0,-0.0674803098681357,0.9347461257093024,2.2291220286492863,-0.5806662382338474,-0.04465398409256005,0.0,0.0,1.0828823035924011,1.2392366230972454,-0.12616986666683982
2022-06-08 00:00:00,0,0,0.4863448554754003,0.0,-0.0674803098681357,0.9347461257093024,2.2291220286492863,-0.5806662382338474,-0.02731028904919941,0.0,0.0,1.0828823035924011,1.2392366230972454,-0.12616986666683982
2022-06-09 00:00:00,1,1,0.5631729830656936,-0.0166271519939319,-0.0841074618620676,0.9193324576089312,2.2291220286492863,-0.5875809193963278,0.12634596613138727,0.12634596613138727,-0.002100773582686748,1.0806098008984284,1.2392366230972454,-0.12800365906097755
2022-06-10 00:00:00,1,1,0.6204636589226366,-0.0186759859995938,-0.1027834478616614,0.9023223521607486,2.2291220286492863,-0.5952117737100729,0.2409273178452731,0.2409273178452731,-0.004499555214998005,1.0757584600564272,1.2392366230972454,-0.13191844075123793
2022-06-11 00:00:00,1,1,0.6035713993179677,-0.0261920481877296,-0.128975496049391,0.8789955041441108,2.2291220286492863,-0.6056763636772595,0.20714279863593532,0.20714279863593532,-0.005425494163613587,1.0699377432207482,1.2392366230972454,-0.136615458840593
2022-06-12 00:00:00,1,1,0.6002924748077287,-0.0812920383587695,-0.2102675344081605,0.8103674157997361,2.2291220286492863,-0.6364634123279603,0.20058494961545748,0.20058494961545748,-0.016305959418331614,1.052632851652707,1.2392366230972454,-0.15057961326074787
2022-06-13 00:00:00,0,0,0.5424058110077332,0.0,-0.2102675344081605,0.8103674157997361,2.2291220286492863,-0.6364634123279603,0.08481162201546644,0.0,0.0,1.052632851652707,1.2392366230972454,-0.15057961326074787
2022-06-14 00:00:00,1,1,0.7717149854357663,0.0012406450089821,-0.2090268893991783,0.8113734180063616,2.2291220286492863,-0.6360121125813802,0.5434299708715327,0.5434299708715327,0.000674203681093055,1.0533427798873538,1.2392366230972454,-0.15000673781354512
2022-06-15 00:00:00,1,1,0.5858205032676455,0.0381919304987227,-0.1708349589004556,0.8429606851500818,2.2291220286492863,-0.62184183982926,0.1716410065352909,0.1716410065352909,0.006555301392326639,1.0602704409240435,1.2392366230972454,-0.1444164728814329
2022-06-16 00:00:00,-1,-1,0.420971654395107,0.1067330123029308,-0.0641019465975248,0.9379093779867944,2.2291220286492863,-0.5792471807588251,-0.15805669120978605,-0.15805669120978605,0.016869866767454625,1.0783087864467575,1.2392366230972454,-0.12986045897213572
2022-06-17 00:00:00,1,1,0.6233095308540325,0.0090414277753264,-0.0550605188221983,0.9464278695203306,2.2291220286492863,-0.575425724856432,0.24661906170806502,0.24661906170806502,0.0022297884344522345,1.0807158695532546,1.2392366230972454,-0.12791806713055098
2022-06-18 00:00:00,0,0,0.5384457459981711,0.0,-0.0550605188221983,0.9464278695203306,2.2291220286492863,-0.575425724856432,0.07689149199634215,0.0,0.0,1.0807158695532546,1.2392366230972454,-0.12791806713055098
2022-06-19 00:00:00,1,1,0.5736454458476462,0.0547677304371011,-0.0002927883850972,0.999707254473239,2.2291220286492863,-0.5515242137376385,0.14729089169529241,0.14729089169529241,0.008066787852208029,1.089469032690274,1.2392366230972454,-0.12085471621445032
2022-06-20 00:00:00,0,0,0.4787965446029139,0.0,-0.0002927883850972,0.999707254473239,2.2291220286492863,-0.5515242137376385,-0.04240691079417225,0.0,0.0,1.089469032690274,1.2392366230972454,-0.12085471621445032
2022-06-21 00:00:00,0,0,0.4709826333212467,0.0,-0.0002927883850972,0.999707254473239,2.2291220286492863,-0.5515242137376385,-0.05803473335750664,0.0,0.0,1.089469032690274,1.2392366230972454,-0.12085471621445032
2022-06-22 00:00:00,1,1,0.5533020509289636,-0.0091875980938173,-0.0094803864789145,0.9905644107083276,2.2291220286492863,-0.5556257584926609,0.10660410185792712,0.10660410185792712,-0.0009794356430229965,1.088402490277775,1.2392366230972454,-0.12171536089894452
2022-06-23 00:00:00,0,0,0.5022402923461953,0.0,-0.0094803864789145,0.9905644107083276,2.2291220286492863,-0.5556257584926609,0.0044805846923905435,0.0,0.0,1.088402490277775,1.2392366230972454,-0.12171536089894452
2022-06-24 00:00:00,0,0,0.4925033433822315,0.0,-0.0094803864789145,0.9905644107083276,2.2291220286492863,-0.5556257584926609,-0.014993313235536987,0.0,0.0,1.088402490277775,1.2392366230972454,-0.12171536089894452
2022-06-25 00:00:00,0,0,0.4911151142388217,0.0,-0.0094803864789145,0.9905644107083276,2.2291220286492863,-0.5556257584926609,-0.017769771522356592,0.0,0.0,1.088402490277775,1.2392366230972454,-0.12171536089894452
2022-06-26 00:00:00,0,0,0.481611172819287,0.0,-0.0094803864789145,0.9905644107083276,2.2291220286492863,-0.5556257584926609,-0.03677765436142599,0.0,0.0,1.088402490277775,1.2392366230972454,-0.12171536089894452
2022-06-27 00:00:00,0,0,0.546087461641041,0.0,-0.0094803864789145,0.9905644107083276,2.2291220286492863,-0.5556257584926609,0.0921749232820821,0.0,0.0,1.088402490277775,1.2392366230972454,-0.12171536089894452
2022-06-28 00:00:00,0,0,0.5486625842975932,0.0,-0.0094803864789145,0.9905644107083276,2.2291220286492863,-0.5556257584926609,0.09732516859518636,0.0,0.0,1.088402490277775,1.2392366230972454,-0.12171536089894452
2022-06-29 00:00:00,0,0,0.537476406507946,0.0,-0.0094803864789145,0.9905644107083276,2.2291220286492863,-0.5556257584926609,0.07495281301589207,0.0,0.0,1.088402490277775,1.2392366230972454,-0.12171536089894452
2022-06-30 00:00:00,1,1,0.5651202977847622,0.0117520137260034,0.0022716272470889,1.0022742093470831,2.2291220286492863,-0.5503726595199452,0.1302405955695245,0.1302405955695245,0.0015305892668159094,1.090069663000233,1.2392366230972454,-0.12037003855179562
2022-07-01 00:00:00,0,0,0.5301516269540334,0.0,0.0022716272470889,1.0022742093470831,2.2291220286492863,-0.5503726595199452,0.06030325390806679,0.0,0.0,1.090069663000233,1.2392366230972454,-0.12037003855179562
2022-07-02 00:00:00,1,1,0.6069636855437964,0.0024851329135239,0.0047567601606128,1.004768091503929,2.2291220286492863,-0.5492538862429357,0.21392737108759285,0.21392737108759285,0.0005316379509934181,1.0906493394776646,1.2392366230972454,-0.11990226955059957
2022-07-03 00:00:00,0,0,0.523546707325596,0.0,0.0047567601606128,1.004768091503929,2.2291220286492863,-0.5492538862429357,0.0470934146511921,0.0,0.0,1.0906493394776646,1.2392366230972454,-0.11990226955059957
2022-07-04 00:00:00,0,0,0.5088748906785984,0.0,0.0047567601606128,1.004768091503929,2.2291220286492863,-0.5492538862429357,0.017749781357196737,0.0,0.0,1.0906493394776646,1.2392366230972454,-0.11990226955059957
2022-07-05 00:00:00,0,0,0.526165254070973,0.0,0.0047567601606128,1.004768091503929,2.2291220286492863,-0.5492538862429357,0.052330508141946064,0.0,0.0,1.0906493394776646,1.2392366230972454,-0.11990226955059957
2022-07-06 00:00:00,0,0,0.50257690673329,0.0,0.0047567601606128,1.004768091503929,2.2291220286492863,-0.5492538862429357,0.0051538134665800595,0.0,0.0,1.0906493394776646,1.2392366230972454,-0.11990226955059957
2022-07-07 00:00:00,0,0,0.5141878005316471,0.0,0.0047567601606128,1.004768091503929,2.2291220286492863,-0.5492538862429357,0.028375601063294287,0.0,0.0,1.0906493394776646,1.2392366230972454,-0.11990226955059957
2022-07-08 00:00:00,0,0,0.4920881739264678,0.0,0.0047567601606128,1.004768091503929,2.2291220286492863,-0.5492538862429357,-0.015823652147064382,0.0,0.0,1.0906493394776646,1.2392366230972454,-0.11990226955059957
2022-07-09 00:00:00,1,1,0.5773169435483525,-0.0091318555403428,-0.0043750953797299,0.9956344614076956,2.2291220286492863,-0.5533512976806434,0.154633887096705,0.154633887096705,-0.0014120943186087885,1.0891103266131887,1.2392366230972454,-0.12114417350646356
2022-07-10 00:00:00,1,1,0.6224700222962486,-0.0277117357633979,-0.0320868311431278,0.9684224891965422,2.2291220286492863,-0.5655587820002175,0.24494004459249719,0.24494004459249719,-0.006787713793622181,1.0817427900781986,1.2392366230972454,-0.12708939526449736
2022-07-11 00:00:00,1,1,0.5549418729243926,-0.0502337125521718,-0.0823205436952996,0.9209766981028212,2.2291220286492863,-0.5868433014136613,0.10988374584878513,0.10988374584878513,-0.005519868503123773,1.0757881616250524,1.2392366230972454,-0.13189447311820357
2022-07-12 00:00:00,0,0,0.4957148620266134,0.0,-0.0823205436952996,0.9209766981028212,2.2291220286492863,-0.5868433014136613,-0.008570275946773176,0.0,0.0,1.0757881616250524,1.2392366230972454,-0.13189447311820357
2022-07-13 00:00:00,1,1,0.5581786423532261,0.0431917082054947,-0.0391288354898049,0.9616268095041904,2.2291220286492863,-0.5686073722545919,0.11635728470645224,0.11635728470645224,0.005025669888624756,1.0812083263665884,1.2392366230972454,-0.12752067989702742
2022-07-14 00:00:00,0,0,0.4979860081861452,0.0,-0.0391288354898049,0.9616268095041904,2.2291220286492863,-0.5686073722545919,-0.004027983627709619,0.0,0.0,1.0812083263665884,1.2392366230972454,-0.12752067989702742
2022-07-15 00:00:00,0,0,0.4972973582606548,0.0,-0.0391288354898049,0.9616268095041904,2.2291220286492863,-0.5686073722545919,-0.005405283478690404,0.0,0.0,1.0812083263665884,1.2392366230972454,-0.12752067989702742
2022-07-16 00:00:00,0,0,0.5492085759051635,0.0,-0.0391288354898049,0.9616268095041904,2.2291220286492863,-0.5686073722545919,0.09841715181032695,0.0,0.0,1.0812083263665884,1.2392366230972454,-0.12752067989702742
2022-07-17 00:00:00,-1,-1,0.4375823453116454,0.0214481284369905,-0.0176807070528144,0.9824746795189316,2.2291220286492863,-0.5592548694544766,-0.12483530937670917,-0.12483530937670917,0.0026774837489831026,1.084107123098501,1.2392366230972454,-0.12518150053621435
2022-07-18 00:00:00,0,0,0.5436828972283209,0.0,-0.0176807070528144,0.9824746795189316,2.2291220286492863,-0.5592548694544766,0.08736579445664172,0.0,0.0,1.084107123098501,1.2392366230972454,-0.12518150053621435
2022-07-19 00:00:00,0,0,0.4957659820249855,0.0,-0.0176807070528144,0.9824746795189316,2.2291220286492863,-0.5592548694544766,-0.008468035950028985,0.0,0.0,1.084107123098501,1.2392366230972454,-0.12518150053621435
2022-07-20 00:00:00,0,0,0.4989573832535487,0.0,-0.0176807070528144,0.9824746795189316,2.2291220286492863,-0.5592548694544766,-0.0020852334929025718,0.0,0.0,1.084107123098501,1.2392366230972454,-0.12518150053621435
2022-07-21 00:00:00,1,1,0.5556673130134538,-0.000120375627991,-0.0178010826808054,0.9823564206302862,2.2291220286492863,-0.5593079212332153,0.11133462602690769,0.11133462602690769,-1.340197552513214e-05,1.08409259401873,1.2392366230972454,-0.12519322475376915
2022-07-22 00:00:00,0,0,0.5033716924158371,0.0,-0.0178010826808054,0.9823564206302862,2.2291220286492863,-0.5593079212332153,0.006743384831674248,0.0,0.0,1.08409259401873,1.2392366230972454,-0.12519322475376915
2022-07-23 00:00:00,1,1,0.6232444699794774,-0.0106217628161313,-0.0284228454969367,0.9719772836775202,2.2291220286492863,-0.5639640759072845,0.2464889399589547,0.2464889399589547,-0.0026181470570436458,1.0812579925051362,1.2392366230972454,-0.12748060188640198
2022-07-24 00:00:00,0,0,0.4986410816242234,0.0,-0.0284228454969367,0.9719772836775202,2.2291220286492863,-0.5639640759072845,-0.0027178367515532376,0.0,0.0,1.0812579925051362,1.2392366230972454,-0.12748060188640198
2022-07-25 00:00:00,0,0,0.543812909109194,0.0,-0.0284228454969367,0.9719772836775202,2.2291220286492863,-0.5639640759072845,0.087625818218388,0.0,0.0,1.0812579925051362,1.2392366230972454,-0.12748060188640198
2022-07-26 00:00:00,-1,-1,0.4415577109777654,-0.0110097909512512,-0.0394326364481879,0.9613347107300468,2.2291220286492863,-0.56873840984266,-0.11688457804446917,-0.11688457804446917,-0.0012868747696948113,1.0798674437979752,1.2392366230972454,-0.12860270292928888
2022-07-27 00:00:00,-1,-1,0.4263368730808986,-0.0727318702143422,-0.1121645066625301,0.8938971933602488,2.2291220286492863,-0.5989913598844578,-0.14732625383820275,-0.14732625383820275,-0.010715313973325397,1.0683580983363123,1.2392366230972454,-0.13789015073961697
2022-07-28 00:00:00,0,0,0.5206041974428698,0.0,-0.1121645066625301,0.8938971933602488,2.2291220286492863,-0.5989913598844578,0.041208394885739574,0.0,0.0,1.0683580983363123,1.2392366230972454,-0.13789015073961697
2022-07-29 00:00:00,0,0,0.4663483720747677,0.0,-0.1121645066625301,0.8938971933602488,2.2291220286492863,-0.5989913598844578,-0.0673032558504646,0.0,0.0,1.0683580983363123,1.2392366230972454,-0.13789015073961697
2022-07-30 00:00:00,0,0,0.4990089093608092,0.0,-0.1121645066625301,0.8938971933602488,2.2291220286492863,-0.5989913598844578,-0.0019821812783815673,0.0,0.0,1.0683580983363123,1.2392366230972454,-0.13789015073961697
2022-07-31 00:00:00,1,1,0.6216891632104481,-0.0167921060859989,-0.128956612748529,0.8790121026373885,2.2291220286492863,-0.6056689174750935,0.24337832642089618,0.24337832642089618,-0.004086834676292558,1.0640008052462844,1.2392366230972454,-0.14140626139097723
2022-08-01 00:00:00,0,0,0.5492660253955247,0.0,-0.128956612748529,0.8790121026373885,2.2291220286492863,-0.6056689174750935,0.09853205079104943,0.0,0.0,1.0640008052462844,1.2392366230972454,-0.14140626139097723
2022-08-02 00:00:00,0,0,0.5262438320415023,0.0,-0.128956612748529,0.8790121026373885,2.2291220286492863,-0.6056689174750935,0.05248766408300454,0.0,0.0,1.0640008052462844,1.2392366230972454,-0.14140626139097723
2022-08-03 00:00:00,1,1,0.561334136279974,0.0082774462211451,-0.1206791665273839,0.8863182745514264,2.2291220286492863,-0.6023913167784349,0.12266827255994794,0.12266827255994794,0.0010153800291557383,1.0650817190912345,1.2392366230972454,-0.1405340197021796
2022-08-04 00:00:00,0,0,0.5267816364302101,0.0,-0.1206791665273839,0.8863182745514264,2.2291220286492863,-0.6023913167784349,0.053563272860420286,0.0,0.0,1.0650817190912345,1.2392366230972454,-0.1405340197021796
2022-08-05 00:00:00,1,1,0.620819273942396,0.0265839618058632,-0.0940952047215207,0.9101961031491256,2.2291220286492863,-0.5916795530029151,0.241638547884792,0.241638547884792,0.006423709927793556,1.0719455170252126,1.2392366230972454,-0.13499528899809243
2022-08-06 00:00:00,0,0,0.4855528289101984,0.0,-0.0940952047215207,0.9101961031491256,2.2291220286492863,-0.5916795530029151,-0.028894342179603183,0.0,0.0,1.0719455170252126,1.2392366230972454,-0.13499528899809243
2022-08-07 00:00:00,1,1,0.6095236897567892,0.0152509163691667,-0.078844288352354,0.9241838194269844,2.2291220286492863,-0.5854045639722182,0.21904737951357833,0.21904737951357833,0.003340673265846703,1.075532524931145,1.2392366230972454,-0.13210075873722327
2022-08-08 00:00:00,0,0,0.5001616607385816,0.0,-0.078844288352354,0.9241838194269844,2.2291220286492863,-0.5854045639722182,0.0003233214771631854,0.0,0.0,1.075532524931145,1.2392366230972454,-0.13210075873722327
2022-08-09 00:00:00,0,0,0.505503245530769,0.0,-0.078844288352354,0.9241838194269844,2.2291220286492863,-0.5854045639722182,0.011006491061537949,0.0,0.0,1.075532524931145,1.2392366230972454,-0.13210075873722327
2022-08-10 00:00:00,0,0,0.4941795711175442,0.0,-0.078844288352354,0.9241838194269844,2.2291220286492863,-0.5854045639722182,-0.011640857764911638,0.0,0.0,1.075532524931145,1.2392366230972454,-0.13210075873722327
2022-08-11 00:00:00,0,0,0.5171996354408545,0.0,-0.078844288352354,0.9241838194269844,2.2291220286492863,-0.5854045639722182,0.03439927088170891,0.0,0.0,1.075532524931145,1.2392366230972454,-0.13210075873722327
2022-08-12 00:00:00,1,1,0.6145579605382429,0.0204974421731503,-0.0583468461792036,0.9433227028130788,2.2291220286492863,-0.5768187247314247,0.2291159210764857,0.2291159210764857,0.004696290343213335,1.0805954170422252,1.2392366230972454,-0.12801526609060787
2022-08-13 00:00:00,0,0,0.4769759607518324,0.0,-0.0583468461792036,0.9433227028130788,2.2291220286492863,-0.5768187247314247,-0.04604807849633519,0.0,0.0,1.0805954170422252,1.2392366230972454,-0.12801526609060787
2022-08-14 00:00:00,0,0,0.5146236762436184,0.0,-0.0583468461792036,0.9433227028130788,2.2291220286492863,-0.5768187247314247,0.029247352487236755,0.0,0.0,1.0805954170422252,1.2392366230972454,-0.12801526609060787
2022-08-15 00:00:00,0,0,0.5298870319729618,0.0,-0.0583468461792036,0.9433227028130788,2.2291220286492863,-0.5768187247314247,0.05977406394592366,0.0,0.0,1.0805954170422252,1.2392366230972454,-0.12801526609060787
2022-08-16 00:00:00,1,1,0.5569073006246106,-0.0057841076686957,-0.0641309538478993,0.9378821722092228,2.2291220286492863,-0.5792593854641852,0.11381460124922116,0.11381460124922116,-0.0006583159078951633,1.079884277991945,1.2392366230972454,-0.1285891186035385
2022-08-17 00:00:00,0,0,0.520530567348621,0.0,-0.0641309538478993,0.9378821722092228,2.2291220286492863,-0.5792593854641852,0.04106113469724204,0.0,0.0,1.079884277991945,1.2392366230972454,-0.1285891186035385
2022-08-18 00:00:00,1,1,0.5652313097894641,-0.0236354830876009,-0.0877664369355002,0.9159747896201456,2.2291220286492863,-0.5890871931425077,0.13046261957892824,0.13046261957892824,-0.0030835470386218686,1.076559532663174,1.2392366230972454,-0.13127201649955245
2022-08-19 00:00:00,1,1,0.6157343867039036,-0.0893766611007184,-0.1771430980362186,0.8376599084582642,2.2291220286492863,-0.6242198059628725,0.23146877340780714,0.23146877340780714,-0.02068790611626856,1.0545165676919033,1.2392366230972454,-0.1490595516324139
2022-08-20 00:00:00,1,1,0.6675849309370906,0.0073771976242987,-0.1697659004119198,0.8438623413017506,2.2291220286492863,-0.6214373504652501,0.3351698618741812,0.3351698618741812,0.0024726143087547324,1.0571272066675588,1.2392366230972454,-0.14695290070958156
2022-08-21 00:00:00,0,0,0.4831532603782594,0.0,-0.1697659004119198,0.8438623413017506,2.2291220286492863,-0.6214373504652501,-0.033693479243481206,0.0,0.0,1.0571272066675588,1.2392366230972454,-0.14695290070958156
2022-08-22 00:00:00,0,0,0.4806455115358243,0.0,-0.1697659004119198,0.8438623413017506,2.2291220286492863,-0.6214373504652501,-0.0387089769283514,0.0,0.0,1.0571272066675588,1.2392366230972454,-0.14695290070958156
2022-08-23 00:00:00,0,0,0.5181078535511073,0.0,-0.1697659004119198,0.8438623413017506,2.2291220286492863,-0.6214373504652501,0.03621570710221467,0.0,0.0,1.0571272066675588,1.2392366230972454,-0.14695290070958156
2022-08-24 00:00:00,0,0,0.5112756583491989,0.0,-0.1697659004119198,0.8438623413017506,2.2291220286492863,-0.6214373504652501,0.022551316698397716,0.0,0.0,1.0571272066675588,1.2392366230972454,-0.14695290070958156
2022-08-25 00:00:00,0,0,0.5212227296475628,0.0,-0.1697659004119198,0.8438623413017506,2.2291220286492863,-0.6214373504652501,0.042445459295125554,0.0,0.0,1.0571272066675588,1.2392366230972454,-0.14695290070958156
2022-08-26 00:00:00,1,1,0.6148096434450729,-0.057036809136353,-0.2268027095482728,0.7970780226617704,2.2291220286492863,-0.6424251286302385,0.22961928689014588,0.22961928689014588,-0.013096751440378732,1.043372541720017,1.2392366230972454,-0.1580522054679936
2022-08-27 00:00:00,1,1,0.5874951267133798,-0.016611176600827,-0.2434138861490998,0.7839469818191456,2.2291220286492863,-0.6483158069663103,0.17499025342675956,0.17499025342675956,-0.002906794003095375,1.040344076367619,1.2392366230972454,-0.16049602071356694
2022-08-28 00:00:00,1,1,0.605479553955797,-0.0187194511588712,-0.262133337307971,0.7694084260194224,2.2291220286492863,-0.6548379065251813,0.210959107911594,0.210959107911594,-0.003949038717070122,1.0362438186977063,1.2392366230972454,-0.1638047170460437
2022-08-29 00:00:00,1,1,0.5514496950279235,0.0298426423646853,-0.2322906949432857,0.7927156513784754,2.2291220286492863,-0.6443821194217827,0.10289939005584703,0.10289939005584703,0.003070789696980898,1.0394307963043565,1.2392366230972454,-0.1612329905918296
2022-08-30 00:00:00,0,0,0.5056416968057744,0.0,-0.2322906949432857,0.7927156513784754,2.2291220286492863,-0.6443821194217827,0.011283393611548842,0.0,0.0,1.0394307963043565,1.2392366230972454,-0.1612329905918296
2022-08-31 00:00:00,1,1,0.556967645707499,0.0042068017772981,-0.2280838931659876,0.7960574732522847,2.2291220286492863,-0.6428829543555103,0.11393529141499803,0.11393529141499803,0.00047930318642159055,1.0399291182111887,1.2392366230972454,-0.16083087053054002
2022-09-01 00:00:00,0,0,0.524893906546513,0.0,-0.2280838931659876,0.7960574732522847,2.2291220286492863,-0.6428829543555103,0.049787813093026045,0.0,0.0,1.0399291182111887,1.2392366230972454,-0.16083087053054002
2022-09-02 00:00:00,0,0,0.5186931117367721,0.0,-0.2280838931659876,0.7960574732522847,2.2291220286492863,-0.6428829543555103,0.037386223473544256,0.0,0.0,1.0399291182111887,1.2392366230972454,-0.16083087053054002
2022-09-03 00:00:00,1,1,0.6042654548509225,-0.0107492195532134,-0.238833112719201,0.7875463028671672,2.2291220286492863,-0.6467011259386402,0.20853090970184507,0.20853090970184507,-0.0022415445320164507,1.0376006814049135,1.2392366230972454,-0.16270979886664394
2022-09-04 00:00:00,1,1,0.5591352180212643,0.004379478258911,-0.23445363446029,0.7910029083179133,2.2291220286492863,-0.6451504681431849,0.11827043604252863,0.11827043604252863,0.000517962803320178,1.0381382591732062,1.2392366230972454,-0.16227600135108222
2022-09-05 00:00:00,0,0,0.505757918882818,0.0,-0.23445363446029,0.7910029083179133,2.2291220286492863,-0.6451504681431849,0.011515837765635917,0.0,0.0,1.0381382591732062,1.2392366230972454,-0.16227600135108222
2022-09-06 00:00:00,0,0,0.50941488328025,0.0,-0.23445363446029,0.7910029083179133,2.2291220286492863,-0.6451504681431849,0.01882976656049995,0.0,0.0,1.0381382591732062,1.2392366230972454,-0.16227600135108222
2022-09-07 00:00:00,0,0,0.4539783167757972,0.0,-0.23445363446029,0.7910029083179133,2.2291220286492863,-0.6451504681431849,-0.0920433664484056,0.0,0.0,1.0381382591732062,1.2392366230972454,-0.16227600135108222
2022-09-08 00:00:00,0,0,0.5044275716152278,0.0,-0.23445363446029,0.7910029083179133,2.2291220286492863,-0.6451504681431849,0.008855143230455553,0.0,0.0,1.0381382591732062,1.2392366230972454,-0.16227600135108222
2022-09-09 00:00:00,0,0,0.5204767117535134,0.0,-0.23445363446029,0.7910029083179133,2.2291220286492863,-0.6451504681431849,0.0409534235070268,0.0,0.0,1.0381382591732062,1.2392366230972454,-0.16227600135108222
2022-09-10 00:00:00,0,0,0.4695486808604214,0.0,-0.23445363446029,0.7910029083179133,2.2291220286492863,-0.6451504681431849,-0.060902638279157206,0.0,0.0,1.0381382591732062,1.2392366230972454,-0.16227600135108222
2022-09-11 00:00:00,0,0,0.4581738068433622,0.0,-0.23445363446029,0.7910029083179133,2.2291220286492863,-0.6451504681431849,-0.08365238631327565,0.0,0.0,1.0381382591732062,1.2392366230972454,-0.16227600135108222
2022-09-12 00:00:00,0,0,0.5036893040081027,0.0,-0.23445363446029,0.7910029083179133,2.2291220286492863,-0.6451504681431849,0.00737860801620549,0.0,0.0,1.0381382591732062,1.2392366230972454,-0.16227600135108222
2022-09-13 00:00:00,0,0,0.5054523203850281,0.0,-0.23445363446029,0.7910029083179133,2.2291220286492863,-0.6451504681431849,0.010904640770056151,0.0,0.0,1.0381382591732062,1.2392366230972454,-0.16227600135108222
2022-09-14 00:00:00,0,0,0.4752261520429977,0.0,-0.23445363446029,0.7910029083179133,2.2291220286492863,-0.6451504681431849,-0.04954769591400465,0.0,0.0,1.0381382591732062,1.2392366230972454,-0.16227600135108222
2022-09-15 00:00:00,1,1,0.5578512710934921,-0.0195944835967348,-0.2540481180570249,0.775654478162095,2.2291220286492863,-0.6520358830996369,0.11570254218698417,0.11570254218698417,-0.0022671315649833773,1.0357873290978674,1.2392366230972454,-0.1641730805944821
2022-09-16 00:00:00,1,1,0.6205229957997567,0.0071350531841426,-0.2469130648728822,0.7812086050487709,2.2291220286492863,-0.6495442622662806,0.24104599159951334,0.24104599159951334,0.001719875969886918,1.0375702876293678,1.2392366230972454,-0.16273432507493968
2022-09-17 00:00:00,0,0,0.47509434274622,0.0,-0.2469130648728822,0.7812086050487709,2.2291220286492863,-0.6495442622662806,-0.049811314507560045,0.0,0.0,1.0375702876293678,1.2392366230972454,-0.16273432507493968
2022-09-18 00:00:00,0,0,0.5079314041787102,0.0,-0.2469130648728822,0.7812086050487709,2.2291220286492863,-0.6495442622662806,0.015862808357420377,0.0,0.0,1.0375702876293678,1.2392366230972454,-0.16273432507493968
2022-09-19 00:00:00,0,0,0.5311085048478967,0.0,-0.2469130648728822,0.7812086050487709,2.2291220286492863,-0.6495442622662806,0.06221700969579347,0.0,0.0,1.0375702876293678,1.2392366230972454,-0.16273432507493968
2022-09-20 00:00:00,0,0,0.481552792160248,0.0,-0.2469130648728822,0.7812086050487709,2.2291220286492863,-0.6495442622662806,-0.03689441567950402,0.0,0.0,1.0375702876293678,1.2392366230972454,-0.16273432507493968
2022-09-21 00:00:00,1,1,0.5697265152771436,-0.0301745544283573,-0.2770876193012396,0.757988079814931,2.2291220286492863,-0.6599611550767249,0.13945303055428715,0.13945303055428715,-0.00420793306065971,1.033213434415423,1.2392366230972454,-0.16625008076900205
2022-09-22 00:00:00,0,0,0.5203004328961901,0.0,-0.2770876193012396,0.757988079814931,2.2291220286492863,-0.6599611550767249,0.0406008657923802,0.0,0.0,1.033213434415423,1.2392366230972454,-0.16625008076900205
2022-09-23 00:00:00,0,0,0.5237861523038158,0.0,-0.2770876193012396,0.757988079814931,2.2291220286492863,-0.6599611550767249,0.04757230460763151,0.0,0.0,1.033213434415423,1.2392366230972454,-0.16625008076900205
2022-09-24 00:00:00,0,0,0.4699234391931386,0.0,-0.2770876193012396,0.757988079814931,2.2291220286492863,-0.6599611550767249,-0.06015312161372277,0.0,0.0,1.033213434415423,1.2392366230972454,-0.16625008076900205
2022-09-25 00:00:00,1,1,0.6179389787109392,-0.0110790309698288,-0.2881666502710684,0.7496366546771864,2.2291220286492863,-0.6637076638054575,0.23587795742187834,0.23587795742187834,-0.0026132991953769493,1.0305168635864494,1.2392366230972454,-0.1684260742626691
2022-09-26 00:00:00,0,0,0.5442479312840399,0.0,-0.2881666502710684,0.7496366546771864,2.2291220286492863,-0.6637076638054575,0.08849586256807984,0.0,0.0,1.0305168635864494,1.2392366230972454,-0.1684260742626691
2022-09-27 00:00:00,0,0,0.5041615693904452,0.0,-0.2881666502710684,0.7496366546771864,2.2291220286492863,-0.6637076638054575,0.008323138780890416,0.0,0.0,1.0305168635864494,1.2392366230972454,-0.1684260742626691
2022-09-28 00:00:00,0,0,0.5130027162372641,0.0,-0.2881666502710684,0.7496366546771864,2.2291220286492863,-0.6637076638054575,0.026005432474528245,0.0,0.0,1.0305168635864494,1.2392366230972454,-0.1684260742626691
2022-09-29 00:00:00,0,0,0.5147240694483678,0.0,-0.2881666502710684,0.7496366546771864,2.2291220286492863,-0.6637076638054575,0.029448138896735587,0.0,0.0,1.0305168635864494,1.2392366230972454,-0.1684260742626691
2022-09-30 00:00:00,0,0,0.5166951554129682,0.0,-0.2881666502710684,0.7496366546771864,2.2291220286492863,-0.6637076638054575,0.03339031082593635,0.0,0.0,1.0305168635864494,1.2392366230972454,-0.1684260742626691
2022-10-01 00:00:00,1,1,0.6024568813512939,-0.0074585154768446,-0.295625165747913,0.7440662772823357,2.2291220286492863,-0.6662065747323869,0.20491376270258788,0.20491376270258788,-0.0015283524705357134,1.0289430735513487,1.2392366230972454,-0.16969604160043816
2022-10-02 00:00:00,1,1,0.6084175011848204,-0.0107334020803278,-0.3063585678282408,0.7361226222384991,2.2291220286492863,-0.6697701548961207,0.21683500236964082,0.21683500236964082,-0.0023273772655221857,1.0265511194040051,1.2392366230972454,-0.17162622515276516
2022-10-03 00:00:00,0,0,0.4740389568174938,0.0,-0.3063585678282408,0.7361226222384991,2.2291220286492863,-0.6697701548961207,-0.05192208636501239,0.0,0.0,1.0265511194040051,1.2392366230972454,-0.17162622515276516
2022-10-04 00:00:00,0,0,0.5023972016641577,0.0,-0.3063585678282408,0.7361226222384991,2.2291220286492863,-0.6697701548961207,0.0047944033283153775,0.0,0.0,1.0265511194040051,1.2392366230972454,-0.17162622515276516
2022-10-05 00:00:00,0,0,0.5058985478588411,0.0,-0.3063585678282408,0.7361226222384991,2.2291220286492863,-0.6697701548961207,0.011797095717682282,0.0,0.0,1.0265511194040051,1.2392366230972454,-0.17162622515276516
2022-10-06 00:00:00,0,0,0.5179403686172817,0.0,-0.3063585678282408,0.7361226222384991,2.2291220286492863,-0.6697701548961207,0.03588073723456331,0.0,0.0,1.0265511194040051,1.2392366230972454,-0.17162622515276516
2022-10-07 00:00:00,1,1,0.6274897516254119,-0.0222696257739361,-0.3286281936021769,0.7199106343727404,2.2291220286492863,-0.6770429679845913,0.25497950325082375,0.25497950325082375,-0.005678298117419968,1.0207385744147424,1.2392366230972454,-0.17631664898379706
2022-10-08 00:00:00,1,1,0.5961868900641222,-0.0099126774572853,-0.3385408710594623,0.7128096455081186,2.2291220286492863,-0.6802285221056119,0.19237378012824435,0.19237378012824435,-0.0019069392336500068,1.018793942716422,1.2392366230972454,-0.17788586640529325
2022-10-09 00:00:00,1,1,0.6104730895963032,0.0039245234602096,-0.3346163475992527,0.7156125801784758,2.2291220286492863,-0.6789711056724455,0.2209461791926064,0.2209461791926064,0.0008671084636850579,1.0196777306815399,1.2392366230972454,-0.17717269512819767
2022-10-10 00:00:00,0,0,0.4843218113771336,0.0,-0.3346163475992527,0.7156125801784758,2.2291220286492863,-0.6789711056724455,-0.031356377245732814,0.0,0.0,1.0196777306815399,1.2392366230972454,-0.17717269512819767
2022-10-11 00:00:00,1,1,0.5590312045347232,0.0014621519049058,-0.3331541956943468,0.7166596797985619,2.2291220286492863,-0.6785013693338204,0.11806240906944643,0.11806240906944643,0.00017262517631865887,1.01985376792338,1.2392366230972454,-0.17703064215900766
2022-10-12 00:00:00,0,0,0.5098260428496977,0.0,-0.3331541956943468,0.7166596797985619,2.2291220286492863,-0.6785013693338204,0.01965208569939536,0.0,0.0,1.01985376792338,1.2392366230972454,-0.17703064215900766
2022-10-13 00:00:00,1,1,0.603231181703137,0.0124523279415417,-0.3207018677528051,0.7256395552961685,2.2291220286492863,-0.6744729333028653,0.2064623634062741,0.2064623634062741,0.0025709370567206834,1.022479121130624,1.2392366230972454,-0.17491211761065917
2022-10-14 00:00:00,0,0,0.4842626659061652,0.0,-0.3207018677528051,0.7256395552961685,2.2291220286492863,-0.6744729333028653,-0.03147466818766964,0.0,0.0,1.022479121130624,1.2392366230972454,-0.17491211761065917
2022-10-15 00:00:00,1,1,0.6182094505171838,-0.004210211994301,-0.3249120797471061,0.7225908812223667,2.2291220286492863,-0.6758405901806044,0.23641890103436758,0.23641890103436758,-0.0009953736928143555,1.0214618786641814,1.2392366230972454,-0.17573297978296976
2022-10-16 00:00:00,1,1,0.5748911313426566,0.0037495825511758,-0.3211624971959302,0.7253053813229973,2.2291220286492863,-0.6746228461245396,0.14978226268531314,0.14978226268531314,0.0005616209586404802,1.0220357141876366,1.2392366230972454,-0.17526992413019138
2022-10-17 00:00:00,0,0,0.5040420925776974,0.0,-0.3211624971959302,0.7253053813229973,2.2291220286492863,-0.6746228461245396,0.008084185155394774,0.0,0.0,1.0220357141876366,1.2392366230972454,-0.17526992413019138
2022-10-18 00:00:00,0,0,0.489978537067846,0.0,-0.3211624971959302,0.7253053813229973,2.2291220286492863,-0.6746228461245396,-0.020042925864308003,0.0,0.0,1.0220357141876366,1.2392366230972454,-0.17526992413019138
2022-10-19 00:00:00,1,1,0.5600291905557088,-0.0146789695498407,-0.3358414667457709,0.7147364063232814,2.2291220286492863,-0.6793641634969761,0.12005838111141753,0.12005838111141753,-0.0017623333205376678,1.0202361327906382,1.2392366230972454,-0.17672209344431367
2022-10-20 00:00:00,1,1,0.5602210141809061,0.0030465771267446,-0.3327948896190263,0.716917226241681,2.2291220286492863,-0.6783858321672549,0.12044202836181217,0.12044202836181217,0.0003669359287058213,1.0206105627752289,1.2392366230972454,-0.17641994777042713
2022-10-21 00:00:00,1,1,0.5638832733209092,0.005023413100251,-0.3277714765187753,0.7205276583814951,2.2291220286492863,-0.6767661666247624,0.1277665466418183,0.1277665466418183,0.0006418241441743405,1.0212658255354536,1.2392366230972454,-0.17589118453989327
2022-10-22 00:00:00,0,0,0.4893569673786357,0.0,-0.3277714765187753,0.7205276583814951,2.2291220286492863,-0.6767661666247624,-0.02128606524272858,0.0,0.0,1.0212658255354536,1.2392366230972454,-0.17589118453989327
2022-10-23 00:00:00,1,1,0.5739856989616733,0.0156964793767396,-0.3120749971420356,0.7319266337641623,2.2291220286492863,-0.6716525051759208,0.14797139792334657,0.14797139792334657,0.0023226299958511386,1.0236406049749758,1.2392366230972454,-0.1739748600904214
2022-10-24 00:00:00,0,0,0.4928025353301353,0.0,-0.3120749971420356,0.7319266337641623,2.2291220286492863,-0.6716525051759208,-0.014394929339729412,0.0,0.0,1.0236406049749758,1.2392366230972454,-0.1739748600904214
2022-10-25 00:00:00,0,0,0.4913589422115898,0.0,-0.3120749971420356,0.7319266337641623,2.2291220286492863,-0.6716525051759208,-0.017282115576820356,0.0,0.0,1.0236406049749758,1.2392366230972454,-0.1739748600904214
2022-10-26 00:00:00,0,0,0.532977555571797,0.0,-0.3120749971420356,0.7319266337641623,2.2291220286492863,-0.6716525051759208,0.06595511114359409,0.0,0.0,1.0236406049749758,1.2392366230972454,-0.1739748600904214
2022-10-27 00:00:00,0,0,0.5259538440867141,0.0,-0.3120749971420356,0.7319266337641623,2.2291220286492863,-0.6716525051759208,0.05190768817342817,0.0,0.0,1.0236406049749758,1.2392366230972454,-0.1739748600904214
2022-10-28 00:00:00,1,1,0.6340118660964471,0.01546140583244,-0.2966135913095956,0.7433311865053885,2.2291220286492863,-0.6665363416843526,0.2680237321928942,0.2680237321928942,0.004144023696159551,1.0278913975076218,1.2392366230972454,-0.17054468989256044
2022-10-29 00:00:00,0,0,0.4748154612508047,0.0,-0.2966135913095956,0.7433311865053885,2.2291220286492863,-0.6665363416843526,-0.05036907749839059,0.0,0.0,1.0278913975076218,1.2392366230972454,-0.17054468989256044
2022-10-30 00:00:00,1,1,0.5535826320304573,-0.0091516947167961,-0.3057652860263917,0.7365594799712603,2.2291220286492863,-0.6695741774094033,0.10716526406091464,0.10716526406091464,-0.0009807437809303315,1.0268837935934452,1.2392366230972454,-0.17135777425062138
2022-10-31 00:00:00,0,0,0.5285480246797666,0.0,-0.3057652860263917,0.7365594799712603,2.2291220286492863,-0.6695741774094033,0.05709604935953316,0.0,0.0,1.0268837935934452,1.2392366230972454,-0.17135777425062138
2022-11-01 00:00:00,0,0,0.5354335645991043,0.0,-0.3057652860263917,0.7365594799712603,2.2291220286492863,-0.6695741774094033,0.07086712919820859,0.0,0.0,1.0268837935934452,1.2392366230972454,-0.17135777425062138
2022-11-02 00:00:00,0,0,0.4815028135231774,0.0,-0.3057652860263917,0.7365594799712603,2.2291220286492863,-0.6695741774094033,-0.03699437295364516,0.0,0.0,1.0268837935934452,1.2392366230972454,-0.17135777425062138
2022-11-03 00:00:00,1,1,0.5560594323237195,0.0027911581205749,-0.3029741279058168,0.7386182057230659,2.2291220286492863,-0.6686506183913924,0.11211886464743892,0.11211886464743892,0.0003129414795303372,1.027205198414945,1.2392366230972454,-0.17109841714681295
2022-11-04 00:00:00,0,0,0.5087435349133167,0.0,-0.3029741279058168,0.7386182057230659,2.2291220286492863,-0.6686506183913924,0.017487069826633395,0.0,0.0,1.027205198414945,1.2392366230972454,-0.17109841714681295
2022-11-05 00:00:00,-1,-1,0.4393898509058571,0.0041048392035267,-0.2988692887022901,0.7416563459629584,2.2291220286492863,-0.6672876870664827,-0.12122029818828584,-0.12122029818828584,0.0004975898322664723,1.0277164524641873,1.2392366230972454,-0.17068586151400378
2022-11-06 00:00:00,0,0,0.5242433155786311,0.0,-0.2988692887022901,0.7416563459629584,2.2291220286492863,-0.6672876870664827,0.04848663115726226,0.0,0.0,1.0277164524641873,1.2392366230972454,-0.17068586151400378
2022-11-07 00:00:00,0,0,0.4984580175815156,0.0,-0.2988692887022901,0.7416563459629584,2.2291220286492863,-0.6672876870664827,-0.003083964836968822,0.0,0.0,1.0277164524641873,1.2392366230972454,-0.17068586151400378
2022-11-08 00:00:00,1,1,0.5604803965303903,-0.1132665151687882,-0.4121358038710783,0.6622343359587699,2.2291220286492863,-0.7029169657616079,0.12096079306078056,0.12096079306078056,-0.013700807502047552,1.0137319255923822,1.2392366230972454,-0.18197065298252357
2022-11-09 00:00:00,1,1,0.6406802157026688,-0.1203791431149377,-0.5325149469860161,0.5871265192753624,2.2291220286492863,-0.7366108666419102,0.2813604314053375,0.2813604314053375,-0.03386992763902374,0.9799718515817075,1.2392366230972454,-0.2092132904106344
2022-11-10 00:00:00,1,1,0.754282917054505,0.0747969120409788,-0.4577180349450372,0.6327258576387419,2.2291220286492863,-0.7161546790589407,0.50856583410901,0.50856583410901,0.03803915396089863,1.0179672262483856,1.2392366230972454,-0.1785529839296044
2022-11-11 00:00:00,0,0,0.4664802809940315,0.0,-0.4577180349450372,0.6327258576387419,2.2291220286492863,-0.7161546790589407,-0.06703943801193701,0.0,0.0,1.0179672262483856,1.2392366230972454,-0.1785529839296044
2022-11-12 00:00:00,1,1,0.6091361460706441,-0.0044785591809896,-0.4621965941260268,0.6298984934247618,2.2291220286492863,-0.717423054759168,0.2182722921412883,0.2182722921412883,-0.000977545377925011,1.0169726033152175,1.2392366230972454,-0.17935559330591722
2022-11-13 00:00:00,1,1,0.5694445783116414,-0.0362254275427308,-0.4984220216687576,0.6074885074836531,2.2291220286492863,-0.7274763338767261,0.13888915662328283,0.13888915662328283,-0.005031319079727722,1.0118687400017004,1.2392366230972454,-0.18347414759844693
2022-11-14 00:00:00,0,0,0.5439004329032434,0.0,-0.4984220216687576,0.6074885074836531,2.2291220286492863,-0.7274763338767261,0.08780086580648683,0.0,0.0,1.0118687400017004,1.2392366230972454,-0.18347414759844693
2022-11-15 00:00:00,0,0,0.4940076011196768,0.0,-0.4984220216687576,0.6074885074836531,2.2291220286492863,-0.7274763338767261,-0.011984797760646426,0.0,0.0,1.0118687400017004,1.2392366230972454,-0.18347414759844693
2022-11-16 00:00:00,0,0,0.5233018155576639,0.0,-0.4984220216687576,0.6074885074836531,2.2291220286492863,-0.7274763338767261,0.046603631115327726,0.0,0.0,1.0118687400017004,1.2392366230972454,-0.18347414759844693
2022-11-17 00:00:00,0,0,0.5288503801322352,0.0,-0.4984220216687576,0.6074885074836531,2.2291220286492863,-0.7274763338767261,0.05770076026447035,0.0,0.0,1.0118687400017004,1.2392366230972454,-0.18347414759844693
2022-11-18 00:00:00,0,0,0.5236012546301995,0.0,-0.4984220216687576,0.6074885074836531,2.2291220286492863,-0.7274763338767261,0.04720250926039893,0.0,0.0,1.0118687400017004,1.2392366230972454,-0.18347414759844693
2022-11-19 00:00:00,1,1,0.5696842771164683,0.0023381051502387,-0.4960839165185189,0.608910541276155,2.2291220286492863,-0.7268383994010781,0.1393685542329366,0.1393685542329366,0.00032585833443335064,1.0121985195917782,1.2392366230972454,-0.1832080324886033
2022-11-20 00:00:00,1,1,0.5655160536270851,-0.0283595510743577,-0.5244434675928766,0.5918846757254147,2.2291220286492863,-0.7344763238089478,0.13103210725417025,0.13103210725417025,-0.0037160117380553572,1.0084441579579335,1.2392366230972454,-0.18623760857106386
2022-11-21 00:00:00,0,0,0.5263597262405154,0.0,-0.5244434675928766,0.5918846757254147,2.2291220286492863,-0.7344763238089478,0.052719452481030826,0.0,0.0,1.0084441579579335,1.2392366230972454,-0.18623760857106386
2022-11-22 00:00:00,1,1,0.5546633425284754,0.0187624876100667,-0.5056809799828099,0.60309474011185,2.2291220286492863,-0.7294474091769264,0.10932668505695076,0.10932668505695076,0.0020512405738307028,1.010514842541247,1.2392366230972454,-0.18456667297674767
2022-11-23 00:00:00,0,0,0.5015426745263525,0.0,-0.5056809799828099,0.60309474011185,2.2291220286492863,-0.7294474091769264,0.0030853490527049665,0.0,0.0,1.010514842541247,1.2392366230972454,-0.18456667297674767
2022-11-24 00:00:00,0,0,0.5251572684355518,0.0,-0.5056809799828099,0.60309474011185,2.2291220286492863,-0.7294474091769264,0.05031453687110354,0.0,0.0,1.010514842541247,1.2392366230972454,-0.18456667297674767
2022-11-25 00:00:00,1,1,0.6082103013848202,0.0020632835253026,-0.5036176964575073,0.604340380165715,2.2291220286492863,-0.7288886061872939,0.21642060276964048,0.21642060276964048,0.00044653706423065747,1.0109661756333743,1.2392366230972454,-0.18420247046391414
2022-11-26 00:00:00,0,0,0.5087697619937539,0.0,-0.5036176964575073,0.604340380165715,2.2291220286492863,-0.7288886061872939,0.0175395239875078,0.0,0.0,1.0109661756333743,1.2392366230972454,-0.18420247046391414
2022-11-27 00:00:00,1,1,0.5972272982947859,-0.0019650721240945,-0.5055827685816018,0.6031539738000018,2.2291220286492863,-0.7294208365230338,0.19445459658957187,0.19445459658957187,-0.0003821173071602091,1.010579941758735,1.2392366230972454,-0.1845141412678919
2022-11-28 00:00:00,0,0,0.4656389616366368,0.0,-0.5055827685816018,0.6031539738000018,2.2291220286492863,-0.7294208365230338,-0.06872207672672637,0.0,0.0,1.010579941758735,1.2392366230972454,-0.1845141412678919
2022-11-29 00:00:00,0,0,0.5422031822282258,0.0,-0.5055827685816018,0.6031539738000018,2.2291220286492863,-0.7294208365230338,0.08440636445645167,0.0,0.0,1.010579941758735,1.2392366230972454,-0.1845141412678919
2022-11-30 00:00:00,0,0,0.5253839660863414,0.0,-0.5055827685816018,0.6031539738000018,2.2291220286492863,-0.7294208365230338,0.05076793217268283,0.0,0.0,1.010579941758735,1.2392366230972454,-0.1845141412678919
2022-12-01 00:00:00,0,0,0.5228852350690315,0.0,-0.5055827685816018,0.6031539738000018,2.2291220286492863,-0.7294208365230338,0.04577047013806301,0.0,0.0,1.010579941758735,1.2392366230972454,-0.1845141412678919
2022-12-02 00:00:00,1,1,0.5540175878219139,-0.000406790210192,-0.5059895587917937,0.6029086665658949,2.2291220286492863,-0.7295308830933669,0.10803517564382781,0.10803517564382781,-4.394765180828236e-05,1.0105355301192307,1.2392366230972454,-0.18454997916896465
2022-12-03 00:00:00,0,0,0.5111892887878173,0.0,-0.5059895587917937,0.6029086665658949,2.2291220286492863,-0.7295308830933669,0.02237857757563466,0.0,0.0,1.0105355301192307,1.2392366230972454,-0.18454997916896465
2022-12-04 00:00:00,1,1,0.565289044488544,0.0146898034747837,-0.49129975531701,0.6118306470215626,2.2291220286492863,-0.7255284191900901,0.130578088977088,0.130578088977088,0.0019181664651862426,1.012475765737531,1.2392366230972454,-0.18298430915717057
2022-12-05 00:00:00,0,0,0.4945907141287361,0.0,-0.49129975531701,0.6118306470215626,2.2291220286492863,-0.7255284191900901,-0.01081857174252776,0.0,0.0,1.012475765737531,1.2392366230972454,-0.18298430915717057
2022-12-06 00:00:00,0,0,0.5472699510126462,0.0,-0.49129975531701,0.6118306470215626,2.2291220286492863,-0.7255284191900901,0.09453990202529239,0.0,0.0,1.012475765737531,1.2392366230972454,-0.18298430915717057
2022-12-07 00:00:00,0,0,0.4930640442947699,0.0,-0.49129975531701,0.6118306470215626,2.2291220286492863,-0.7255284191900901,-0.01387191141046018,0.0,0.0,1.012475765737531,1.2392366230972454,-0.18298430915717057
2022-12-08 00:00:00,0,0,0.4934027103358065,0.0,-0.49129975531701,0.6118306470215626,2.2291220286492863,-0.7255284191900901,-0.013194579328386968,0.0,0.0,1.012475765737531,1.2392366230972454,-0.18298430915717057
2022-12-09 00:00:00,0,0,0.5148777390830103,0.0,-0.49129975531701,0.6118306470215626,2.2291220286492863,-0.7255284191900901,0.029755478166020533,0.0,0.0,1.012475765737531,1.2392366230972454,-0.18298430915717057
2022-12-10 00:00:00,1,1,0.5727014948120477,-0.0016887512501107,-0.4929885065671207,0.6107982891946812,2.2291220286492863,-0.7259915422554106,0.14540298962409537,0.14540298962409537,-0.00024554948049752416,1.0122271833601235,1.2392366230972454,-0.1831849023068357
2022-12-11 00:00:00,1,1,0.5621817059095517,-0.0121947553120968,-0.5051832618792176,0.6033949859948926,2.2291220286492863,-0.7293127167378479,0.12436341181910349,0.12436341181910349,-0.0015165813769114943,1.0106932219473035,1.2392366230972454,-0.1844227300019099
2022-12-12 00:00:00,-1,-1,0.4337948351718086,-0.0132460621517207,-0.5184293240309383,0.5954550808400388,2.2291220286492863,-0.7328746146747073,-0.13241032965638277,-0.13241032965638277,-0.001753915456158273,1.0089221051325026,1.2392366230972454,-0.18585192986720622
2022-12-13 00:00:00,0,0,0.5002677453177797,0.0,-0.5184293240309383,0.5954550808400388,2.2291220286492863,-0.7328746146747073,0.0005354906355594657,0.0,0.0,1.0089221051325026,1.2392366230972454,-0.18585192986720622
2022-12-14 00:00:00,0,0,0.4555279141647825,0.0,-0.5184293240309383,0.5954550808400388,2.2291220286492863,-0.7328746146747073,-0.088944171670435,0.0,0.0,1.0089221051325026,1.2392366230972454,-0.18585192986720622
2022-12-15 00:00:00,1,1,0.5740354301562308,-0.0217102256353133,-0.5401395496662517,0.5826669357238498,2.2291220286492863,-0.7386114675485438,0.14807086031246164,0.14807086031246164,-0.0032146517873984995,1.005683979395798,1.2392366230972454,-0.18846493022270872
2022-12-16 00:00:00,1,1,0.618136729006083,-0.0433067222154556,-0.5834462718817073,0.5579721256495096,2.2291220286492863,-0.7496897350264817,0.23627345801216593,0.23627345801216593,-0.010232229013017981,0.9954460583049412,1.2392366230972454,-0.19672640418178922
2022-12-17 00:00:00,1,1,0.6092926108437934,0.0014829166594536,-0.5819633552222537,0.5588001656155349,2.2291220286492863,-0.7493182704070561,0.21858522168758676,0.21858522168758676,0.0003241436667508808,0.9957687781413027,1.2392366230972454,-0.1964659859288529
2022-12-18 00:00:00,0,0,0.5407205675082908,0.0,-0.5819633552222537,0.5588001656155349,2.2291220286492863,-0.7493182704070561,0.08144113501658157,0.0,0.0,0.9957687781413027,1.2392366230972454,-0.1964659859288529
2022-12-19 00:00:00,1,1,0.5554654931743598,-0.0198486877500007,-0.6018120429722544,0.5478180662932038,2.2291220286492863,-0.7542449182895794,0.11093098634871956,0.11093098634871956,-0.002201834509835325,0.9935786720921307,1.2392366230972454,-0.1982332884829836
2022-12-20 00:00:00,0,0,0.521280272792437,0.0,-0.6018120429722544,0.5478180662932038,2.2291220286492863,-0.7542449182895794,0.0425605455848741,0.0,0.0,0.9935786720921307,1.2392366230972454,-0.1982332884829836
2022-12-21 00:00:00,0,0,0.5038764782643393,0.0,-0.6018120429722544,0.5478180662932038,2.2291220286492863,-0.7542449182895794,0.0077529565286786895,0.0,0.0,0.9935786720921307,1.2392366230972454,-0.1982332884829836
2022-12-22 00:00:00,0,0,0.4994812352173123,0.0,-0.6018120429722544,0.5478180662932038,2.2291220286492863,-0.7542449182895794,-0.0010375295653753946,0.0,0.0,0.9935786720921307,1.2392366230972454,-0.1982332884829836
2022-12-23 00:00:00,0,0,0.5367917872559033,0.0,-0.6018120429722544,0.5478180662932038,2.2291220286492863,-0.7542449182895794,0.07358357451180653,0.0,0.0,0.9935786720921307,1.2392366230972454,-0.1982332884829836
2022-12-24 00:00:00,1,1,0.5551467984161816,0.0012603365892147,-0.6005517063830398,0.5485089367195733,2.2291220286492863,-0.7539349889014659,0.11029359683236328,0.11029359683236328,0.000139007055643922,0.9937167961377749,1.2392366230972454,-0.1981218295064897
2022-12-25 00:00:00,1,1,0.5668683789889631,-0.0017405993372599,-0.6022923057202997,0.5475550328508947,2.2291220286492863,-0.7543629169630162,0.13373675797792628,0.13373675797792628,-0.0002327821123036661,0.9934855035643696,1.2392366230972454,-0.19830847067662172
2022-12-26 00:00:00,0,0,0.5054396791885842,0.0,-0.6022923057202997,0.5475550328508947,2.2291220286492863,-0.7543629169630162,0.010879358377168469,0.0,0.0,0.9934855035643696,1.2392366230972454,-0.19830847067662172
2022-12-27 00:00:00,1,1,0.5710938169692069,-0.0119761858561063,-0.614268491576406,0.54103652336336,2.2291220286492863,-0.7572871666917241,0.14218763393841383,0.14218763393841383,-0.0017028655304864519,0.9917951709583388,1.2392366230972454,-0.19967248185457265
2022-12-28 00:00:00,0,0,0.4672360900486595,0.0,-0.614268491576406,0.54103652336336,2.2291220286492863,-0.7572871666917241,-0.06552781990268097,0.0,0.0,0.9917951709583388,1.2392366230972454,-0.19967248185457265
2022-12-29 00:00:00,0,0,0.5267158133088554,0.0,-0.614268491576406,0.54103652336336,2.2291220286492863,-0.7572871666917241,0.05343162661771084,0.0,0.0,0.9917951709583388,1.2392366230972454,-0.19967248185457265
2022-12-30 00:00:00,1,1,0.5975438326868506,-0.003962979405797,-0.618231470982203,0.5388966497017086,2.2291220286492863,-0.7582471292393771,0.19508766537370126,0.19508766537370126,-0.0007731284002009946,0.9910286822797509,1.2392366230972454,-0.20029099866104993
2022-12-31 00:00:00,0,0,0.512613506045194,0.0,-0.618231470982203,0.5388966497017086,2.2291220286492863,-0.7582471292393771,0.025227012090387912,0.0,0.0,0.9910286822797509,1.2392366230972454,-0.20029099866104993
2023-01-01 00:00:00,1,1,0.5657240440913364,0.0025436938203106,-0.6156877771618924,0.5402691826911153,2.2291220286492863,-0.7576314011761456,0.13144808818267273,0.13144808818267273,0.0003343636896019074,0.9913601016906801,1.2392366230972454,-0.20002356030040747
2023-01-02 00:00:00,0,0,0.4984432286833046,0.0,-0.6156877771618924,0.5402691826911153,2.2291220286492863,-0.7576314011761456,-0.003113542633390809,0.0,0.0,0.9913601016906801,1.2392366230972454,-0.20002356030040747
2023-01-03 00:00:00,0,0,0.4529443052768757,0.0,-0.6156877771618924,0.5402691826911153,2.2291220286492863,-0.7576314011761456,-0.09411138944624864,0.0,0.0,0.9913601016906801,1.2392366230972454,-0.20002356030040747
2023-01-04 00:00:00,0,0,0.5217167572417991,0.0,-0.6156877771618924,0.5402691826911153,2.2291220286492863,-0.7576314011761456,0.04343351448359822,0.0,0.0,0.9913601016906801,1.2392366230972454,-0.20002356030040747
2023-01-05 00:00:00,0,0,0.4715151693413192,0.0,-0.6156877771618924,0.5402691826911153,2.2291220286492863,-0.7576314011761456,-0.056969661317361586,0.0,0.0,0.9913601016906801,1.2392366230972454,-0.20002356030040747
2023-01-06 00:00:00,1,1,0.5537243843205595,0.0059980863622968,-0.6096896907995956,0.543519502011044,2.2291220286492863,-0.7561732848064922,0.10744876864111896,0.10744876864111896,0.0006444869938318797,0.9919992263140548,1.2392366230972454,-0.19950781971345055
2023-01-07 00:00:00,0,0,0.4627921092065312,0.0,-0.6096896907995956,0.543519502011044,2.2291220286492863,-0.7561732848064922,-0.07441578158693762,0.0,0.0,0.9919992263140548,1.2392366230972454,-0.19950781971345055
2023-01-08 00:00:00,0,0,0.5179018437023407,0.0,-0.6096896907995956,0.543519502011044,2.2291220286492863,-0.7561732848064922,0.03580368740468143,0.0,0.0,0.9919992263140548,1.2392366230972454,-0.19950781971345055
2023-01-09 00:00:00,0,0,0.4770114192280933,0.0,-0.6096896907995956,0.543519502011044,2.2291220286492863,-0.7561732848064922,-0.04597716154381337,0.0,0.0,0.9919992263140548,1.2392366230972454,-0.19950781971345055
2023-01-10 00:00:00,0,0,0.4608297087545694,0.0,-0.6096896907995956,0.543519502011044,2.2291220286492863,-0.7561732848064922,-0.07834058249086118,0.0,0.0,0.9919992263140548,1.2392366230972454,-0.19950781971345055
2023-01-11 00:00:00,-1,-1,0.4465901615015924,-0.0456801053916077,-0.6553697961912033,0.5192500104030243,2.2291220286492863,-0.7670607513947281,-0.10681967699681516,-0.10681967699681516,-0.00487953410311201,0.9871705227517374,1.2392366230972454,-0.20340433428727667
2023-01-12 00:00:00,1,1,0.555751571253287,0.0264082376287196,-0.6289615585624837,0.5331451536647828,2.2291220286492863,-0.7608272912776173,0.111503142506574,0.111503142506574,0.0029446014836625916,0.9900816304602595,1.2392366230972454,-0.20105522060368786
2023-01-13 00:00:00,0,0,0.493938426667899,0.0,-0.6289615585624837,0.5331451536647828,2.2291220286492863,-0.7608272912776173,-0.012123146664202,0.0,0.0,0.9900816304602595,1.2392366230972454,-0.20105522060368786
2023-01-14 00:00:00,-1,-1,0.4304329563411423,0.0049829189055334,-0.6239786396569503,0.5358084025965102,2.2291220286492863,-0.7596325388605227,-0.13913408731771537,-0.13913408731771537,0.0006932938740995787,0.9907682859890482,1.2392366230972454,-0.20050112502904893
2023-01-15 00:00:00,1,1,0.550015236991399,0.00856214546048,-0.6154164941964704,0.5404157683993258,2.2291220286492863,-0.7575656417846334,0.10003047398279796,0.10003047398279796,0.0008564754687214762,0.9916172182141032,1.2392366230972454,-0.19981608053534017
2023-01-16 00:00:00,0,0,0.4839985432285059,0.0,-0.6154164941964704,0.5404157683993258,2.2291220286492863,-0.7575656417846334,-0.03200291354298823,0.0,0.0,0.9916172182141032,1.2392366230972454,-0.19981608053534017
2023-01-17 00:00:00,0,0,0.4893915789467213,0.0,-0.6154164941964704,0.5404157683993258,2.2291220286492863,-0.7575656417846334,-0.021216842106557388,0.0,0.0,0.9916172182141032,1.2392366230972454,-0.19981608053534017
2023-01-18 00:00:00,0,0,0.4920037888741279,0.0,-0.6154164941964704,0.5404157683993258,2.2291220286492863,-0.7575656417846334,-0.015992422251744243,0.0,0.0,0.9916172182141032,1.2392366230972454,-0.19981608053534017
2023-01-19 00:00:00,1,1,0.5542777123106017,0.0162814265123684,-0.599135067684102,0.5492865263577871,2.2291220286492863,-0.7535861566579998,0.10855542462120349,0.10855542462120349,0.001767437168489072,0.993371389079237,1.2392366230972454,-0.19840055517687427
2023-01-20 00:00:00,0,0,0.4929863002669394,0.0,-0.599135067684102,0.5492865263577871,2.2291220286492863,-0.7535861566579998,-0.014027399466121193,0.0,0.0,0.993371389079237,1.2392366230972454,-0.19840055517687427
2023-01-21 00:00:00,0,0,0.5448165704390907,0.0,-0.599135067684102,0.5492865263577871,2.2291220286492863,-0.7535861566579998,0.08963314087818142,0.0,0.0,0.993371389079237,1.2392366230972454,-0.19840055517687427
2023-01-22 00:00:00,0,0,0.530109908117592,0.0,-0.599135067684102,0.5492865263577871,2.2291220286492863,-0.7535861566579998,0.06021981623518391,0.0,0.0,0.993371389079237,1.2392366230972454,-0.19840055517687427
2023-01-23 00:00:00,0,0,0.5309235194916436,0.0,-0.599135067684102,0.5492865263577871,2.2291220286492863,-0.7535861566579998,0.06184703898328725,0.0,0.0,0.993371389079237,1.2392366230972454,-0.19840055517687427
2023-01-24 00:00:00,0,0,0.4851890457893703,0.0,-0.599135067684102,0.5492865263577871,2.2291220286492863,-0.7535861566579998,-0.029621908421259446,0.0,0.0,0.993371389079237,1.2392366230972454,-0.19840055517687427
2023-01-25 00:00:00,1,1,0.5503627830845558,0.0246347022807357,-0.5745003654033662,0.5629860858741438,2.2291220286492863,-0.7474404368004566,0.10072556616911155,0.10072556616911155,0.0024813443346346073,0.9958393462071539,1.2392366230972454,-0.19640904114160584
2023-01-26 00:00:00,0,0,0.4942191040657093,0.0,-0.5745003654033662,0.5629860858741438,2.2291220286492863,-0.7474404368004566,-0.011561791868581417,0.0,0.0,0.9958393462071539,1.2392366230972454,-0.19640904114160584
2023-01-27 00:00:00,1,1,0.5650899452198406,0.008824430859707,-0.5656759345436592,0.567976102310184,2.2291220286492863,-0.7452018799283306,0.13017989043968115,0.13017989043968115,0.0011487634425091982,0.9969839873777768,1.2392366230972454,-0.1954853747898463
2023-01-28 00:00:00,0,0,0.4747108891892445,0.0,-0.5656759345436592,0.567976102310184,2.2291220286492863,-0.7452018799283306,-0.050578221621511044,0.0,0.0,0.9969839873777768,1.2392366230972454,-0.1954853747898463
2023-01-29 00:00:00,0,0,0.5298663747615939,0.0,-0.5656759345436592,0.567976102310184,2.2291220286492863,-0.7452018799283306,0.059732749523187856,0.0,0.0,0.9969839873777768,1.2392366230972454,-0.1954853747898463
2023-01-30 00:00:00,0,0,0.4811918224234657,0.0,-0.5656759345436592,0.567976102310184,2.2291220286492863,-0.7452018799283306,-0.037616355153068604,0.0,0.0,0.9969839873777768,1.2392366230972454,-0.1954853747898463
2023-01-31 00:00:00,1,1,0.5519724804807195,0.0102128072755191,-0.55546312726814,0.5738064542343703,2.2291220286492863,-0.7425863425780856,0.1039449609614389,0.1039449609614389,0.001061569853560532,0.9980429174879556,1.2392366230972454,-0.1946308728404671
2023-02-01 00:00:00,0,0,0.493869864483578,0.0,-0.55546312726814,0.5738064542343703,2.2291220286492863,-0.7425863425780856,-0.012260271032843995,0.0,0.0,0.9980429174879556,1.2392366230972454,-0.1946308728404671
2023-02-02 00:00:00,1,1,0.5549147186059833,-0.0276845931379273,-0.5831477204060672,0.5581387339203233,2.2291220286492863,-0.7496149933709453,0.10982943721196659,0.10982943721196659,-0.0030405832837808273,0.9950128937307562,1.2392366230972454,-0.19707594563828867
2023-02-03 00:00:00,1,1,0.5958344874166153,-0.0070297187703244,-0.5901774391763916,0.5542289340835396,2.2291220286492863,-0.7513689573919966,0.19166897483323053,0.19166897483323053,-0.0013473789900739956,0.9936731370455816,1.2392366230972454,-0.1981570601407201
2023-02-04 00:00:00,1,1,0.5553707606494681,-0.0061517919277211,-0.5963292311041127,0.5508298987992187,2.2291220286492863,-0.7528937888012401,0.11074152129893622,0.11074152129893622,-0.0006812587967903501,0.9929964190160631,1.2392366230972454,-0.198703136666305
2023-02-05 00:00:00,1,1,0.5846631609188887,-0.0112086442355236,-0.6075378753396363,0.5446903149131437,2.2291220286492863,-0.755648049809461,0.1693263218377774,0.1693263218377774,-0.0018979185011894176,0.9911135800434384,1.2392366230972454,-0.20022249054717955
2023-02-06 00:00:00,0,0,0.5436826229059276,0.0,-0.6075378753396363,0.5446903149131437,2.2291220286492863,-0.755648049809461,0.08736524581185523,0.0,0.0,0.9911135800434384,1.2392366230972454,-0.20022249054717955
2023-02-07 00:00:00,1,1,0.5570853189996894,0.0220388497142328,-0.5854990256254036,0.5568279210666122,2.2291220286492863,-0.7502030333422274,0.11417063799937877,0.11417063799937877,0.002516189532646385,0.9936105497663443,1.2392366230972454,-0.19820756484504432
2023-02-08 00:00:00,0,0,0.4831723478105684,0.0,-0.5854990256254036,0.5568279210666122,2.2291220286492863,-0.7502030333422274,-0.033655304378863216,0.0,0.0,0.9936105497663443,1.2392366230972454,-0.19820756484504432
2023-02-09 00:00:00,0,0,0.5308771137568279,0.0,-0.5854990256254036,0.5568279210666122,2.2291220286492863,-0.7502030333422274,0.06175422751365578,0.0,0.0,0.9936105497663443,1.2392366230972454,-0.19820756484504432
2023-02-10 00:00:00,0,0,0.5263486201954053,0.0,-0.5854990256254036,0.5568279210666122,2.2291220286492863,-0.7502030333422274,0.052697240390810585,0.0,0.0,0.9936105497663443,1.2392366230972454,-0.19820756484504432
2023-02-11 00:00:00,1,1,0.5505286832546362,0.0063032498562703,-0.5791957757691333,0.56034883151175,2.2291220286492863,-0.748623527868823,0.10105736650927244,0.10105736650927244,0.0006369898309246264,0.9942436712069969,1.2392366230972454,-0.1976966685167304
2023-02-12 00:00:00,0,0,0.4806390655553716,0.0,-0.5791957757691333,0.56034883151175,2.2291220286492863,-0.748623527868823,-0.03872186888925677,0.0,0.0,0.9942436712069969,1.2392366230972454,-0.1976966685167304
2023-02-13 00:00:00,0,0,0.5091400096025728,0.0,-0.5791957757691333,0.56034883151175,2.2291220286492863,-0.748623527868823,0.018280019205145548,0.0,0.0,0.9942436712069969,1.2392366230972454,-0.1976966685167304
2023-02-14 00:00:00,0,0,0.4933127180055381,0.0,-0.5791957757691333,0.56034883151175,2.2291220286492863,-0.748623527868823,-0.013374563988923782,0.0,0.0,0.9942436712069969,1.2392366230972454,-0.1976966685167304
2023-02-15 00:00:00,0,0,0.4775723484547641,0.0,-0.5791957757691333,0.56034883151175,2.2291220286492863,-0.748623527868823,-0.04485530309047181,0.0,0.0,0.9942436712069969,1.2392366230972454,-0.1976966685167304
2023-02-16 00:00:00,1,1,0.567875345366084,-0.0370230383641097,-0.616218814133243,0.5399823559451687,2.2291220286492863,-0.7577600736948593,0.13575069073216794,0.13575069073216794,-0.005025903030931445,0.9892592350648599,1.2392366230972454,-0.20171885124538413
2023-02-17 00:00:00,1,1,0.5954264066393719,0.0370374282946001,-0.5791813858386429,0.5603568949505018,2.2291220286492863,-0.7486199105528357,0.1908528132787437,0.1908528132787437,0.007068697386634171,0.996276782473826,1.2392366230972454,-0.1960560526497237
2023-02-18 00:00:00,0,0,0.4647210668319635,0.0,-0.5791813858386429,0.5603568949505018,2.2291220286492863,-0.7486199105528357,-0.07055786633607297,0.0,0.0,0.996276782473826,1.2392366230972454,-0.1960560526497237
2023-02-19 00:00:00,0,0,0.4742773650826853,0.0,-0.5791813858386429,0.5603568949505018,2.2291220286492863,-0.7486199105528357,-0.05144526983462938,0.0,0.0,0.996276782473826,1.2392366230972454,-0.1960560526497237
2023-02-20 00:00:00,1,1,0.5536885571375675,0.0253938025444497,-0.5537875832941931,0.5747686980968063,2.2291220286492863,-0.7421546731360052,0.10737711427513497,0.10737711427513497,0.0027267132376955884,0.9989970505751025,1.2392366230972454,-0.19386093668028304
2023-02-21 00:00:00,0,0,0.4775227745744658,0.0,-0.5537875832941931,0.5747686980968063,2.2291220286492863,-0.7421546731360052,-0.04495445085106842,0.0,0.0,0.9989970505751025,1.2392366230972454,-0.19386093668028304
2023-02-22 00:00:00,1,1,0.5520573790621466,-0.0126705131156697,-0.5664580964098628,0.5675320267541645,2.2291220286492863,-0.7454010953819092,0.10411475812429316,0.10411475812429316,-0.001319187408348635,0.9976800551179107,1.2392366230972454,-0.1949236840463996
2023-02-23 00:00:00,0,0,0.5073951427028336,0.0,-0.5664580964098628,0.5675320267541645,2.2291220286492863,-0.7454010953819092,0.01479028540566718,0.0,0.0,0.9976800551179107,1.2392366230972454,-0.1949236840463996
2023-02-24 00:00:00,1,1,0.55711743091266,-0.0346630807133411,-0.6011211771232039,0.548196665852393,2.2291220286492863,-0.7540750758339744,0.11423486182531994,0.11423486182531994,-0.003959732235728433,0.9937373204811036,1.2392366230972454,-0.19810526742064893
2023-02-25 00:00:00,1,1,0.557878057298803,-0.0039241164733066,-0.6050452935965105,0.5460496935250946,2.2291220286492863,-0.7550382228935364,0.11575611459760604,0.11575611459760604,-0.0004542404761784324,0.9932860272730327,1.2392366230972454,-0.1984694377491073
2023-02-26 00:00:00,0,0,0.4986801504474447,0.0,-0.6050452935965105,0.5460496935250946,2.2291220286492863,-0.7550382228935364,-0.0026396991051106378,0.0,0.0,0.9932860272730327,1.2392366230972454,-0.1984694377491073
2023-02-27 00:00:00,0,0,0.4826939603374873,0.0,-0.6050452935965105,0.5460496935250946,2.2291220286492863,-0.7550382228935364,-0.03461207932502541,0.0,0.0,0.9932860272730327,1.2392366230972454,-0.1984694377491073
2023-02-28 00:00:00,0,0,0.5038405768717285,0.0,-0.6050452935965105,0.5460496935250946,2.2291220286492863,-0.7550382228935364,0.007681153743456903,0.0,0.0,0.9932860272730327,1.2392366230972454,-0.1984694377491073
2023-03-01 00:00:00,1,1,0.5528655670501432,0.0206652535688193,-0.5843800400276912,0.5574513522308855,2.2291220286492863,-0.7499233576868525,0.10573113410028645,0.10573113410028645,0.0021849606963012564,0.9954586909307911,1.2392366230972454,-0.196716210304676
2023-03-02 00:00:00,0,0,0.4902223997837079,0.0,-0.5843800400276912,0.5574513522308855,2.2291220286492863,-0.7499233576868525,-0.019555200432584185,0.0,0.0,0.9954586909307911,1.2392366230972454,-0.196716210304676
2023-03-03 00:00:00,0,0,0.5092881082342379,0.0,-0.5843800400276912,0.5574513522308855,2.2291220286492863,-0.7499233576868525,0.018576216468475737,0.0,0.0,0.9954586909307911,1.2392366230972454,-0.196716210304676
2023-03-04 00:00:00,0,0,0.5094254349872209,0.0,-0.5843800400276912,0.5574513522308855,2.2291220286492863,-0.7499233576868525,0.018850869974441853,0.0,0.0,0.9954586909307911,1.2392366230972454,-0.196716210304676
2023-03-05 00:00:00,0,0,0.5365588794918719,0.0,-0.5843800400276912,0.5574513522308855,2.2291220286492863,-0.7499233576868525,0.07311775898374373,0.0,0.0,0.9954586909307911,1.2392366230972454,-0.196716210304676
2023-03-06 00:00:00,0,0,0.4809054897202572,0.0,-0.5843800400276912,0.5574513522308855,2.2291220286492863,-0.7499233576868525,-0.03818902055948559,0.0,0.0,0.9954586909307911,1.2392366230972454,-0.196716210304676
2023-03-07 00:00:00,0,0,0.4925795329438449,0.0,-0.5843800400276912,0.5574513522308855,2.2291220286492863,-0.7499233576868525,-0.014840934112310245,0.0,0.0,0.9954586909307911,1.2392366230972454,-0.196716210304676
2023-03-08 00:00:00,0,0,0.5200256322874459,0.0,-0.5843800400276912,0.5574513522308855,2.2291220286492863,-0.7499233576868525,0.04005126457489183,0.0,0.0,0.9954586909307911,1.2392366230972454,-0.196716210304676
2023-03-09 00:00:00,1,1,0.5569525145962998,-0.0774790265855112,-0.6618590666132024,0.5158913660308955,2.2291220286492863,-0.7685674631534216,0.1139050291925996,0.1139050291925996,-0.008825250785036853,0.9867121702250722,1.2392366230972454,-0.20377420112152145
2023-03-10 00:00:00,0,0,0.5289568505746638,0.0,-0.6618590666132024,0.5158913660308955,2.2291220286492863,-0.7685674631534216,0.05791370114932759,0.0,0.0,0.9867121702250722,1.2392366230972454,-0.20377420112152145
2023-03-11 00:00:00,-1,-1,0.3525935360942048,-0.012673762696257,-0.6745328293094593,0.5093943391341117,2.2291220286492863,-0.7714820756390919,-0.2948129278115904,-0.2948129278115904,-0.0037363890868728424,0.9830323086188217,1.2392366230972454,-0.20674365952652995
2023-03-12 00:00:00,0,0,0.4578773235884885,0.0,-0.6745328293094593,0.5093943391341117,2.2291220286492863,-0.7714820756390919,-0.08424535282302303,0.0,0.0,0.9830323086188217,1.2392366230972454,-0.20674365952652995
2023-03-13 00:00:00,1,1,0.5772895842443868,0.0728461988418985,-0.6016866304675609,0.5478867738373165,2.2291220286492863,-0.7542140955965058,0.15457916848877362,0.15457916848877362,0.011260504844548535,0.9941643070264592,1.2392366230972454,-0.1977607113145775
2023-03-14 00:00:00,-1,-1,0.4189086983034348,-0.0236555453080901,-0.625342175775651,0.5350783063562815,2.2291220286492863,-0.7599600652277854,-0.1621826033931304,-0.1621826033931304,-0.003836517922750203,0.9903574849842326,1.2392366230972454,-0.2008326202392121
2023-03-15 00:00:00,1,1,0.5676801236709474,-0.0221533416492593,-0.6474955174249103,0.5233548699285603,2.2291220286492863,-0.7652192822096502,0.1353602473418949,0.1353602473418949,-0.0029986818050932403,0.9873921662591607,1.2392366230972454,-0.20322547941542068
2023-03-16 00:00:00,1,1,0.5726307962477359,0.0281343341675824,-0.6193611832573279,0.5382881952954344,2.2291220286492863,-0.7585200862145691,0.14526159249547188,0.14526159249547188,0.004086838184982786,0.9914357353459997,1.2392366230972454,-0.19996252784388557
2023-03-17 00:00:00,0,0,0.4986623946854066,0.0,-0.6193611832573279,0.5382881952954344,2.2291220286492863,-0.7585200862145691,-0.0026752106291868527,0.0,0.0,0.9914357353459997,1.2392366230972454,-0.19996252784388557
2023-03-18 00:00:00,-1,-1,0.4323232262237002,0.0191074134710125,-0.6002537697863154,0.5486723819524016,2.2291220286492863,-0.7538616662072717,-0.13535354755259965,-0.13535354755259965,0.002586256197855874,0.9940031607401674,1.2392366230972454,-0.19789074805113638
2023-03-19 00:00:00,1,1,0.5945540267761764,0.0262471863358521,-0.5740065834504633,0.5632641468881894,2.2291220286492863,-0.7473156966514329,0.18910805355235283,0.18910805355235283,0.004963554319198902,0.9989492142700341,1.2392366230972454,-0.19389953810972493
2023-03-20 00:00:00,0,0,0.4911566574711,0.0,-0.5740065834504633,0.5632641468881894,2.2291220286492863,-0.7473156966514329,-0.017686685057800022,0.0,0.0,0.9989492142700341,1.2392366230972454,-0.19389953810972493
2023-03-21 00:00:00,0,0,0.4970421900039269,0.0,-0.5740065834504633,0.5632641468881894,2.2291220286492863,-0.7473156966514329,-0.005915619992146182,0.0,0.0,0.9989492142700341,1.2392366230972454,-0.19389953810972493
2023-03-22 00:00:00,0,0,0.4871398495782341,0.0,-0.5740065834504633,0.5632641468881894,2.2291220286492863,-0.7473156966514329,-0.02572030084353183,0.0,0.0,0.9989492142700341,1.2392366230972454,-0.19389953810972493
2023-03-23 00:00:00,1,1,0.5880567984854512,0.0304528108225129,-0.5435537726279503,0.5806809730816891,2.2291220286492863,-0.739502384517932,0.17611359697090245,0.17611359697090245,0.005363154051827172,1.0043211251126116,1.2392366230972454,-0.18956468329470877
2023-03-24 00:00:00,0,0,0.4944419312044253,0.0,-0.5435537726279503,0.5806809730816891,2.2291220286492863,-0.739502384517932,-0.011116137591149378,0.0,0.0,1.0043211251126116,1.2392366230972454,-0.18956468329470877
2023-03-25 02:00:00,1,1,0.5731582193995263,-0.0013631138684526,-0.5449168864964029,0.5798899780247786,2.2291220286492863,-0.7398572305275917,0.14631643879905254,0.14631643879905254,-0.0001994459669095846,1.0041208372886892,1.2392366230972454,-0.1897263052321092
2023-03-26 02:00:00,0,0,0.4882295107365414,0.0,-0.5449168864964029,0.5798899780247786,2.2291220286492863,-0.7398572305275917,-0.023540978526917167,0.0,0.0,1.0041208372886892,1.2392366230972454,-0.1897263052321092
2023-03-27 02:00:00,0,0,0.4834802340062094,0.0,-0.5449168864964029,0.5798899780247786,2.2291220286492863,-0.7398572305275917,-0.03303953198758125,0.0,0.0,1.0041208372886892,1.2392366230972454,-0.1897263052321092
2023-03-28 02:00:00,1,1,0.5554315613188042,0.0121327648621348,-0.532784121634268,0.5869685009692721,2.2291220286492863,-0.7366817547781628,0.11086312263760845,0.11086312263760845,0.0013450761988441167,1.0054723650778516,1.2392366230972454,-0.18863569205624564
2023-03-29 02:00:00,0,0,0.4816630652946176,0.0,-0.532784121634268,0.5869685009692721,2.2291220286492863,-0.7366817547781628,-0.03667386941076478,0.0,0.0,1.0054723650778516,1.2392366230972454,-0.18863569205624564
2023-03-30 02:00:00,0,0,0.5018813519897182,0.0,-0.532784121634268,0.5869685009692721,2.2291220286492863,-0.7366817547781628,0.0037627039794363437,0.0,0.0,1.0054723650778516,1.2392366230972454,-0.18863569205624564
2023-03-31 02:00:00,1,1,0.5837043909140229,0.0143914142101317,-0.5183927074241362,0.595476884783793,2.2291220286492863,-0.7328648332704262,0.16740878182804586,0.16740878182804586,0.0024092491217009766,1.0078977189580027,1.2392366230972454,-0.18667855664324484
2023-04-01 02:00:00,0,0,0.4742592585444034,0.0,-0.5183927074241362,0.595476884783793,2.2291220286492863,-0.7328648332704262,-0.051481482911193255,0.0,0.0,1.0078977189580027,1.2392366230972454,-0.18667855664324484
2023-04-02 02:00:00,0,0,0.5045477647273736,0.0,-0.5183927074241362,0.595476884783793,2.2291220286492863,-0.7328648332704262,0.009095529454747231,0.0,0.0,1.0078977189580027,1.2392366230972454,-0.18667855664324484
2023-04-03 02:00:00,0,0,0.5469691870850616,0.0,-0.5183927074241362,0.595476884783793,2.2291220286492863,-0.7328648332704262,0.09393837417012318,0.0,0.0,1.0078977189580027,1.2392366230972454,-0.18667855664324484
2023-04-04 02:00:00,0,0,0.5208179015265865,0.0,-0.5183927074241362,0.595476884783793,2.2291220286492863,-0.7328648332704262,0.04163580305317294,0.0,0.0,1.0078977189580027,1.2392366230972454,-0.18667855664324484
2023-04-05 02:00:00,0,0,0.4898514251833616,0.0,-0.5183927074241362,0.595476884783793,2.2291220286492863,-0.7328648332704262,-0.02029714963327678,0.0,0.0,1.0078977189580027,1.2392366230972454,-0.18667855664324484
2023-04-06 02:00:00,1,1,0.5502659985403829,-0.0018031118785409,-0.5201958193026771,0.5944041407688241,2.2291220286492863,-0.7333460738670295,0.10053199708076588,0.10053199708076588,-0.00018127043810976806,1.0077150334551581,1.2392366230972454,-0.1868259744159605
2023-04-07 02:00:00,0,0,0.4943228546892632,0.0,-0.5201958193026771,0.5944041407688241,2.2291220286492863,-0.7333460738670295,-0.01135429062147364,0.0,0.0,1.0077150334551581,1.2392366230972454,-0.1868259744159605
2023-04-08 02:00:00,0,0,0.5019139040831548,0.0,-0.5201958193026771,0.5944041407688241,2.2291220286492863,-0.7333460738670295,0.0038278081663096764,0.0,0.0,1.0077150334551581,1.2392366230972454,-0.1868259744159605
2023-04-09 02:00:00,0,0,0.487606384336747,0.0,-0.5201958193026771,0.5944041407688241,2.2291220286492863,-0.7333460738670295,-0.024787231326505954,0.0,0.0,1.0077150334551581,1.2392366230972454,-0.1868259744159605
2023-04-10 02:00:00,0,0,0.4762332519659076,0.0,-0.5201958193026771,0.5944041407688241,2.2291220286492863,-0.7333460738670295,-0.0475334960681848,0.0,0.0,1.0077150334551581,1.2392366230972454,-0.1868259744159605
2023-04-11 02:00:00,0,0,0.5293330981786729,0.0,-0.5201958193026771,0.5944041407688241,2.2291220286492863,-0.7333460738670295,0.05866619635734582,0.0,0.0,1.0077150334551581,1.2392366230972454,-0.1868259744159605
2023-04-12 02:00:00,0,0,0.5347763685031269,0.0,-0.5201958193026771,0.5944041407688241,2.2291220286492863,-0.7333460738670295,0.06955273700625386,0.0,0.0,1.0077150334551581,1.2392366230972454,-0.1868259744159605
2023-04-13 02:00:00,0,0,0.4893643282085651,0.0,-0.5201958193026771,0.5944041407688241,2.2291220286492863,-0.7333460738670295,-0.02127134358286975,0.0,0.0,1.0077150334551581,1.2392366230972454,-0.1868259744159605
2023-04-14 02:00:00,0,0,0.5045249303218504,0.0,-0.5201958193026771,0.5944041407688241,2.2291220286492863,-0.7333460738670295,0.009049860643700836,0.0,0.0,1.0077150334551581,1.2392366230972454,-0.1868259744159605
2023-04-15 02:00:00,1,1,0.560273352186019,-0.0048190013469716,-0.5250148206496487,0.5915465971969798,2.2291220286492863,-0.7346279882418902,0.12054670437203807,0.12054670437203807,-0.0005809147307418387,1.0071298069476413,1.2392366230972454,-0.1872982220050078
2023-04-16 02:00:00,1,1,0.5890298627271665,-0.0091016696153392,-0.5341164902649879,0.586186963315103,2.2291220286492863,-0.7370323581296727,0.17805972545433302,0.17805972545433302,-0.0016206407928833425,1.0054989331860005,1.2392366230972454,-0.18861425296410328
2023-04-17 02:00:00,0,0,0.5494244613172027,0.0,-0.5341164902649879,0.586186963315103,2.2291220286492863,-0.7370323581296727,0.09884892263440537,0.0,0.0,1.0054989331860005,1.2392366230972454,-0.18861425296410328
2023-04-18 02:00:00,0,0,0.5285985727368802,0.0,-0.5341164902649879,0.586186963315103,2.2291220286492863,-0.7370323581296727,0.057197145473760314,0.0,0.0,1.0054989331860005,1.2392366230972454,-0.18861425296410328
2023-04-19 02:00:00,0,0,0.4758551142714076,0.0,-0.5341164902649879,0.586186963315103,2.2291220286492863,-0.7370323581296727,-0.04828977145718483,0.0,0.0,1.0054989331860005,1.2392366230972454,-0.18861425296410328
2023-04-20 02:00:00,1,1,0.5576304696844232,-0.0183743409594634,-0.5524908312244513,0.5755145140603718,2.2291220286492863,-0.7418200947890238,0.1152609393688464,0.1152609393688464,-0.002117843799271222,1.0033716968773927,1.2392366230972454,-0.19033082288219616
2023-04-21 02:00:00,0,0,0.5413433461646225,0.0,-0.5524908312244513,0.5755145140603718,2.2291220286492863,-0.7418200947890238,0.08268669232924508,0.0,0.0,1.0033716968773927,1.2392366230972454,-0.19033082288219616
2023-04-22 02:00:00,0,0,0.5302550982044907,0.0,-0.5524908312244513,0.5755145140603718,2.2291220286492863,-0.7418200947890238,0.060510196408981365,0.0,0.0,1.0033716968773927,1.2392366230972454,-0.19033082288219616
2023-04-23 02:00:00,0,0,0.4739222214756674,0.0,-0.5524908312244513,0.5755145140603718,2.2291220286492863,-0.7418200947890238,-0.052155557048665147,0.0,0.0,1.0033716968773927,1.2392366230972454,-0.19033082288219616
2023-04-24 02:00:00,0,0,0.4888261442502857,0.0,-0.5524908312244513,0.5755145140603718,2.2291220286492863,-0.7418200947890238,-0.022347711499428602,0.0,0.0,1.0033716968773927,1.2392366230972454,-0.19033082288219616
2023-04-25 02:00:00,0,0,0.516431407077328,0.0,-0.5524908312244513,0.5755145140603718,2.2291220286492863,-0.7418200947890238,0.032862814154656084,0.0,0.0,1.0033716968773927,1.2392366230972454,-0.19033082288219616
2023-04-26 02:00:00,0,0,0.5049708909073158,0.0,-0.5524908312244513,0.5755145140603718,2.2291220286492863,-0.7418200947890238,0.009941781814631678,0.0,0.0,1.0033716968773927,1.2392366230972454,-0.19033082288219616
2023-04-27 02:00:00,0,0,0.543406342678735,0.0,-0.5524908312244513,0.5755145140603718,2.2291220286492863,-0.7418200947890238,0.08681268535747,0.0,0.0,1.0033716968773927,1.2392366230972454,-0.19033082288219616
2023-04-28 02:00:00,0,0,0.4966936571262092,0.0,-0.5524908312244513,0.5755145140603718,2.2291220286492863,-0.7418200947890238,-0.006612685747581559,0.0,0.0,1.0033716968773927,1.2392366230972454,-0.19033082288219616
2023-04-29 02:00:00,0,0,0.4822016305229473,0.0,-0.5524908312244513,0.5755145140603718,2.2291220286492863,-0.7418200947890238,-0.03559673895410542,0.0,0.0,1.0033716968773927,1.2392366230972454,-0.19033082288219616
2023-04-30 02:00:00,0,0,0.5432970378880454,0.0,-0.5524908312244513,0.5755145140603718,2.2291220286492863,-0.7418200947890238,0.0865940757760908,0.0,0.0,1.0033716968773927,1.2392366230972454,-0.19033082288219616
2023-05-01 02:00:00,0,0,0.5377193929803656,0.0,-0.5524908312244513,0.5755145140603718,2.2291220286492863,-0.7418200947890238,0.07543878596073128,0.0,0.0,1.0033716968773927,1.2392366230972454,-0.19033082288219616
2023-05-02 02:00:00,1,1,0.5665245383998151,0.0166977480803371,-0.5357930831441142,0.5852049898414632,2.2291220286492863,-0.7374728784156952,0.13304907679963018,0.13304907679963018,0.0022216199667216482,1.0056032854262063,1.2392366230972454,-0.18853004609169421
2023-05-03 02:00:00,0,0,0.4859023017261426,0.0,-0.5357930831441142,0.5852049898414632,2.2291220286492863,-0.7374728784156952,-0.028195396547714746,0.0,0.0,1.0056032854262063,1.2392366230972454,-0.18853004609169421
2023-05-04 02:00:00,0,0,0.4948976754715251,0.0,-0.5357930831441142,0.5852049898414632,2.2291220286492863,-0.7374728784156952,-0.010204649056949844,0.0,0.0,1.0056032854262063,1.2392366230972454,-0.18853004609169421
2023-05-05 02:00:00,0,0,0.5025445330543454,0.0,-0.5357930831441142,0.5852049898414632,2.2291220286492863,-0.7374728784156952,0.005089066108690865,0.0,0.0,1.0056032854262063,1.2392366230972454,-0.18853004609169421
2023-05-06 02:00:00,0,0,0.4739247170090137,0.0,-0.5357930831441142,0.5852049898414632,2.2291220286492863,-0.7374728784156952,-0.05215056598197265,0.0,0.0,1.0056032854262063,1.2392366230972454,-0.18853004609169421
2023-05-07 02:00:00,1,1,0.5559877785723865,-0.0196068072917702,-0.5553998904358844,0.5738427410841844,2.2291220286492863,-0.7425700640391147,0.11197555714477292,0.11197555714477292,-0.002195483170326164,1.0033979221418636,1.2392366230972454,-0.1903096604472082
2023-05-08 02:00:00,0,0,0.5452228583991277,0.0,-0.5553998904358844,0.5738427410841844,2.2291220286492863,-0.7425700640391147,0.0904457167982553,0.0,0.0,1.0033979221418636,1.2392366230972454,-0.1903096604472082
2023-05-09 02:00:00,1,1,0.5565225031224387,9.16003368393e-05,-0.5553082900990451,0.5738953076800828,2.2291220286492863,-0.7425464822902366,0.11304500624487734,0.11304500624487734,1.0354960650031545e-05,1.0034083123416586,1.2392366230972454,-0.19030127609219372
2023-05-10 02:00:00,0,0,0.4814145703859915,0.0,-0.5553082900990451,0.5738953076800828,2.2291220286492863,-0.7425464822902366,-0.037170859228016995,0.0,0.0,1.0034083123416586,1.2392366230972454,-0.19030127609219372
2023-05-11 02:00:00,1,1,0.5596354987997446,-0.0326537711733181,-0.5879620612723633,0.5554581216726665,2.2291220286492863,-0.7508175350950882,0.11927099759948923,0.11927099759948923,-0.0038946478632270933,0.9995079904223647,1.2392366230972454,-0.19344863459225625
2023-05-12 02:00:00,1,1,0.5732865633162102,0.0039877842300587,-0.5839742770423045,0.5576775912523808,2.2291220286492863,-0.7498218652523478,0.1465731266324204,0.1465731266324204,0.0005845020029351629,1.0000923756152367,1.2392366230972454,-0.19297706590070862
2023-05-13 02:00:00,0,0,0.4660210543253106,0.0,-0.5839742770423045,0.5576775912523808,2.2291220286492863,-0.7498218652523478,-0.0679578913493788,0.0,0.0,1.0000923756152367,1.2392366230972454,-0.19297706590070862
2023-05-14 02:00:00,1,1,0.5589936559970128,0.0120226911557577,-0.5719515858865468,0.5644228434894665,2.2291220286492863,-0.7467958971131461,0.11798731199402557,0.11798731199402557,0.0014185250124021957,1.0015120383402465,1.2392366230972454,-0.19183147134794143
2023-05-15 02:00:00,0,0,0.4848044775057999,0.0,-0.5719515858865468,0.5644228434894665,2.2291220286492863,-0.7467958971131461,-0.030391044988400173,0.0,0.0,1.0015120383402465,1.2392366230972454,-0.19183147134794143
2023-05-16 02:00:00,0,0,0.5124764305484739,0.0,-0.5719515858865468,0.5644228434894665,2.2291220286492863,-0.7467958971131461,0.02495286109694783,0.0,0.0,1.0015120383402465,1.2392366230972454,-0.19183147134794143
2023-05-17 02:00:00,0,0,0.4894325221586715,0.0,-0.5719515858865468,0.5644228434894665,2.2291220286492863,-0.7467958971131461,-0.021134955682656997,0.0,0.0,1.0015120383402465,1.2392366230972454,-0.19183147134794143
2023-05-18 02:00:00,0,0,0.4821201339707461,0.0,-0.5719515858865468,0.5644228434894665,2.2291220286492863,-0.7467958971131461,-0.0357597320585078,0.0,0.0,1.0015120383402465,1.2392366230972454,-0.19183147134794143
2023-05-19 02:00:00,1,1,0.5720344545989738,0.0004011494848093,-0.5715504364017375,0.5646493068421387,2.2291220286492863,-0.7466943040420797,0.14406890919794768,0.14406890919794768,5.779316870179455e-05,1.0015699205670177,1.2392366230972454,-0.19178476337813777
2023-05-20 02:00:00,1,1,0.5588845445355466,0.0111801596429648,-0.5603702767587726,0.5709975975610133,2.2291220286492863,-0.7438464156639268,0.11776908907109318,0.11776908907109318,0.0013166772168213628,1.0028895334239294,1.2392366230972454,-0.19071990390552662
2023-05-21 02:00:00,0,0,0.4631729685928248,0.0,-0.5603702767587726,0.5709975975610133,2.2291220286492863,-0.7438464156639268,-0.07365406281435039,0.0,0.0,1.0028895334239294,1.2392366230972454,-0.19071990390552662
2023-05-22 02:00:00,0,0,0.5019041790227092,0.0,-0.5603702767587726,0.5709975975610133,2.2291220286492863,-0.7438464156639268,0.0038083580454184585,0.0,0.0,1.0028895334239294,1.2392366230972454,-0.19071990390552662
2023-05-23 02:00:00,0,0,0.4918838540770493,0.0,-0.5603702767587726,0.5709975975610133,2.2291220286492863,-0.7438464156639268,-0.01623229184590136,0.0,0.0,1.0028895334239294,1.2392366230972454,-0.19071990390552662
2023-05-24 02:00:00,0,0,0.4744227078155957,0.0,-0.5603702767587726,0.5709975975610133,2.2291220286492863,-0.7438464156639268,-0.0511545843688086,0.0,0.0,1.0028895334239294,1.2392366230972454,-0.19071990390552662
2023-05-25 02:00:00,0,0,0.5477797302913773,0.0,-0.5603702767587726,0.5709975975610133,2.2291220286492863,-0.7438464156639268,0.09555946058275455,0.0,0.0,1.0028895334239294,1.2392366230972454,-0.19071990390552662
2023-05-26 02:00:00,0,0,0.484966389391011,0.0,-0.5603702767587726,0.5709975975610133,2.2291220286492863,-0.7438464156639268,-0.030067221217978002,0.0,0.0,1.0028895334239294,1.2392366230972454,-0.19071990390552662
2023-05-27 02:00:00,0,0,0.4616074462922135,0.0,-0.5603702767587726,0.5709975975610133,2.2291220286492863,-0.7438464156639268,-0.07678510741557298,0.0,0.0,1.0028895334239294,1.2392366230972454,-0.19071990390552662
2023-05-28 02:00:00,0,0,0.4575059333803647,0.0,-0.5603702767587726,0.5709975975610133,2.2291220286492863,-0.7438464156639268,-0.08498813323927057,0.0,0.0,1.0028895334239294,1.2392366230972454,-0.19071990390552662
2023-05-29 02:00:00,0,0,0.4965627576411151,0.0,-0.5603702767587726,0.5709975975610133,2.2291220286492863,-0.7438464156639268,-0.006874484717769747,0.0,0.0,1.0028895334239294,1.2392366230972454,-0.19071990390552662
2023-05-30 02:00:00,0,0,0.4899445164535532,0.0,-0.5603702767587726,0.5709975975610133,2.2291220286492863,-0.7438464156639268,-0.020110967092893617,0.0,0.0,1.0028895334239294,1.2392366230972454,-0.19071990390552662
2023-05-31 02:00:00,0,0,0.4896723615774302,0.0,-0.5603702767587726,0.5709975975610133,2.2291220286492863,-0.7438464156639268,-0.02065527684513957,0.0,0.0,1.0028895334239294,1.2392366230972454,-0.19071990390552662
2023-06-01 02:00:00,1,1,0.5546437824132101,0.007970003289755,-0.5524002734690177,0.5755666337228688,2.2291220286492863,-0.741796713537649,0.10928756482642021,0.10928756482642021,0.0008710222511958817,1.0037634530695094,1.2392366230972454,-0.19001469585301134
2023-06-02 02:00:00,0,0,0.4962080534506951,0.0,-0.5524002734690177,0.5755666337228688,2.2291220286492863,-0.741796713537649,-0.007583893098609851,0.0,0.0,1.0037634530695094,1.2392366230972454,-0.19001469585301134
2023-06-03 02:00:00,0,0,0.4758302194877504,0.0,-0.5524002734690177,0.5755666337228688,2.2291220286492863,-0.741796713537649,-0.04833956102449921,0.0,0.0,1.0037634530695094,1.2392366230972454,-0.19001469585301134
2023-06-04 02:00:00,0,0,0.5404533375331048,0.0,-0.5524002734690177,0.5755666337228688,2.2291220286492863,-0.741796713537649,0.08090667506620952,0.0,0.0,1.0037634530695094,1.2392366230972454,-0.19001469585301134
2023-06-05 02:00:00,0,0,0.4921787829679035,0.0,-0.5524002734690177,0.5755666337228688,2.2291220286492863,-0.741796713537649,-0.015642434064192967,0.0,0.0,1.0037634530695094,1.2392366230972454,-0.19001469585301134
2023-06-06 02:00:00,0,0,0.5350940007789476,0.0,-0.5524002734690177,0.5755666337228688,2.2291220286492863,-0.741796713537649,0.07018800155789529,0.0,0.0,1.0037634530695094,1.2392366230972454,-0.19001469585301134
2023-06-07 02:00:00,0,0,0.4885448709939795,0.0,-0.5524002734690177,0.5755666337228688,2.2291220286492863,-0.741796713537649,-0.02291025801204105,0.0,0.0,1.0037634530695094,1.2392366230972454,-0.19001469585301134
2023-06-08 02:00:00,1,1,0.5537146300913319,0.0016871552437941,-0.5507131182252235,0.5765385236211367,2.2291220286492863,-0.7413607168152727,0.10742926018266385,0.10742926018266385,0.00018124983965410202,1.003945401522995,1.2392366230972454,-0.18986787284109075
2023-06-09 02:00:00,0,0,0.5217111027768001,0.0,-0.5507131182252235,0.5765385236211367,2.2291220286492863,-0.7413607168152727,0.04342220555360021,0.0,0.0,1.003945401522995,1.2392366230972454,-0.18986787284109075
2023-06-10 02:00:00,1,1,0.5628824333546838,-0.0225082530525624,-0.5732213712777859,0.5637066024407683,2.2291220286492863,-0.7471172079429225,0.1257648667093676,0.1257648667093676,-0.0028307474450162263,1.0011075042230002,1.2392366230972454,-0.19215790950325928
2023-06-11 02:00:00,0,0,0.5094394543366877,0.0,-0.5732213712777859,0.5637066024407683,2.2291220286492863,-0.7471172079429225,0.018878908673375383,0.0,0.0,1.0011075042230002,1.2392366230972454,-0.19215790950325928
2023-06-12 02:00:00,0,0,0.5131281460169379,0.0,-0.5732213712777859,0.5637066024407683,2.2291220286492863,-0.7471172079429225,0.026256292033875805,0.0,0.0,1.0011075042230002,1.2392366230972454,-0.19215790950325928
2023-06-13 02:00:00,0,0,0.4861041771477142,0.0,-0.5732213712777859,0.5637066024407683,2.2291220286492863,-0.7471172079429225,-0.0277916457045716,0.0,0.0,1.0011075042230002,1.2392366230972454,-0.19215790950325928
2023-06-14 02:00:00,0,0,0.4949906269886484,0.0,-0.5732213712777859,0.5637066024407683,2.2291220286492863,-0.7471172079429225,-0.010018746022703251,0.0,0.0,1.0011075042230002,1.2392366230972454,-0.19215790950325928
2023-06-15 02:00:00,1,1,0.5592901927690761,0.0176064756797472,-0.5556148955980388,0.5737193751952133,2.2291220286492863,-0.7426254068545306,0.1185803855381522,0.1185803855381522,0.0020877826740725233,1.0031997824763528,1.2392366230972454,-0.19046954893163315
2023-06-16 02:00:00,0,0,0.4882203200630035,0.0,-0.5556148955980388,0.5737193751952133,2.2291220286492863,-0.7426254068545306,-0.023559359873993047,0.0,0.0,1.0031997824763528,1.2392366230972454,-0.19046954893163315
2023-06-17 02:00:00,0,0,0.4668824395688161,0.0,-0.5556148955980388,0.5737193751952133,2.2291220286492863,-0.7426254068545306,-0.06623512086236782,0.0,0.0,1.0031997824763528,1.2392366230972454,-0.19046954893163315
2023-06-18 02:00:00,0,0,0.4843036569662358,0.0,-0.5556148955980388,0.5737193751952133,2.2291220286492863,-0.7426254068545306,-0.03139268606752843,0.0,0.0,1.0031997824763528,1.2392366230972454,-0.19046954893163315
2023-06-19 02:00:00,0,0,0.491953821413354,0.0,-0.5556148955980388,0.5737193751952133,2.2291220286492863,-0.7426254068545306,-0.01609235717329205,0.0,0.0,1.0031997824763528,1.2392366230972454,-0.19046954893163315
2023-06-20 02:00:00,0,0,0.478843392413433,0.0,-0.5556148955980388,0.5737193751952133,2.2291220286492863,-0.7426254068545306,-0.04231321517313402,0.0,0.0,1.0031997824763528,1.2392366230972454,-0.19046954893163315
2023-06-21 02:00:00,1,1,0.5674955221571448,0.055816732530092,-0.4997981630679466,0.6066530923554849,2.2291220286492863,-0.7278511070463558,0.13499104431428965,0.13499104431428965,0.0075347590144485025,1.0107871998650293,1.2392366230972454,-0.18434689467234155
2023-06-22 02:00:00,0,0,0.4721087061800682,0.0,-0.4997981630679466,0.6066530923554849,2.2291220286492863,-0.7278511070463558,-0.055782587639863546,0.0,0.0,1.0107871998650293,1.2392366230972454,-0.18434689467234155
2023-06-23 02:00:00,1,1,0.5579031234190053,0.0244103502530371,-0.4753878128149095,0.6216439282300541,2.2291220286492863,-0.7211261114283937,0.11580624683801055,0.11580624683801055,0.0028268710468055077,1.0136486074444224,1.2392366230972454,-0.18203788642802288
2023-06-24 02:00:00,0,0,0.4673256165270599,0.0,-0.4753878128149095,0.6216439282300541,2.2291220286492863,-0.7211261114283937,-0.06534876694588021,0.0,0.0,1.0136486074444224,1.2392366230972454,-0.18203788642802288
2023-06-25 02:00:00,0,0,0.5113346958334267,0.0,-0.4753878128149095,0.6216439282300541,2.2291220286492863,-0.7211261114283937,0.022669391666853445,0.0,0.0,1.0136486074444224,1.2392366230972454,-0.18203788642802288
2023-06-26 02:00:00,0,0,0.5089086380755815,0.0,-0.4753878128149095,0.6216439282300541,2.2291220286492863,-0.7211261114283937,0.01781727615116302,0.0,0.0,1.0136486074444224,1.2392366230972454,-0.18203788642802288
2023-06-27 02:00:00,0,0,0.4866289897273037,0.0,-0.4753878128149095,0.6216439282300541,2.2291220286492863,-0.7211261114283937,-0.026742020545392653,0.0,0.0,1.0136486074444224,1.2392366230972454,-0.18203788642802288
2023-06-28 02:00:00,0,0,0.519258976513772,0.0,-0.4753878128149095,0.6216439282300541,2.2291220286492863,-0.7211261114283937,0.038517953027543905,0.0,0.0,1.0136486074444224,1.2392366230972454,-0.18203788642802288
2023-06-29 02:00:00,0,0,0.5201323568946965,0.0,-0.4753878128149095,0.6216439282300541,2.2291220286492863,-0.7211261114283937,0.040264713789393,0.0,0.0,1.0136486074444224,1.2392366230972454,-0.18203788642802288
2023-06-30 02:00:00,0,0,0.4979949206951173,0.0,-0.4753878128149095,0.6216439282300541,2.2291220286492863,-0.7211261114283937,-0.004010158609765391,0.0,0.0,1.0136486074444224,1.2392366230972454,-0.18203788642802288
2023-07-01 02:00:00,0,0,0.5470267838963616,0.0,-0.4753878128149095,0.6216439282300541,2.2291220286492863,-0.7211261114283937,0.09405356779272322,0.0,0.0,1.0136486074444224,1.2392366230972454,-0.18203788642802288
2023-07-02 02:00:00,0,0,0.5327728074827115,0.0,-0.4753878128149095,0.6216439282300541,2.2291220286492863,-0.7211261114283937,0.065545614965423,0.0,0.0,1.0136486074444224,1.2392366230972454,-0.18203788642802288
2023-07-03 02:00:00,0,0,0.4886289514913021,0.0,-0.4753878128149095,0.6216439282300541,2.2291220286492863,-0.7211261114283937,-0.022742097017395824,0.0,0.0,1.0136486074444224,1.2392366230972454,-0.18203788642802288
2023-07-04 02:00:00,0,0,0.478194957996909,0.0,-0.4753878128149095,0.6216439282300541,2.2291220286492863,-0.7211261114283937,-0.04361008400618205,0.0,0.0,1.0136486074444224,1.2392366230972454,-0.18203788642802288
2023-07-05 02:00:00,0,0,0.5014361241745194,0.0,-0.4753878128149095,0.6216439282300541,2.2291220286492863,-0.7211261114283937,0.002872248349038875,0.0,0.0,1.0136486074444224,1.2392366230972454,-0.18203788642802288
2023-07-06 02:00:00,0,0,0.5178807941706712,0.0,-0.4753878128149095,0.6216439282300541,2.2291220286492863,-0.7211261114283937,0.035761588341342465,0.0,0.0,1.0136486074444224,1.2392366230972454,-0.18203788642802288
2023-07-07 02:00:00,1,1,0.5760014688428823,0.0073509145808889,-0.4680368982340206,0.6262304164347943,2.2291220286492863,-0.719068580191524,0.15200293768576456,0.15200293768576456,0.0011173606109722337,1.014781851474965,1.2392366230972454,-0.1811234169801218
2023-07-08 02:00:00,0,0,0.4866232419487333,0.0,-0.4680368982340206,0.6262304164347943,2.2291220286492863,-0.719068580191524,-0.026753516102533403,0.0,0.0,1.014781851474965,1.2392366230972454,-0.1811234169801218
2023-07-09 02:00:00,0,0,0.5314851648122463,0.0,-0.4680368982340206,0.6262304164347943,2.2291220286492863,-0.719068580191524,0.06297032962449256,0.0,0.0,1.014781851474965,1.2392366230972454,-0.1811234169801218
2023-07-10 02:00:00,0,0,0.5253788970004846,0.0,-0.4680368982340206,0.6262304164347943,2.2291220286492863,-0.719068580191524,0.050757794000969136,0.0,0.0,1.014781851474965,1.2392366230972454,-0.1811234169801218
2023-07-11 02:00:00,0,0,0.4913095946743609,0.0,-0.4680368982340206,0.6262304164347943,2.2291220286492863,-0.719068580191524,-0.017380810651278167,0.0,0.0,1.014781851474965,1.2392366230972454,-0.1811234169801218
2023-07-12 02:00:00,0,0,0.4729286677856799,0.0,-0.4680368982340206,0.6262304164347943,2.2291220286492863,-0.719068580191524,-0.05414266442864024,0.0,0.0,1.014781851474965,1.2392366230972454,-0.1811234169801218
2023-07-13 02:00:00,0,0,0.5365571421512614,0.0,-0.4680368982340206,0.6262304164347943,2.2291220286492863,-0.719068580191524,0.07311428430252276,0.0,0.0,1.014781851474965,1.2392366230972454,-0.1811234169801218
2023-07-14 02:00:00,0,0,0.4954035486286045,0.0,-0.4680368982340206,0.6262304164347943,2.2291220286492863,-0.719068580191524,-0.009192902742791054,0.0,0.0,1.014781851474965,1.2392366230972454,-0.1811234169801218
2023-07-15 02:00:00,1,1,0.5695228799736715,-0.0022124076694039,-0.4702493059034245,0.6248464709489686,2.2291220286492863,-0.7196894279818373,0.13904575994734292,0.13904575994734292,-0.0003076259057055951,1.0144697263001674,1.2392366230972454,-0.18137528588794782
2023-07-16 02:00:00,1,1,0.5822289841282613,-0.0006694979644042,-0.4709188038678287,0.6244282775140504,2.2291220286492863,-0.7198770325317648,0.1644579682565226,0.1644579682565226,-0.0001101042749777924,1.0143580349954242,1.2392366230972454,-0.18146541500668234
2023-07-17 02:00:00,0,0,0.5375686060759532,0.0,-0.4709188038678287,0.6244282775140504,2.2291220286492863,-0.7198770325317648,0.0751372121519065,0.0,0.0,1.0143580349954242,1.2392366230972454,-0.18146541500668234
2023-07-18 02:00:00,0,0,0.5140794776493908,0.0,-0.4709188038678287,0.6244282775140504,2.2291220286492863,-0.7198770325317648,0.02815895529878154,0.0,0.0,1.0143580349954242,1.2392366230972454,-0.18146541500668234
2023-07-19 02:00:00,0,0,0.4918757368661388,0.0,-0.4709188038678287,0.6244282775140504,2.2291220286492863,-0.7198770325317648,-0.01624852626772244,0.0,0.0,1.0143580349954242,1.2392366230972454,-0.18146541500668234
2023-07-20 02:00:00,0,0,0.486864840059369,0.0,-0.4709188038678287,0.6244282775140504,2.2291220286492863,-0.7198770325317648,-0.02627031988126205,0.0,0.0,1.0143580349954242,1.2392366230972454,-0.18146541500668234
2023-07-21 02:00:00,0,0,0.53019273970711,0.0,-0.4709188038678287,0.6244282775140504,2.2291220286492863,-0.7198770325317648,0.06038547941422001,0.0,0.0,1.0143580349954242,1.2392366230972454,-0.18146541500668234
2023-07-22 02:00:00,0,0,0.4854781746105034,0.0,-0.4709188038678287,0.6244282775140504,2.2291220286492863,-0.7198770325317648,-0.02904365077899318,0.0,0.0,1.0143580349954242,1.2392366230972454,-0.18146541500668234
2023-07-23 02:00:00,0,0,0.5140061181931588,0.0,-0.4709188038678287,0.6244282775140504,2.2291220286492863,-0.7198770325317648,0.028012236386317557,0.0,0.0,1.0143580349954242,1.2392366230972454,-0.18146541500668234
2023-07-24 02:00:00,0,0,0.5013480571364811,0.0,-0.4709188038678287,0.6244282775140504,2.2291220286492863,-0.7198770325317648,0.0026961142729622356,0.0,0.0,1.0143580349954242,1.2392366230972454,-0.18146541500668234
2023-07-25 02:00:00,0,0,0.5392556409714045,0.0,-0.4709188038678287,0.6244282775140504,2.2291220286492863,-0.7198770325317648,0.0785112819428091,0.0,0.0,1.0143580349954242,1.2392366230972454,-0.18146541500668234
2023-07-26 02:00:00,0,0,0.4797232461752153,0.0,-0.4709188038678287,0.6244282775140504,2.2291220286492863,-0.7198770325317648,-0.04055350764956944,0.0,0.0,1.0143580349954242,1.2392366230972454,-0.18146541500668234
2023-07-27 02:00:00,0,0,0.4662955242095055,0.0,-0.4709188038678287,0.6244282775140504,2.2291220286492863,-0.7198770325317648,-0.06740895158098903,0.0,0.0,1.0143580349954242,1.2392366230972454,-0.18146541500668234
2023-07-28 02:00:00,1,1,0.5696213334549053,0.004087619427689,-0.4668311844401397,0.6269859264589396,2.2291220286492863,-0.718729653020003,0.13924266690981058,0.13924266690981058,0.00056917103042377,1.0149355425381121,1.2392366230972454,-0.1809993962238896
2023-07-29 02:00:00,0,0,0.4734380211719883,0.0,-0.4668311844401397,0.6269859264589396,2.2291220286492863,-0.718729653020003,-0.0531239576560234,0.0,0.0,1.0149355425381121,1.2392366230972454,-0.1809993962238896
2023-07-30 02:00:00,0,0,0.5145837374478656,0.0,-0.4668311844401397,0.6269859264589396,2.2291220286492863,-0.718729653020003,0.029167474895731127,0.0,0.0,1.0149355425381121,1.2392366230972454,-0.1809993962238896
2023-07-31 02:00:00,0,0,0.4805269241998302,0.0,-0.4668311844401397,0.6269859264589396,2.2291220286492863,-0.718729653020003,-0.03894615160033965,0.0,0.0,1.0149355425381121,1.2392366230972454,-0.1809993962238896
2023-08-01 02:00:00,0,0,0.5207381908285773,0.0,-0.4668311844401397,0.6269859264589396,2.2291220286492863,-0.718729653020003,0.041476381657154615,0.0,0.0,1.0149355425381121,1.2392366230972454,-0.1809993962238896
2023-08-02 02:00:00,0,0,0.5049538947014353,0.0,-0.4668311844401397,0.6269859264589396,2.2291220286492863,-0.718729653020003,0.009907789402870515,0.0,0.0,1.0149355425381121,1.2392366230972454,-0.1809993962238896
2023-08-03 02:00:00,0,0,0.5389651072550061,0.0,-0.4668311844401397,0.6269859264589396,2.2291220286492863,-0.718729653020003,0.07793021451001225,0.0,0.0,1.0149355425381121,1.2392366230972454,-0.1809993962238896
2023-08-04 02:00:00,0,0,0.5230637429053631,0.0,-0.4668311844401397,0.6269859264589396,2.2291220286492863,-0.718729653020003,0.04612748581072612,0.0,0.0,1.0149355425381121,1.2392366230972454,-0.1809993962238896
2023-08-05 02:00:00,1,1,0.5669554177010362,-0.0016008120256466,-0.4684319964657863,0.6259830427762485,2.2291220286492863,-0.7191795537745609,0.13391083540207238,0.13391083540207238,-0.00021436607567601994,1.0147179981067003,1.2392366230972454,-0.18117494335295048
2023-08-06 02:00:00,0,0,0.4977345438458703,0.0,-0.4684319964657863,0.6259830427762485,2.2291220286492863,-0.7191795537745609,-0.004530912308259416,0.0,0.0,1.0147179981067003,1.2392366230972454,-0.18117494335295048
2023-08-07 02:00:00,0,0,0.5199986781296715,0.0,-0.4684319964657863,0.6259830427762485,2.2291220286492863,-0.7191795537745609,0.039997356259342975,0.0,0.0,1.0147179981067003,1.2392366230972454,-0.18117494335295048
2023-08-08 02:00:00,0,0,0.4682727452270751,0.0,-0.4684319964657863,0.6259830427762485,2.2291220286492863,-0.7191795537745609,-0.06345450954584975,0.0,0.0,1.0147179981067003,1.2392366230972454,-0.18117494335295048
2023-08-09 02:00:00,0,0,0.4912443307368772,0.0,-0.4684319964657863,0.6259830427762485,2.2291220286492863,-0.7191795537745609,-0.017511338526245646,0.0,0.0,1.0147179981067003,1.2392366230972454,-0.18117494335295048
2023-08-10 02:00:00,0,0,0.5225696173155759,0.0,-0.4684319964657863,0.6259830427762485,2.2291220286492863,-0.7191795537745609,0.04513923463115188,0.0,0.0,1.0147179981067003,1.2392366230972454,-0.18117494335295048
2023-08-11 02:00:00,1,1,0.5752432702108005,-0.0003724099794555,-0.4688044064452418,0.6257499638473021,2.2291220286492863,-0.7192841146402071,0.15048654042160092,0.15048654042160092,-5.604268942673768e-05,1.0146611321745513,1.2392366230972454,-0.1812208312254432
2023-08-12 02:00:00,0,0,0.5310561644363131,0.0,-0.4688044064452418,0.6257499638473021,2.2291220286492863,-0.7192841146402071,0.06211232887262619,0.0,0.0,1.0146611321745513,1.2392366230972454,-0.1812208312254432
2023-08-13 02:00:00,0,0,0.4895090282739214,0.0,-0.4688044064452418,0.6257499638473021,2.2291220286492863,-0.7192841146402071,-0.020981943452157203,0.0,0.0,1.0146611321745513,1.2392366230972454,-0.1812208312254432
2023-08-14 02:00:00,0,0,0.5153859456955949,0.0,-0.4688044064452418,0.6257499638473021,2.2291220286492863,-0.7192841146402071,0.030771891391189854,0.0,0.0,1.0146611321745513,1.2392366230972454,-0.1812208312254432
2023-08-15 02:00:00,0,0,0.4686783549391278,0.0,-0.4688044064452418,0.6257499638473021,2.2291220286492863,-0.7192841146402071,-0.06264329012174441,0.0,0.0,1.0146611321745513,1.2392366230972454,-0.1812208312254432
2023-08-16 02:00:00,0,0,0.5093354233451921,0.0,-0.4688044064452418,0.6257499638473021,2.2291220286492863,-0.7192841146402071,0.018670846690384213,0.0,0.0,1.0146611321745513,1.2392366230972454,-0.1812208312254432
2023-08-17 02:00:00,0,0,0.5256314246541829,0.0,-0.4688044064452418,0.6257499638473021,2.2291220286492863,-0.7192841146402071,0.05126284930836578,0.0,0.0,1.0146611321745513,1.2392366230972454,-0.1812208312254432
2023-08-18 02:00:00,1,1,0.5531842033099719,-0.0192963231746009,-0.4881007296198427,0.6137910429903872,2.2291220286492863,-0.7246489716122416,0.10636840661994373,0.10636840661994373,-0.002052519149705792,1.0125806566086624,1.2392366230972454,-0.18289966763740229
2023-08-19 02:00:00,0,0,0.5407951609570414,0.0,-0.4881007296198427,0.6137910429903872,2.2291220286492863,-0.7246489716122416,0.08159032191408278,0.0,0.0,1.0125806566086624,1.2392366230972454,-0.18289966763740229
2023-08-20 02:00:00,-1,-1,0.4239675721900142,-0.0011295233046042,-0.4892302529244469,0.6130981431001272,2.2291220286492863,-0.7249598114322939,-0.15206485561997163,-0.15206485561997163,-0.00017176079823403093,1.0124067498824134,1.2392366230972454,-0.18304000139046261
2023-08-21 02:00:00,1,1,0.5572927821423732,-0.0022181051710535,-0.4914483580955004,0.6117397340425776,2.2291220286492863,-0.7255692033992167,0.11458556428474642,0.11458556428474642,-0.0002541628326680793,1.012149466412384,1.2392366230972454,-0.18324761587282545
2023-08-22 02:00:00,0,0,0.4682406720962717,0.0,-0.4914483580955004,0.6117397340425776,2.2291220286492863,-0.7255692033992167,-0.06351865580745664,0.0,0.0,1.012149466412384,1.2392366230972454,-0.18324761587282545
2023-08-23 02:00:00,0,0,0.4942305396476448,0.0,-0.4914483580955004,0.6117397340425776,2.2291220286492863,-0.7255692033992167,-0.01153892070471041,0.0,0.0,1.012149466412384,1.2392366230972454,-0.18324761587282545
2023-08-24 02:00:00,0,0,0.4957374248264935,0.0,-0.4914483580955004,0.6117397340425776,2.2291220286492863,-0.7255692033992167,-0.008525150347012955,0.0,0.0,1.012149466412384,1.2392366230972454,-0.18324761587282545
2023-08-25 02:00:00,1,1,0.5505081913913968,-0.0031050836810493,-0.4945534417765497,0.6098431769853483,2.2291220286492863,-0.7264200123871745,0.10101638278279368,0.10101638278279368,-0.00031366432169748214,1.0118320410216577,1.2392366230972454,-0.18350376178137107
2023-08-26 02:00:00,0,0,0.493577519166363,0.0,-0.4945534417765497,0.6098431769853483,2.2291220286492863,-0.7264200123871745,-0.012844961667274002,0.0,0.0,1.0118320410216577,1.2392366230972454,-0.18350376178137107
2023-08-27 02:00:00,1,1,0.555227611402261,0.0001700817163191,-0.4943833600602306,0.6099469089807833,2.2291220286492863,-0.7263734774760742,0.11045522280452191,0.11045522280452191,1.8786413871001685e-05,1.0118510498957018,1.2392366230972454,-0.18348842260103226
2023-08-28 02:00:00,0,0,0.525305087736196,0.0,-0.4943833600602306,0.6099469089807833,2.2291220286492863,-0.7263734774760742,0.050610175472391994,0.0,0.0,1.0118510498957018,1.2392366230972454,-0.18348842260103226
2023-08-29 02:00:00,0,0,0.4506382832559878,0.0,-0.4943833600602306,0.6099469089807833,2.2291220286492863,-0.7263734774760742,-0.09872343348802437,0.0,0.0,1.0118510498957018,1.2392366230972454,-0.18348842260103226
2023-08-30 02:00:00,0,0,0.5114458459823823,0.0,-0.4943833600602306,0.6099469089807833,2.2291220286492863,-0.7263734774760742,0.022891691964764593,0.0,0.0,1.0118510498957018,1.2392366230972454,-0.18348842260103226
2023-08-31 02:00:00,0,0,0.5437090377543822,0.0,-0.4943833600602306,0.6099469089807833,2.2291220286492863,-0.7263734774760742,0.08741807550876435,0.0,0.0,1.0118510498957018,1.2392366230972454,-0.18348842260103226
2023-09-01 02:00:00,0,0,0.5340340499829704,0.0,-0.4943833600602306,0.6099469089807833,2.2291220286492863,-0.7263734774760742,0.06806809996594088,0.0,0.0,1.0118510498957018,1.2392366230972454,-0.18348842260103226
2023-09-02 02:00:00,1,1,0.5584310841130924,0.0028181168250093,-0.4915652432352212,0.6116682349369642,2.2291220286492863,-0.7256012784066388,0.11686216822618478,0.11686216822618478,0.00032933124248527853,1.0121843389374088,1.2392366230972454,-0.18321947554484064
2023-09-03 02:00:00,0,0,0.5024008070349927,0.0,-0.4915652432352212,0.6116682349369642,2.2291220286492863,-0.7256012784066388,0.0048016140699853604,0.0,0.0,1.0121843389374088,1.2392366230972454,-0.18321947554484064
2023-09-04 02:00:00,0,0,0.5353143934957006,0.0,-0.4915652432352212,0.6116682349369642,2.2291220286492863,-0.7256012784066388,0.0706287869914013,0.0,0.0,1.0121843389374088,1.2392366230972454,-0.18321947554484064
2023-09-05 02:00:00,0,0,0.5112253836638182,0.0,-0.4915652432352212,0.6116682349369642,2.2291220286492863,-0.7256012784066388,0.0224507673276364,0.0,0.0,1.0121843389374088,1.2392366230972454,-0.18321947554484064
2023-09-06 02:00:00,0,0,0.524380185146578,0.0,-0.4915652432352212,0.6116682349369642,2.2291220286492863,-0.7256012784066388,0.04876037029315605,0.0,0.0,1.0121843389374088,1.2392366230972454,-0.18321947554484064
2023-09-07 02:00:00,0,0,0.4807933315600359,0.0,-0.4915652432352212,0.6116682349369642,2.2291220286492863,-0.7256012784066388,-0.038413336879928206,0.0,0.0,1.0121843389374088,1.2392366230972454,-0.18321947554484064
2023-09-08 02:00:00,0,0,0.4967169070489687,0.0,-0.4915652432352212,0.6116682349369642,2.2291220286492863,-0.7256012784066388,-0.0065661859020625934,0.0,0.0,1.0121843389374088,1.2392366230972454,-0.18321947554484064
2023-09-09 02:00:00,0,0,0.5353162363945138,0.0,-0.4915652432352212,0.6116682349369642,2.2291220286492863,-0.7256012784066388,0.07063247278902751,0.0,0.0,1.0121843389374088,1.2392366230972454,-0.18321947554484064
2023-09-10 02:00:00,0,0,0.5323008677329054,0.0,-0.4915652432352212,0.6116682349369642,2.2291220286492863,-0.7256012784066388,0.06460173546581083,0.0,0.0,1.0121843389374088,1.2392366230972454,-0.18321947554484064
2023-09-11 02:00:00,0,0,0.5033031111230043,0.0,-0.4915652432352212,0.6116682349369642,2.2291220286492863,-0.7256012784066388,0.006606222246008597,0.0,0.0,1.0121843389374088,1.2392366230972454,-0.18321947554484064
2023-09-12 02:00:00,0,0,0.5412283087536495,0.0,-0.4915652432352212,0.6116682349369642,2.2291220286492863,-0.7256012784066388,0.08245661750729893,0.0,0.0,1.0121843389374088,1.2392366230972454,-0.18321947554484064
2023-09-13 02:00:00,0,0,0.4920366208954622,0.0,-0.4915652432352212,0.6116682349369642,2.2291220286492863,-0.7256012784066388,-0.01592675820907563,0.0,0.0,1.0121843389374088,1.2392366230972454,-0.18321947554484064
2023-09-14 02:00:00,0,0,0.4907438771482502,0.0,-0.4915652432352212,0.6116682349369642,2.2291220286492863,-0.7256012784066388,-0.01851224570349963,0.0,0.0,1.0121843389374088,1.2392366230972454,-0.18321947554484064
2023-09-15 02:00:00,0,0,0.4905134739762904,0.0,-0.4915652432352212,0.6116682349369642,2.2291220286492863,-0.7256012784066388,-0.01897305204741917,0.0,0.0,1.0121843389374088,1.2392366230972454,-0.18321947554484064
2023-09-16 02:00:00,0,0,0.4680796206355309,0.0,-0.4915652432352212,0.6116682349369642,2.2291220286492863,-0.7256012784066388,-0.06384075872893824,0.0,0.0,1.0121843389374088,1.2392366230972454,-0.18321947554484064
2023-09-17 02:00:00,1,1,0.5758695720784497,0.005041891672549,-0.4865233515626723,0.6147599875082943,2.2291220286492863,-0.7242142962084486,0.15173914415689937,0.15173914415689937,0.0007650523273243831,1.012959009215459,1.2392366230972454,-0.18259435660983525
2023-09-18 02:00:00,0,0,0.4833080137047147,0.0,-0.4865233515626723,0.6147599875082943,2.2291220286492863,-0.7242142962084486,-0.033383972590570576,0.0,0.0,1.012959009215459,1.2392366230972454,-0.18259435660983525
2023-09-19 02:00:00,0,0,0.4902850516892711,0.0,-0.4865233515626723,0.6147599875082943,2.2291220286492863,-0.7242142962084486,-0.019429896621457776,0.0,0.0,1.012959009215459,1.2392366230972454,-0.18259435660983525
2023-09-20 02:00:00,0,0,0.4863577352038425,0.0,-0.4865233515626723,0.6147599875082943,2.2291220286492863,-0.7242142962084486,-0.027284529592314977,0.0,0.0,1.012959009215459,1.2392366230972454,-0.18259435660983525
2023-09-21 02:00:00,0,0,0.537253688019936,0.0,-0.4865233515626723,0.6147599875082943,2.2291220286492863,-0.7242142962084486,0.07450737603987201,0.0,0.0,1.012959009215459,1.2392366230972454,-0.18259435660983525
2023-09-22 02:00:00,1,1,0.5693987123673361,-0.0018318078668415,-0.4883551594295138,0.6136348961171932,2.2291220286492863,-0.7247190202103835,0.13879742473467216,0.13879742473467216,-0.00025425021452631346,1.0127014969077266,1.2392366230972454,-0.18280215575241443
2023-09-23 02:00:00,1,1,0.5885573018324414,0.000523763357202,-0.4878313960723118,0.6139563797738102,2.2291220286492863,-0.7245748003549941,0.17711460366488274,0.17711460366488274,9.276613942502061e-05,1.0127954456735493,1.2392366230972454,-0.18272634394692744
2023-09-24 02:00:00,0,0,0.494520597138692,0.0,-0.4878313960723118,0.6139563797738102,2.2291220286492863,-0.7245748003549941,-0.010958805722615983,0.0,0.0,1.0127954456735493,1.2392366230972454,-0.18272634394692744
2023-09-25 02:00:00,0,0,0.5360273918299581,0.0,-0.4878313960723118,0.6139563797738102,2.2291220286492863,-0.7245748003549941,0.07205478365991613,0.0,0.0,1.0127954456735493,1.2392366230972454,-0.18272634394692744
2023-09-26 02:00:00,0,0,0.4850400612334853,0.0,-0.4878313960723118,0.6139563797738102,2.2291220286492863,-0.7245748003549941,-0.029919877533029382,0.0,0.0,1.0127954456735493,1.2392366230972454,-0.18272634394692744
2023-09-27 02:00:00,0,0,0.5206371671432085,0.0,-0.4878313960723118,0.6139563797738102,2.2291220286492863,-0.7245748003549941,0.041274334286417025,0.0,0.0,1.0127954456735493,1.2392366230972454,-0.18272634394692744
2023-09-28 02:00:00,0,0,0.4734115101401003,0.0,-0.4878313960723118,0.6139563797738102,2.2291220286492863,-0.7245748003549941,-0.0531769797197994,0.0,0.0,1.0127954456735493,1.2392366230972454,-0.18272634394692744
2023-09-29 02:00:00,0,0,0.5042175686589763,0.0,-0.4878313960723118,0.6139563797738102,2.2291220286492863,-0.7245748003549941,0.008435137317952535,0.0,0.0,1.0127954456735493,1.2392366230972454,-0.18272634394692744
2023-09-30 02:00:00,0,0,0.5104486960332536,0.0,-0.4878313960723118,0.6139563797738102,2.2291220286492863,-0.7245748003549941,0.020897392066507203,0.0,0.0,1.0127954456735493,1.2392366230972454,-0.18272634394692744
2023-10-01 02:00:00,0,0,0.5403612546376642,0.0,-0.4878313960723118,0.6139563797738102,2.2291220286492863,-0.7245748003549941,0.08072250927532831,0.0,0.0,1.0127954456735493,1.2392366230972454,-0.18272634394692744
2023-10-02 02:00:00,0,0,0.4855564876119091,0.0,-0.4878313960723118,0.6139563797738102,2.2291220286492863,-0.7245748003549941,-0.02888702477618177,0.0,0.0,1.0127954456735493,1.2392366230972454,-0.18272634394692744
2023-10-03 02:00:00,1,1,0.5547052771404374,-0.0072571640722101,-0.4950885601445219,0.6095169259989938,2.2291220286492863,-0.7265663709005987,0.10941055428087476,0.10941055428087476,-0.0007940103436477572,1.0119915947888762,1.2392366230972454,-0.18337501012551716
2023-10-04 02:00:00,0,0,0.510601131357133,0.0,-0.4950885601445219,0.6095169259989938,2.2291220286492863,-0.7265663709005987,0.021202262714266062,0.0,0.0,1.0119915947888762,1.2392366230972454,-0.18337501012551716
2023-10-05 02:00:00,0,0,0.4770281571087054,0.0,-0.4950885601445219,0.6095169259989938,2.2291220286492863,-0.7265663709005987,-0.04594368578258923,0.0,0.0,1.0119915947888762,1.2392366230972454,-0.18337501012551716
2023-10-06 02:00:00,1,1,0.5599391114419796,0.0111689412583627,-0.4839196188861592,0.6163627438450253,2.2291220286492863,-0.7234952883138013,0.11987822288395922,0.11987822288395922,0.0013389128295478515,1.0133474708158825,1.2392366230972454,-0.18228088814611876
2023-10-07 02:00:00,0,0,0.4768005377589068,0.0,-0.4839196188861592,0.6163627438450253,2.2291220286492863,-0.7234952883138013,-0.04639892448218641,0.0,0.0,1.0133474708158825,1.2392366230972454,-0.18228088814611876
2023-10-08 02:00:00,0,0,0.5305498259572959,0.0,-0.4839196188861592,0.6163627438450253,2.2291220286492863,-0.7234952883138013,0.06109965191459188,0.0,0.0,1.0133474708158825,1.2392366230972454,-0.18228088814611876
2023-10-09 02:00:00,0,0,0.4724695205518456,0.0,-0.4839196188861592,0.6163627438450253,2.2291220286492863,-0.7234952883138013,-0.0550609588963088,0.0,0.0,1.0133474708158825,1.2392366230972454,-0.18228088814611876
2023-10-10 02:00:00,0,0,0.4828389756220168,0.0,-0.4839196188861592,0.6163627438450253,2.2291220286492863,-0.7234952883138013,-0.03432204875596645,0.0,0.0,1.0133474708158825,1.2392366230972454,-0.18228088814611876
2023-10-11 02:00:00,1,1,0.555579995720345,-0.0090571705577536,-0.4929767894439128,0.6108054460354195,2.2291220286492863,-0.7259883316457418,0.11115999144069,0.11115999144069,-0.0010067950016767596,1.0123277510578164,1.2392366230972454,-0.1831037493649209
2023-10-12 02:00:00,0,0,0.5318600994351438,0.0,-0.4929767894439128,0.6108054460354195,2.2291220286492863,-0.7259883316457418,0.06372019887028757,0.0,0.0,1.0123277510578164,1.2392366230972454,-0.1831037493649209
2023-10-13 02:00:00,1,1,0.5646943187490352,0.0025670307508102,-0.4904097586931026,0.6123754166174065,2.2291220286492863,-0.7252840316739102,0.1293886374980704,0.1293886374980704,0.0003321446112629805,1.0126640461113654,1.2392366230972454,-0.18283237661230767
2023-10-14 02:00:00,0,0,0.4820917969671959,0.0,-0.4904097586931026,0.6123754166174065,2.2291220286492863,-0.7252840316739102,-0.03581640606560821,0.0,0.0,1.0126640461113654,1.2392366230972454,-0.18283237661230767
2023-10-15 02:00:00,0,0,0.537403960650193,0.0,-0.4904097586931026,0.6123754166174065,2.2291220286492863,-0.7252840316739102,0.07480792130038605,0.0,0.0,1.0126640461113654,1.2392366230972454,-0.18283237661230767
2023-10-16 02:00:00,0,0,0.5236128564414337,0.0,-0.4904097586931026,0.6123754166174065,2.2291220286492863,-0.7252840316739102,0.04722571288286748,0.0,0.0,1.0126640461113654,1.2392366230972454,-0.18283237661230767
2023-10-17 02:00:00,0,0,0.4812198051236736,0.0,-0.4904097586931026,0.6123754166174065,2.2291220286492863,-0.7252840316739102,-0.037560389752652745,0.0,0.0,1.0126640461113654,1.2392366230972454,-0.18283237661230767
2023-10-18 02:00:00,0,0,0.4808454961317463,0.0,-0.4904097586931026,0.6123754166174065,2.2291220286492863,-0.7252840316739102,-0.03830900773650736,0.0,0.0,1.0126640461113654,1.2392366230972454,-0.18283237661230767
2023-10-19 02:00:00,0,0,0.522020632421536,0.0,-0.4904097586931026,0.6123754166174065,2.2291220286492863,-0.7252840316739102,0.044041264843071914,0.0,0.0,1.0126640461113654,1.2392366230972454,-0.18283237661230767
2023-10-20 02:00:00,0,0,0.503509618421464,0.0,-0.4904097586931026,0.6123754166174065,2.2291220286492863,-0.7252840316739102,0.007019236842928045,0.0,0.0,1.0126640461113654,1.2392366230972454,-0.18283237661230767
2023-10-21 02:00:00,0,0,0.4875047128254423,0.0,-0.4904097586931026,0.6123754166174065,2.2291220286492863,-0.7252840316739102,-0.024990574349115446,0.0,0.0,1.0126640461113654,1.2392366230972454,-0.18283237661230767
2023-10-22 02:00:00,0,0,0.4804803569157044,0.0,-0.4904097586931026,0.6123754166174065,2.2291220286492863,-0.7252840316739102,-0.0390392861685912,0.0,0.0,1.0126640461113654,1.2392366230972454,-0.18283237661230767
2023-10-23 02:00:00,0,0,0.4814713156452976,0.0,-0.4904097586931026,0.6123754166174065,2.2291220286492863,-0.7252840316739102,-0.03705736870940479,0.0,0.0,1.0126640461113654,1.2392366230972454,-0.18283237661230767
2023-10-24 02:00:00,0,0,0.4581335484783769,0.0,-0.4904097586931026,0.6123754166174065,2.2291220286492863,-0.7252840316739102,-0.08373290304324621,0.0,0.0,1.0126640461113654,1.2392366230972454,-0.18283237661230767
2023-10-25 02:00:00,1,1,0.5749396678387274,0.0207474819967541,-0.4696622766963484,0.625213381760499,2.2291220286492863,-0.7195248291815857,0.14987933567745482,0.14987933567745482,0.0031096188186534586,1.0158179464586166,1.2392366230972454,-0.1802873417993689
2023-10-26 02:00:00,0,0,0.4916413341265663,0.0,-0.4696622766963484,0.625213381760499,2.2291220286492863,-0.7195248291815857,-0.016717331746867403,0.0,0.0,1.0158179464586166,1.2392366230972454,-0.1802873417993689
2023-10-27 02:00:00,1,1,0.566255407578487,-0.000889118539208,-0.4705513952355564,0.6246577400041126,2.2291220286492863,-0.7197740940263295,0.13251081515697405,0.13251081515697405,-0.00011781782240163007,1.0156982720502359,1.2392366230972454,-0.18038391287074473
2023-10-28 02:00:00,0,0,0.4888411673114732,0.0,-0.4705513952355564,0.6246577400041126,2.2291220286492863,-0.7197740940263295,-0.022317665377053597,0.0,0.0,1.0156982720502359,1.2392366230972454,-0.18038391287074473
2023-10-29 02:00:00,1,1,0.5647301384287466,0.0075545803371402,-0.4629968148984162,0.6293946371908261,2.2291220286492863,-0.7176490882501388,0.12946027685749328,0.12946027685749328,0.0009780180619883452,1.0166921292317483,1.2392366230972454,-0.17958192141649898
2023-10-30 02:00:00,0,0,0.4820656403235253,0.0,-0.4629968148984162,0.6293946371908261,2.2291220286492863,-0.7176490882501388,-0.03586871935294944,0.0,0.0,1.0166921292317483,1.2392366230972454,-0.17958192141649898
2023-10-31 02:00:00,0,0,0.4818499622698305,0.0,-0.4629968148984162,0.6293946371908261,2.2291220286492863,-0.7176490882501388,-0.036300075460338976,0.0,0.0,1.0166921292317483,1.2392366230972454,-0.17958192141649898
2023-11-01 02:00:00,0,0,0.4870742268240824,0.0,-0.4629968148984162,0.6293946371908261,2.2291220286492863,-0.7176490882501388,-0.025851546351835175,0.0,0.0,1.0166921292317483,1.2392366230972454,-0.17958192141649898
2023-11-02 02:00:00,0,0,0.497288331364889,0.0,-0.4629968148984162,0.6293946371908261,2.2291220286492863,-0.7176490882501388,-0.0054233372702220395,0.0,0.0,1.0166921292317483,1.2392366230972454,-0.17958192141649898
2023-11-03 02:00:00,1,1,0.5760695624372214,-0.0011107404703043,-0.4641075553687205,0.6286959312078472,2.2291220286492863,-0.7179625327246894,0.1521391248744428,0.1521391248744428,-0.00016898708311472325,1.0165203359102388,1.2392366230972454,-0.1797205497610036
2023-11-04 02:00:00,0,0,0.5005420443602417,0.0,-0.4641075553687205,0.6286959312078472,2.2291220286492863,-0.7179625327246894,0.0010840887204834893,0.0,0.0,1.0165203359102388,1.2392366230972454,-0.1797205497610036
2023-11-05 02:00:00,0,0,0.4755091847280309,0.0,-0.4641075553687205,0.6286959312078472,2.2291220286492863,-0.7179625327246894,-0.048981630543938226,0.0,0.0,1.0165203359102388,1.2392366230972454,-0.1797205497610036
2023-11-06 02:00:00,0,0,0.5226861591673742,0.0,-0.4641075553687205,0.6286959312078472,2.2291220286492863,-0.7179625327246894,0.04537231833474831,0.0,0.0,1.0165203359102388,1.2392366230972454,-0.1797205497610036
2023-11-07 02:00:00,0,0,0.4899155593131323,0.0,-0.4641075553687205,0.6286959312078472,2.2291220286492863,-0.7179625327246894,-0.020168881373735403,0.0,0.0,1.0165203359102388,1.2392366230972454,-0.1797205497610036
2023-11-08 02:00:00,0,0,0.4901766006435913,0.0,-0.4641075553687205,0.6286959312078472,2.2291220286492863,-0.7179625327246894,-0.01964679871281738,0.0,0.0,1.0165203359102388,1.2392366230972454,-0.1797205497610036
2023-11-09 02:00:00,0,0,0.5026870183980281,0.0,-0.4641075553687205,0.6286959312078472,2.2291220286492863,-0.7179625327246894,0.005374036796056192,0.0,0.0,1.0165203359102388,1.2392366230972454,-0.1797205497610036
2023-11-10 02:00:00,0,0,0.4991310699720103,0.0,-0.4641075553687205,0.6286959312078472,2.2291220286492863,-0.7179625327246894,-0.0017378600559794233,0.0,0.0,1.0165203359102388,1.2392366230972454,-0.1797205497610036
2023-11-11 02:00:00,0,0,0.4839040619776585,0.0,-0.4641075553687205,0.6286959312078472,2.2291220286492863,-0.7179625327246894,-0.03219187604468299,0.0,0.0,1.0165203359102388,1.2392366230972454,-0.1797205497610036
2023-11-12 02:00:00,1,1,0.5787305349554155,0.0055807340180895,-0.458526821350631,0.6322143244550429,2.2291220286492863,-0.7163841564841891,0.15746106991083098,0.15746106991083098,0.0008787483493761435,1.0174139940703368,1.2392366230972454,-0.17899941374594253
2023-11-13 02:00:00,0,0,0.5375198733568317,0.0,-0.458526821350631,0.6322143244550429,2.2291220286492863,-0.7163841564841891,0.07503974671366342,0.0,0.0,1.0174139940703368,1.2392366230972454,-0.17899941374594253
2023-11-14 02:00:00,0,0,0.5472859070246525,0.0,-0.458526821350631,0.6322143244550429,2.2291220286492863,-0.7163841564841891,0.09457181404930504,0.0,0.0,1.0174139940703368,1.2392366230972454,-0.17899941374594253
2023-11-15 02:00:00,1,1,0.5567097524550726,0.054548179389089,-0.403978641961542,0.6676583809900265,2.2291220286492863,-0.7004837005739936,0.11341950491014519,0.11341950491014519,0.00618682750006026,1.0237280708595293,1.2392366230972454,-0.17390427963554833
2023-11-16 02:00:00,0,0,0.491258005470039,0.0,-0.403978641961542,0.6676583809900265,2.2291220286492863,-0.7004837005739936,-0.01748398905992199,0.0,0.0,1.0237280708595293,1.2392366230972454,-0.17390427963554833
2023-11-17 02:00:00,1,1,0.5642674373646078,-0.002205049605008,-0.40618369156655,0.6661877831072516,2.2291220286492863,-0.7011434212460225,0.12853487472921565,0.12853487472921565,-0.00028342577475140975,1.0234379610521518,1.2392366230972454,-0.1741383832780412
2023-11-18 02:00:00,0,0,0.5067788868313798,0.0,-0.40618369156655,0.6661877831072516,2.2291220286492863,-0.7011434212460225,0.013557773662759676,0.0,0.0,1.0234379610521518,1.2392366230972454,-0.1741383832780412
2023-11-19 02:00:00,0,0,0.5072475936668821,0.0,-0.40618369156655,0.6661877831072516,2.2291220286492863,-0.7011434212460225,0.014495187333764203,0.0,0.0,1.0234379610521518,1.2392366230972454,-0.1741383832780412
2023-11-20 02:00:00,0,0,0.4831716783608146,0.0,-0.40618369156655,0.6661877831072516,2.2291220286492863,-0.7011434212460225,-0.03365664327837081,0.0,0.0,1.0234379610521518,1.2392366230972454,-0.1741383832780412
2023-11-21 02:00:00,0,0,0.4832995637654766,0.0,-0.40618369156655,0.6661877831072516,2.2291220286492863,-0.7011434212460225,-0.03340087246904677,0.0,0.0,1.0234379610521518,1.2392366230972454,-0.1741383832780412
2023-11-22 02:00:00,1,1,0.5554419504027799,0.0273014527656701,-0.3788822388008799,0.6846262303252011,2.2291220286492863,-0.6928718026531534,0.11088390080555977,0.11088390080555977,0.0030272915803162387,1.0265409005561994,1.2392366230972454,-0.17163447123556752
2023-11-23 02:00:00,0,0,0.490295120809477,0.0,-0.3788822388008799,0.6846262303252011,2.2291220286492863,-0.6928718026531534,-0.01940975838104597,0.0,0.0,1.0265409005561994,1.2392366230972454,-0.17163447123556752
2023-11-24 02:00:00,0,0,0.4822463087727544,0.0,-0.3788822388008799,0.6846262303252011,2.2291220286492863,-0.6928718026531534,-0.035507382454491254,0.0,0.0,1.0265409005561994,1.2392366230972454,-0.17163447123556752
2023-11-25 02:00:00,0,0,0.4736839411776661,0.0,-0.3788822388008799,0.6846262303252011,2.2291220286492863,-0.6928718026531534,-0.0526321176446678,0.0,0.0,1.0265409005561994,1.2392366230972454,-0.17163447123556752
2023-11-26 02:00:00,1,1,0.554754019736885,-0.0124327400157279,-0.3913149788166078,0.6761671441670377,2.2291220286492863,-0.696666608881545,0.10950803947376997,0.10950803947376997,-0.00136148498440945,1.0251442315219128,1.2392366230972454,-0.17276151106658533
2023-11-27 02:00:00,0,0,0.5311982681987434,0.0,-0.3913149788166078,0.6761671441670377,2.2291220286492863,-0.696666608881545,0.06239653639748677,0.0,0.0,1.0251442315219128,1.2392366230972454,-0.17276151106658533
2023-11-28 02:00:00,0,0,0.4948075161403937,0.0,-0.3913149788166078,0.6761671441670377,2.2291220286492863,-0.696666608881545,-0.010384967719212601,0.0,0.0,1.0251442315219128,1.2392366230972454,-0.17276151106658533
2023-11-29 02:00:00,0,0,0.4849256341899102,0.0,-0.3913149788166078,0.6761671441670377,2.2291220286492863,-0.696666608881545,-0.030148731620179614,0.0,0.0,1.0251442315219128,1.2392366230972454,-0.17276151106658533
2023-11-30 02:00:00,0,0,0.4979652534256252,0.0,-0.3913149788166078,0.6761671441670377,2.2291220286492863,-0.696666608881545,-0.004069493148749603,0.0,0.0,1.0251442315219128,1.2392366230972454,-0.17276151106658533
2023-12-01 02:00:00,0,0,0.4933272654578911,0.0,-0.3913149788166078,0.6761671441670377,2.2291220286492863,-0.696666608881545,-0.013345469084217854,0.0,0.0,1.0251442315219128,1.2392366230972454,-0.17276151106658533
2023-12-02 02:00:00,0,0,0.4634517447526469,0.0,-0.3913149788166078,0.6761671441670377,2.2291220286492863,-0.696666608881545,-0.07309651049470622,0.0,0.0,1.0251442315219128,1.2392366230972454,-0.17276151106658533
2023-12-03 02:00:00,0,0,0.4639712891668833,0.0,-0.3913149788166078,0.6761671441670377,2.2291220286492863,-0.696666608881545,-0.07205742166623341,0.0,0.0,1.0251442315219128,1.2392366230972454,-0.17276151106658533
2023-12-04 02:00:00,0,0,0.4855746282339104,0.0,-0.3913149788166078,0.6761671441670377,2.2291220286492863,-0.696666608881545,-0.0288507435321792,0.0,0.0,1.0251442315219128,1.2392366230972454,-0.17276151106658533
2023-12-05 02:00:00,0,0,0.4808215644637534,0.0,-0.3913149788166078,0.6761671441670377,2.2291220286492863,-0.696666608881545,-0.03835687107249319,0.0,0.0,1.0251442315219128,1.2392366230972454,-0.17276151106658533
2023-12-06 02:00:00,0,0,0.4861732197318605,0.0,-0.3913149788166078,0.6761671441670377,2.2291220286492863,-0.696666608881545,-0.027653560536278987,0.0,0.0,1.0251442315219128,1.2392366230972454,-0.17276151106658533
2023-12-07 02:00:00,0,0,0.4841915188952393,0.0,-0.3913149788166078,0.6761671441670377,2.2291220286492863,-0.696666608881545,-0.03161696220952137,0.0,0.0,1.0251442315219128,1.2392366230972454,-0.17276151106658533
2023-12-08 02:00:00,0,0,0.5115658589156172,0.0,-0.3913149788166078,0.6761671441670377,2.2291220286492863,-0.696666608881545,0.023131717831234466,0.0,0.0,1.0251442315219128,1.2392366230972454,-0.17276151106658533
2023-12-09 02:00:00,0,0,0.4814458809552716,0.0,-0.3913149788166078,0.6761671441670377,2.2291220286492863,-0.696666608881545,-0.037108238089456846,0.0,0.0,1.0251442315219128,1.2392366230972454,-0.17276151106658533
2023-12-10 02:00:00,1,1,0.5683515040872027,-0.0428209855061667,-0.4341359643227745,0.647824168522794,2.2291220286492863,-0.7093814693871486,0.1367030081744054,0.1367030081744054,-0.005853757531685601,1.0191608155745333,1.2392366230972454,-0.1775898189424654
2023-12-11 02:00:00,0,0,0.4764364928026555,0.0,-0.4341359643227745,0.647824168522794,2.2291220286492863,-0.7093814693871486,-0.047127014394689026,0.0,0.0,1.0191608155745333,1.2392366230972454,-0.1775898189424654
2023-12-12 02:00:00,0,0,0.5094516576751359,0.0,-0.4341359643227745,0.647824168522794,2.2291220286492863,-0.7093814693871486,0.018903315350271788,0.0,0.0,1.0191608155745333,1.2392366230972454,-0.1775898189424654
2023-12-13 02:00:00,1,1,0.554238765862567,0.0411235339878727,-0.3930124303349018,0.6750203568048826,2.2291220286492863,-0.6971810658504396,0.10847753172513408,0.10847753172513408,0.00446097946281909,1.0237174269605216,1.2392366230972454,-0.1739128687127346
2023-12-14 02:00:00,0,0,0.4862167974857742,0.0,-0.3930124303349018,0.6750203568048826,2.2291220286492863,-0.6971810658504396,-0.027566405028451646,0.0,0.0,1.0237174269605216,1.2392366230972454,-0.1739128687127346
2023-12-15 02:00:00,0,0,0.4946853967319115,0.0,-0.3930124303349018,0.6750203568048826,2.2291220286492863,-0.6971810658504396,-0.01062920653617705,0.0,0.0,1.0237174269605216,1.2392366230972454,-0.1739128687127346
2023-12-16 02:00:00,1,1,0.5602773449148772,-0.0075427642526174,-0.4005551945875192,0.669947991265129,2.2291220286492863,-0.699456565116322,0.12055468982975448,0.12055468982975448,-0.0009093156049332505,1.0227869678337589,1.2392366230972454,-0.17466370120866037
2023-12-17 02:00:00,1,1,0.5918728391795398,-0.0245213486927514,-0.4250765432802706,0.65371974536108,2.2291220286492863,-0.7067366716764292,0.18374567835907962,0.18374567835907962,-0.004505691849829136,1.0181889712852235,1.2392366230972454,-0.1783740471287507
2023-12-18 02:00:00,0,0,0.533585409013037,0.0,-0.4250765432802706,0.65371974536108,2.2291220286492863,-0.7067366716764292,0.06717081802607394,0.0,0.0,1.0181889712852235,1.2392366230972454,-0.1783740471287507
2023-12-19 02:00:00,0,0,0.492135686756926,0.0,-0.4250765432802706,0.65371974536108,2.2291220286492863,-0.7067366716764292,-0.015728626486148034,0.0,0.0,1.0181889712852235,1.2392366230972454,-0.1783740471287507
2023-12-20 02:00:00,1,1,0.5503812600791985,0.0214190901337405,-0.4036574531465301,0.6678728598365089,2.2291220286492863,-0.7003874838376616,0.10076252015839704,0.10076252015839704,0.00215824150137555,1.0203888420515692,1.2392366230972454,-0.17659886495180088
2023-12-21 02:00:00,0,0,0.4845633463670979,0.0,-0.4036574531465301,0.6678728598365089,2.2291220286492863,-0.7003874838376616,-0.030873307265804173,0.0,0.0,1.0203888420515692,1.2392366230972454,-0.17659886495180088
2023-12-22 02:00:00,0,0,0.4955586536137944,0.0,-0.4036574531465301,0.6678728598365089,2.2291220286492863,-0.7003874838376616,-0.00888269277241116,0.0,0.0,1.0203888420515692,1.2392366230972454,-0.17659886495180088
2023-12-23 02:00:00,1,1,0.5672626992418968,0.0073803498436827,-0.3962771033028474,0.6728202293955442,2.2291220286492863,-0.6981680586579494,0.13452539848379352,0.13452539848379352,0.0009928445036712181,1.021402432590644,1.2392366230972454,-0.17578094969640645
2023-12-24 02:00:00,0,0,0.539012572182181,0.0,-0.3962771033028474,0.6728202293955442,2.2291220286492863,-0.6981680586579494,0.07802514436436203,0.0,0.0,1.021402432590644,1.2392366230972454,-0.17578094969640645
2023-12-25 02:00:00,0,0,0.5312653689438279,0.0,-0.3962771033028474,0.6728202293955442,2.2291220286492863,-0.6981680586579494,0.06253073788765584,0.0,0.0,1.021402432590644,1.2392366230972454,-0.17578094969640645
2023-12-26 02:00:00,0,0,0.4641628487096491,0.0,-0.3962771033028474,0.6728202293955442,2.2291220286492863,-0.6981680586579494,-0.07167430258070184,0.0,0.0,1.021402432590644,1.2392366230972454,-0.17578094969640645
2023-12-27 02:00:00,1,1,0.5524527919992389,0.0256995580078182,-0.3705775452950292,0.6903355154525823,2.2291220286492863,-0.6903105767292228,0.10490558399847782,0.10490558399847782,0.0026960271413129255,1.0241598766729336,1.2392366230972454,-0.17355583462887558
2023-12-28 02:00:00,0,0,0.48356255175491,0.0,-0.3705775452950292,0.6903355154525823,2.2291220286492863,-0.6903105767292228,-0.03287489649018005,0.0,0.0,1.0241598766729336,1.2392366230972454,-0.17355583462887558
2023-12-29 02:00:00,1,1,0.5599477214188056,-0.0168361728471889,-0.3874137181422181,0.678810200729966,2.2291220286492863,-0.6954809149047421,0.11989544283761111,0.11989544283761111,-0.0020185803992042767,1.0220946127721167,1.2392366230972454,-0.17522239601216916
2023-12-30 02:00:00,1,1,0.5763039110034693,0.003254784471642,-0.3841589336705761,0.6810231810638848,2.2291220286492863,-0.69448815618383,0.15260782200693868,0.15260782200693868,0.0004967055693192902,1.0226024189632932,1.2392366230972454,-0.174812622622881
2023-12-31 02:00:00,0,0,0.5082823555758545,0.0,-0.3841589336705761,0.6810231810638848,2.2291220286492863,-0.69448815618383,0.0165647111517091,0.0,0.0,1.0226024189632932,1.2392366230972454,-0.174812622622881
2024-01-01 00:00:00,0,0,0.4758628409111388,0.0,-0.3841589336705761,0.6810231810638848,2.2291220286492863,-0.69448815618383,-0.04827431817772243,0.0,0.0,1.0226024189632932,1.2392366230972454,-0.174812622622881
2024-01-02 00:00:00,1,1,0.578124659832254,0.000765353133738,-0.383393580536838,0.6815446038004704,2.2291220286492863,-0.6942542422348025,0.15624931966450806,0.15624931966450806,0.00011958590644966174,1.0227247151128047,1.2392366230972454,-0.17471393594171603
2024-01-03 00:00:00,0,0,0.5170443126047278,0.0,-0.383393580536838,0.6815446038004704,2.2291220286492863,-0.6942542422348025,0.03408862520945566,0.0,0.0,1.0227247151128047,1.2392366230972454,-0.17471393594171603
2024-01-04 00:00:00,0,0,0.5409546267237595,0.0,-0.383393580536838,0.6815446038004704,2.2291220286492863,-0.6942542422348025,0.08190925344751898,0.0,0.0,1.0227247151128047,1.2392366230972454,-0.17471393594171603
2024-01-05 00:00:00,0,0,0.47782804262548,0.0,-0.383393580536838,0.6815446038004704,2.2291220286492863,-0.6942542422348025,-0.04434391474903998,0.0,0.0,1.0227247151128047,1.2392366230972454,-0.17471393594171603
2024-01-06 00:00:00,0,0,0.4880033196041905,0.0,-0.383393580536838,0.6815446038004704,2.2291220286492863,-0.6942542422348025,-0.023993360791618956,0.0,0.0,1.0227247151128047,1.2392366230972454,-0.17471393594171603
2024-01-07 00:00:00,0,0,0.4745382930707079,0.0,-0.383393580536838,0.6815446038004704,2.2291220286492863,-0.6942542422348025,-0.05092341385858423,0.0,0.0,1.0227247151128047,1.2392366230972454,-0.17471393594171603
2024-01-08 00:00:00,0,0,0.5254571793355275,0.0,-0.383393580536838,0.6815446038004704,2.2291220286492863,-0.6942542422348025,0.05091435867105498,0.0,0.0,1.0227247151128047,1.2392366230972454,-0.17471393594171603
2024-01-09 00:00:00,0,0,0.4805133832303265,0.0,-0.383393580536838,0.6815446038004704,2.2291220286492863,-0.6942542422348025,-0.03897323353934701,0.0,0.0,1.0227247151128047,1.2392366230972454,-0.17471393594171603
2024-01-10 00:00:00,1,1,0.5809215521592874,0.0165865635215245,-0.3668070170153135,0.6929433584193001,2.2291220286492863,-0.6891406798221891,0.16184310431857485,0.16184310431857485,0.002684420930300758,1.0254738269798391,1.2392366230972454,-0.1724955445418852
2024-01-11 00:00:00,0,0,0.4822751009490566,0.0,-0.3668070170153135,0.6929433584193001,2.2291220286492863,-0.6891406798221891,-0.035449798101886754,0.0,0.0,1.0254738269798391,1.2392366230972454,-0.1724955445418852
2024-01-12 00:00:00,1,1,0.5927760565148524,-0.0794208271377779,-0.4462278441530914,0.6400379265479336,2.2291220286492863,-0.712874432928305,0.18555211302970487,0.18555211302970487,-0.014736702293981618,1.0104725307848603,1.2392366230972454,-0.18460081638051573
2024-01-13 00:00:00,0,0,0.4980759026108161,0.0,-0.4462278441530914,0.6400379265479336,2.2291220286492863,-0.712874432928305,-0.0038481947783678416,0.0,0.0,1.0104725307848603,1.2392366230972454,-0.18460081638051573
2024-01-14 00:00:00,0,0,0.5229955761027425,0.0,-0.4462278441530914,0.6400379265479336,2.2291220286492863,-0.712874432928305,0.045991152205485,0.0,0.0,1.0104725307848603,1.2392366230972454,-0.18460081638051573
2024-01-15 00:00:00,1,1,0.5642007557745742,0.0065460052519803,-0.4396818389011112,0.6442413610188263,2.2291220286492863,-0.710988742321479,0.12840151154914836,0.12840151154914836,0.0008405169689629343,1.0113222071273253,1.2392366230972454,-0.18391517142245972
2024-01-16 00:00:00,0,0,0.5111558015823755,0.0,-0.4396818389011112,0.6442413610188263,2.2291220286492863,-0.710988742321479,0.022311603164751004,0.0,0.0,1.0113222071273253,1.2392366230972454,-0.18391517142245972
2024-01-17 00:00:00,0,0,0.4686503334286019,0.0,-0.4396818389011112,0.6442413610188263,2.2291220286492863,-0.710988742321479,-0.06269933314279619,0.0,0.0,1.0113222071273253,1.2392366230972454,-0.18391517142245972
2024-01-18 00:00:00,0,0,0.5026998116456604,0.0,-0.4396818389011112,0.6442413610188263,2.2291220286492863,-0.710988742321479,0.00539962329132071,0.0,0.0,1.0113222071273253,1.2392366230972454,-0.18391517142245972
2024-01-19 00:00:00,1,1,0.5656370627908602,0.0036341398720061,-0.4360476990291049,0.6465868836332902,2.2291220286492863,-0.7099365241906102,0.13127412558172047,0.13127412558172047,0.00047706853393926626,1.0118047922339517,1.2392366230972454,-0.1835257501467874
2024-01-20 00:00:00,0,0,0.5054488924126795,0.0,-0.4360476990291049,0.6465868836332902,2.2291220286492863,-0.7099365241906102,0.01089778482535908,0.0,0.0,1.0118047922339517,1.2392366230972454,-0.1835257501467874
2024-01-21 00:00:00,0,0,0.5378559236807049,0.0,-0.4360476990291049,0.6465868836332902,2.2291220286492863,-0.7099365241906102,0.07571184736140979,0.0,0.0,1.0118047922339517,1.2392366230972454,-0.1835257501467874
2024-01-22 00:00:00,0,0,0.4882503796821015,0.0,-0.4360476990291049,0.6465868836332902,2.2291220286492863,-0.7099365241906102,-0.023499240635797003,0.0,0.0,1.0118047922339517,1.2392366230972454,-0.1835257501467874
2024-01-23 00:00:00,1,1,0.5649356985075935,0.0066830899085321,-0.4293646091205728,0.6509225536091805,2.2291220286492863,-0.7079915117955204,0.12987139701518702,0.12987139701518702,0.0008679422227991623,1.012683361552912,1.2392366230972454,-0.1828167900478158
2024-01-24 00:00:00,0,0,0.4912829462286424,0.0,-0.4293646091205728,0.6509225536091805,2.2291220286492863,-0.7079915117955204,-0.017434107542715238,0.0,0.0,1.012683361552912,1.2392366230972454,-0.1828167900478158
2024-01-25 00:00:00,0,0,0.506942986281208,0.0,-0.4293646091205728,0.6509225536091805,2.2291220286492863,-0.7079915117955204,0.013885972562416082,0.0,0.0,1.012683361552912,1.2392366230972454,-0.1828167900478158
2024-01-26 00:00:00,0,0,0.5398048421319271,0.0,-0.4293646091205728,0.6509225536091805,2.2291220286492863,-0.7079915117955204,0.07960968426385429,0.0,0.0,1.012683361552912,1.2392366230972454,-0.1828167900478158
2024-01-27 00:00:00,0,0,0.4719567679840818,0.0,-0.4293646091205728,0.6509225536091805,2.2291220286492863,-0.7079915117955204,-0.05608646403183637,0.0,0.0,1.012683361552912,1.2392366230972454,-0.1828167900478158
2024-01-28 00:00:00,0,0,0.4864747049072754,0.0,-0.4293646091205728,0.6509225536091805,2.2291220286492863,-0.7079915117955204,-0.027050590185449197,0.0,0.0,1.012683361552912,1.2392366230972454,-0.1828167900478158
2024-01-29 00:00:00,0,0,0.5279890070628416,0.0,-0.4293646091205728,0.6509225536091805,2.2291220286492863,-0.7079915117955204,0.05597801412568315,0.0,0.0,1.012683361552912,1.2392366230972454,-0.1828167900478158
2024-01-30 00:00:00,0,0,0.4730950087648984,0.0,-0.4293646091205728,0.6509225536091805,2.2291220286492863,-0.7079915117955204,-0.05380998247020319,0.0,0.0,1.012683361552912,1.2392366230972454,-0.1828167900478158
2024-01-31 00:00:00,0,0,0.5167511206245894,0.0,-0.4293646091205728,0.6509225536091805,2.2291220286492863,-0.7079915117955204,0.03350224124917878,0.0,0.0,1.012683361552912,1.2392366230972454,-0.1828167900478158
2024-02-01 00:00:00,1,1,0.5615407956526861,0.0153334682295292,-0.4140311408910436,0.6609803674278105,2.2291220286492863,-0.7034795049653138,0.12308159130537222,0.12308159130537222,0.0018872676699208224,1.0145963707334171,1.2392366230972454,-0.18127309036621353
2024-02-02 00:00:00,0,0,0.4794564155405922,0.0,-0.4140311408910436,0.6609803674278105,2.2291220286492863,-0.7034795049653138,-0.041087168918815586,0.0,0.0,1.0145963707334171,1.2392366230972454,-0.18127309036621353
2024-02-03 00:00:00,0,0,0.4748698402812085,0.0,-0.4140311408910436,0.6609803674278105,2.2291220286492863,-0.7034795049653138,-0.05026031943758302,0.0,0.0,1.0145963707334171,1.2392366230972454,-0.18127309036621353
2024-02-04 00:00:00,1,1,0.6008906345375981,-0.0161624492518918,-0.4301935901429354,0.650383174763513,2.2291220286492863,-0.7082334809828217,0.2017812690751961,0.2017812690751961,-0.0032612795214101813,1.0112928781014618,1.2392366230972454,-0.18393883843271175
2024-02-05 00:00:00,0,0,0.5310682790021557,0.0,-0.4301935901429354,0.650383174763513,2.2291220286492863,-0.7082334809828217,0.06213655800431139,0.0,0.0,1.0112928781014618,1.2392366230972454,-0.18393883843271175
2024-02-06 00:00:00,0,0,0.5237356659853347,0.0,-0.4301935901429354,0.650383174763513,2.2291220286492863,-0.7082334809828217,0.04747133197066944,0.0,0.0,1.0112928781014618,1.2392366230972454,-0.18393883843271175
2024-02-07 00:00:00,0,0,0.4710495332890613,0.0,-0.4301935901429354,0.650383174763513,2.2291220286492863,-0.7082334809828217,-0.05790093342187741,0.0,0.0,1.0112928781014618,1.2392366230972454,-0.18393883843271175
2024-02-08 00:00:00,0,0,0.52014241467457,0.0,-0.4301935901429354,0.650383174763513,2.2291220286492863,-0.7082334809828217,0.04028482934914002,0.0,0.0,1.0112928781014618,1.2392366230972454,-0.18393883843271175
2024-02-09 00:00:00,0,0,0.4743723293551919,0.0,-0.4301935901429354,0.650383174763513,2.2291220286492863,-0.7082334809828217,-0.051255341289616174,0.0,0.0,1.0112928781014618,1.2392366230972454,-0.18393883843271175
2024-02-10 00:00:00,0,0,0.4996837327296848,0.0,-0.4301935901429354,0.650383174763513,2.2291220286492863,-0.7082334809828217,-0.0006325345406303917,0.0,0.0,1.0112928781014618,1.2392366230972454,-0.18393883843271175
2024-02-11 00:00:00,0,0,0.4721302669707476,0.0,-0.4301935901429354,0.650383174763513,2.2291220286492863,-0.7082334809828217,-0.05573946605850477,0.0,0.0,1.0112928781014618,1.2392366230972454,-0.18393883843271175
2024-02-12 00:00:00,0,0,0.467138441149361,0.0,-0.4301935901429354,0.650383174763513,2.2291220286492863,-0.7082334809828217,-0.06572311770127803,0.0,0.0,1.0112928781014618,1.2392366230972454,-0.18393883843271175
2024-02-13 00:00:00,0,0,0.4749859357554244,0.0,-0.4301935901429354,0.650383174763513,2.2291220286492863,-0.7082334809828217,-0.05002812848915117,0.0,0.0,1.0112928781014618,1.2392366230972454,-0.18393883843271175
2024-02-14 00:00:00,0,0,0.5371174895723646,0.0,-0.4301935901429354,0.650383174763513,2.2291220286492863,-0.7082334809828217,0.07423497914472921,0.0,0.0,1.0112928781014618,1.2392366230972454,-0.18393883843271175
2024-02-15 00:00:00,0,0,0.4796478190752491,0.0,-0.4301935901429354,0.650383174763513,2.2291220286492863,-0.7082334809828217,-0.04070436184950177,0.0,0.0,1.0112928781014618,1.2392366230972454,-0.18393883843271175
2024-02-16 00:00:00,1,1,0.5622357317021263,0.0007267485112837,-0.4294668416316518,0.6508560115634453,2.2291220286492863,-0.7080213630306167,0.12447146340425252,0.12447146340425252,9.045945072634406e-05,1.0113843632375235,1.2392366230972454,-0.18386501464929828
2024-02-17 00:00:00,0,0,0.5174139884068506,0.0,-0.4294668416316518,0.6508560115634453,2.2291220286492863,-0.7080213630306167,0.0348279768137012,0.0,0.0,1.0113843632375235,1.2392366230972454,-0.18386501464929828
2024-02-18 00:00:00,0,0,0.5107727732973678,0.0,-0.4294668416316518,0.6508560115634453,2.2291220286492863,-0.7080213630306167,0.02154554659473562,0.0,0.0,1.0113843632375235,1.2392366230972454,-0.18386501464929828
2024-02-19 00:00:00,0,0,0.4698580197071323,0.0,-0.4294668416316518,0.6508560115634453,2.2291220286492863,-0.7080213630306167,-0.060283960585735374,0.0,0.0,1.0113843632375235,1.2392366230972454,-0.18386501464929828
2024-02-20 00:00:00,0,0,0.5315454719591735,0.0,-0.4294668416316518,0.6508560115634453,2.2291220286492863,-0.7080213630306167,0.06309094391834691,0.0,0.0,1.0113843632375235,1.2392366230972454,-0.18386501464929828
2024-02-21 00:00:00,0,0,0.4851027863283942,0.0,-0.4294668416316518,0.6508560115634453,2.2291220286492863,-0.7080213630306167,-0.029794427343211582,0.0,0.0,1.0113843632375235,1.2392366230972454,-0.18386501464929828
2024-02-22 00:00:00,0,0,0.5156443317518559,0.0,-0.4294668416316518,0.6508560115634453,2.2291220286492863,-0.7080213630306167,0.03128866350371173,0.0,0.0,1.0113843632375235,1.2392366230972454,-0.18386501464929828
2024-02-23 00:00:00,1,1,0.5821200962457207,-0.012073438143916,-0.4415402797755677,0.6430451883928227,2.2291220286492863,-0.7115253538710622,0.1642401924914414,0.1642401924914414,-0.0019829438047902744,1.009380831981627,1.2392366230972454,-0.1854817609740549
2024-02-24 00:00:00,1,1,0.582829422995649,0.0106759091870422,-0.4308643705885254,0.6499470567338166,2.2291220286492863,-0.7084291266334821,0.165658845991298,0.165658845991298,0.001768558795833307,1.011167560832175,1.2392366230972454,-0.18403996300162062
2024-02-25 00:00:00,0,0,0.469942435469704,0.0,-0.4308643705885254,0.6499470567338166,2.2291220286492863,-0.7084291266334821,-0.06011512906059202,0.0,0.0,1.011167560832175,1.2392366230972454,-0.18403996300162062
2024-02-26 00:00:00,0,0,0.4916979272194945,0.0,-0.4308643705885254,0.6499470567338166,2.2291220286492863,-0.7084291266334821,-0.016604145561010974,0.0,0.0,1.011167560832175,1.2392366230972454,-0.18403996300162062
2024-02-27 00:00:00,0,0,0.5195749863563512,0.0,-0.4308643705885254,0.6499470567338166,2.2291220286492863,-0.7084291266334821,0.039149972712702485,0.0,0.0,1.011167560832175,1.2392366230972454,-0.18403996300162062
2024-02-28 00:00:00,0,0,0.4653850039256599,0.0,-0.4308643705885254,0.6499470567338166,2.2291220286492863,-0.7084291266334821,-0.0692299921486802,0.0,0.0,1.011167560832175,1.2392366230972454,-0.18403996300162062
2024-02-29 00:00:00,0,0,0.4523687169364873,0.0,-0.4308643705885254,0.6499470567338166,2.2291220286492863,-0.7084291266334821,-0.09526256612702544,0.0,0.0,1.011167560832175,1.2392366230972454,-0.18403996300162062
2024-03-01 00:00:00,1,1,0.5658668189262533,0.0119060418496682,-0.4189583287388572,0.6577316032021503,2.2291220286492863,-0.7049369237086154,0.1317336378525067,0.1317336378525067,0.0015684262052809796,1.0127547468992566,1.2392366230972454,-0.18275918575738892
2024-03-02 00:00:00,0,0,0.4769950034130517,0.0,-0.4189583287388572,0.6577316032021503,2.2291220286492863,-0.7049369237086154,-0.046009993173896646,0.0,0.0,1.0127547468992566,1.2392366230972454,-0.18275918575738892
2024-03-03 00:00:00,1,1,0.5670178995677294,0.026516948270768,-0.3924413804680891,0.6754059371720624,2.2291220286492863,-0.6970080917547086,0.13403579913545882,0.13403579913545882,0.0035542203521060117,1.016360704820879,1.2392366230972454,-0.17984936381183514
2024-03-04 00:00:00,0,0,0.4759860745115851,0.0,-0.3924413804680891,0.6754059371720624,2.2291220286492863,-0.6970080917547086,-0.04802785097682982,0.0,0.0,1.016360704820879,1.2392366230972454,-0.17984936381183514
2024-03-05 00:00:00,0,0,0.5193303926687262,0.0,-0.3924413804680891,0.6754059371720624,2.2291220286492863,-0.6970080917547086,0.03866078533745232,0.0,0.0,1.016360704820879,1.2392366230972454,-0.17984936381183514
2024-03-06 00:00:00,1,1,0.5675159721610231,0.0417309259907151,-0.350710454477374,0.7041876187122051,2.2291220286492863,-0.6840964246632562,0.13503194432204624,0.13503194432204624,0.0056350080748856736,1.0221040723632078,1.2392366230972454,-0.17521476261035163
2024-03-07 00:00:00,0,0,0.4907902178931708,0.0,-0.350710454477374,0.7041876187122051,2.2291220286492863,-0.6840964246632562,-0.018419564213658424,0.0,0.0,1.0221040723632078,1.2392366230972454,-0.17521476261035163
2024-03-08 00:00:00,0,0,0.4864598819657429,0.0,-0.350710454477374,0.7041876187122051,2.2291220286492863,-0.6840964246632562,-0.027080236068514174,0.0,0.0,1.0221040723632078,1.2392366230972454,-0.17521476261035163
2024-03-09 00:00:00,0,0,0.4746525665522838,0.0,-0.350710454477374,0.7041876187122051,2.2291220286492863,-0.6840964246632562,-0.050694866895432456,0.0,0.0,1.0221040723632078,1.2392366230972454,-0.17521476261035163
2024-03-10 00:00:00,0,0,0.4949815255931438,0.0,-0.350710454477374,0.7041876187122051,2.2291220286492863,-0.6840964246632562,-0.01003694881371242,0.0,0.0,1.0221040723632078,1.2392366230972454,-0.17521476261035163
2024-03-11 00:00:00,0,0,0.5342255179426183,0.0,-0.350710454477374,0.7041876187122051,2.2291220286492863,-0.6840964246632562,0.0684510358852366,0.0,0.0,1.0221040723632078,1.2392366230972454,-0.17521476261035163
2024-03-12 00:00:00,0,0,0.4783030462483511,0.0,-0.350710454477374,0.7041876187122051,2.2291220286492863,-0.6840964246632562,-0.043393907503297746,0.0,0.0,1.0221040723632078,1.2392366230972454,-0.17521476261035163
2024-03-13 00:00:00,1,1,0.563347448426352,0.0188558447005549,-0.3318546097768191,0.7175916460800473,2.2291220286492863,-0.6780832826299489,0.12669489685270396,0.12669489685270396,0.0023889392994074074,1.024548735863468,1.2392366230972454,-0.17324204533045862
2024-03-14 00:00:00,0,0,0.4608298186688656,0.0,-0.3318546097768191,0.7175916460800473,2.2291220286492863,-0.6780832826299489,-0.07834036266226885,0.0,0.0,1.024548735863468,1.2392366230972454,-0.17324204533045862
2024-03-15 00:00:00,0,0,0.534943098632467,0.0,-0.3318546097768191,0.7175916460800473,2.2291220286492863,-0.6780832826299489,0.06988619726493406,0.0,0.0,1.024548735863468,1.2392366230972454,-0.17324204533045862
2024-03-16 00:00:00,0,0,0.4695512057504299,0.0,-0.3318546097768191,0.7175916460800473,2.2291220286492863,-0.6780832826299489,-0.060897588499140176,0.0,0.0,1.024548735863468,1.2392366230972454,-0.17324204533045862
2024-03-17 00:00:00,0,0,0.5362835249839991,0.0,-0.3318546097768191,0.7175916460800473,2.2291220286492863,-0.6780832826299489,0.07256704996799823,0.0,0.0,1.024548735863468,1.2392366230972454,-0.17324204533045862
2024-03-18 00:00:00,0,0,0.4898537235028296,0.0,-0.3318546097768191,0.7175916460800473,2.2291220286492863,-0.6780832826299489,-0.02029255299434085,0.0,0.0,1.024548735863468,1.2392366230972454,-0.17324204533045862
2024-03-19 00:00:00,1,1,0.5566053288160904,-0.0602104999050381,-0.3920651096818572,0.6756601205129517,2.2291220286492863,-0.6968940632997284,0.11321065763218074,0.11321065763218074,-0.006816470290611719,1.017588678306427,1.2392366230972454,-0.17885845258256639
2024-03-20 00:00:00,0,0,0.5410134640978901,0.0,-0.3920651096818572,0.6756601205129517,2.2291220286492863,-0.6968940632997284,0.08202692819578017,0.0,0.0,1.017588678306427,1.2392366230972454,-0.17885845258256639
2024-03-21 00:00:00,0,0,0.5164484793405543,0.0,-0.3920651096818572,0.6756601205129517,2.2291220286492863,-0.6968940632997284,0.032896958681108535,0.0,0.0,1.017588678306427,1.2392366230972454,-0.17885845258256639
2024-03-22 00:00:00,1,1,0.5842576367241286,-0.035355684230691,-0.4274207939125483,0.6521890572939123,2.2291220286492863,-0.7074233492326575,0.16851527344825712,0.16851527344825712,-0.0059579727960851255,1.0115439377245037,1.2392366230972454,-0.18373624627366603
2024-03-23 00:00:00,0,0,0.5375078084953956,0.0,-0.4274207939125483,0.6521890572939123,2.2291220286492863,-0.7074233492326575,0.07501561699079118,0.0,0.0,1.0115439377245037,1.2392366230972454,-0.18373624627366603
2024-03-24 00:00:00,0,0,0.5261535434396907,0.0,-0.4274207939125483,0.6521890572939123,2.2291220286492863,-0.7074233492326575,0.05230708687938135,0.0,0.0,1.0115439377245037,1.2392366230972454,-0.18373624627366603
2024-03-25 00:00:00,0,0,0.4645454053975035,0.0,-0.4274207939125483,0.6521890572939123,2.2291220286492863,-0.7074233492326575,-0.070909189204993,0.0,0.0,1.0115439377245037,1.2392366230972454,-0.18373624627366603
2024-03-26 00:00:00,0,0,0.4919501026555255,0.0,-0.4274207939125483,0.6521890572939123,2.2291220286492863,-0.7074233492326575,-0.016099794688948954,0.0,0.0,1.0115439377245037,1.2392366230972454,-0.18373624627366603
2024-03-27 00:00:00,0,0,0.4728054864679308,0.0,-0.4274207939125483,0.6521890572939123,2.2291220286492863,-0.7074233492326575,-0.054389027064138395,0.0,0.0,1.0115439377245037,1.2392366230972454,-0.18373624627366603
2024-03-28 00:00:00,0,0,0.5310948118684942,0.0,-0.4274207939125483,0.6521890572939123,2.2291220286492863,-0.7074233492326575,0.06218962373698833,0.0,0.0,1.0115439377245037,1.2392366230972454,-0.18373624627366603
2024-03-29 00:00:00,0,0,0.479125772582478,0.0,-0.4274207939125483,0.6521890572939123,2.2291220286492863,-0.7074233492326575,-0.04174845483504397,0.0,0.0,1.0115439377245037,1.2392366230972454,-0.18373624627366603
2024-03-30 00:00:00,0,0,0.5269772773317147,0.0,-0.4274207939125483,0.6521890572939123,2.2291220286492863,-0.7074233492326575,0.053954554663429466,0.0,0.0,1.0115439377245037,1.2392366230972454,-0.18373624627366603
2024-03-31 00:00:00,0,0,0.5243350432856206,0.0,-0.4274207939125483,0.6521890572939123,2.2291220286492863,-0.7074233492326575,0.04867008657124128,0.0,0.0,1.0115439377245037,1.2392366230972454,-0.18373624627366603
2024-04-01 00:00:00,0,0,0.4830080144599192,0.0,-0.4274207939125483,0.6521890572939123,2.2291220286492863,-0.7074233492326575,-0.0339839710801616,0.0,0.0,1.0115439377245037,1.2392366230972454,-0.18373624627366603
2024-04-02 00:00:00,1,1,0.5600953044742668,-0.059814278175339,-0.4872350720878873,0.6143226058723104,2.2291220286492863,-0.7244105087218788,0.12019060894853362,0.12019060894853362,-0.007189114517710979,1.0042979099863427,1.2392366230972454,-0.18958341670351564
2024-04-03 00:00:00,1,1,0.5537826258956072,0.0126702828793558,-0.4745647892085314,0.6221557664563286,2.2291220286492863,-0.7208964971588758,0.10756525179121446,0.10756525179121446,0.0013628821681838203,1.005667582838753,1.2392366230972454,-0.1884781613980463
2024-04-04 00:00:00,0,0,0.4753571766854153,0.0,-0.4745647892085314,0.6221557664563286,2.2291220286492863,-0.7208964971588758,-0.049285646629169455,0.0,0.0,1.005667582838753,1.2392366230972454,-0.1884781613980463
2024-04-05 00:00:00,0,0,0.4820672714203487,0.0,-0.4745647892085314,0.6221557664563286,2.2291220286492863,-0.7208964971588758,-0.03586545715930256,0.0,0.0,1.005667582838753,1.2392366230972454,-0.1884781613980463
2024-04-06 00:00:00,0,0,0.490618915650498,0.0,-0.4745647892085314,0.6221557664563286,2.2291220286492863,-0.7208964971588758,-0.018762168699004045,0.0,0.0,1.005667582838753,1.2392366230972454,-0.1884781613980463
2024-04-07 00:00:00,0,0,0.4634542654725229,0.0,-0.4745647892085314,0.6221557664563286,2.2291220286492863,-0.7208964971588758,-0.07309146905495423,0.0,0.0,1.005667582838753,1.2392366230972454,-0.1884781613980463
2024-04-08 00:00:00,0,0,0.4691975326870396,0.0,-0.4745647892085314,0.6221557664563286,2.2291220286492863,-0.7208964971588758,-0.06160493462592076,0.0,0.0,1.005667582838753,1.2392366230972454,-0.1884781613980463
2024-04-09 00:00:00,0,0,0.4721965928788318,0.0,-0.4745647892085314,0.6221557664563286,2.2291220286492863,-0.7208964971588758,-0.05560681424233638,0.0,0.0,1.005667582838753,1.2392366230972454,-0.1884781613980463
2024-04-10 00:00:00,0,0,0.5359056691858171,0.0,-0.4745647892085314,0.6221557664563286,2.2291220286492863,-0.7208964971588758,0.07181133837163411,0.0,0.0,1.005667582838753,1.2392366230972454,-0.1884781613980463
2024-04-11 00:00:00,0,0,0.479372478609366,0.0,-0.4745647892085314,0.6221557664563286,2.2291220286492863,-0.7208964971588758,-0.041255042781268014,0.0,0.0,1.005667582838753,1.2392366230972454,-0.1884781613980463
2024-04-12 00:00:00,0,0,0.5382339415601358,0.0,-0.4745647892085314,0.6221557664563286,2.2291220286492863,-0.7208964971588758,0.07646788312027164,0.0,0.0,1.005667582838753,1.2392366230972454,-0.1884781613980463
2024-04-13 00:00:00,0,0,0.5146949147013418,0.0,-0.4745647892085314,0.6221557664563286,2.2291220286492863,-0.7208964971588758,0.02938982940268353,0.0,0.0,1.005667582838753,1.2392366230972454,-0.1884781613980463
2024-04-14 00:00:00,1,1,0.5637839722393482,0.0270768885420456,-0.4474879006664858,0.6392319504841021,2.2291220286492863,-0.713235999524244,0.12756794447869635,0.12756794447869635,0.0034541430141875225,1.0091473087703722,1.2392366230972454,-0.18567020215381225
2024-04-15 00:00:00,0,0,0.4588152888017018,0.0,-0.4474879006664858,0.6392319504841021,2.2291220286492863,-0.713235999524244,-0.08236942239659639,0.0,0.0,1.0091473087703722,1.2392366230972454,-0.18567020215381225
2024-04-16 00:00:00,0,0,0.5391086522423498,0.0,-0.4474879006664858,0.6392319504841021,2.2291220286492863,-0.713235999524244,0.07821730448469966,0.0,0.0,1.0091473087703722,1.2392366230972454,-0.18567020215381225
2024-04-17 00:00:00,0,0,0.4836619504435591,0.0,-0.4474879006664858,0.6392319504841021,2.2291220286492863,-0.713235999524244,-0.03267609911288183,0.0,0.0,1.0091473087703722,1.2392366230972454,-0.18567020215381225
2024-04-18 00:00:00,1,1,0.5593847758236989,0.0182621384621061,-0.4292257622043796,0.6510129384731144,2.2291220286492863,-0.707950964502563,0.11876955164739789,0.11876955164739789,0.002168985997267042,1.0113385106363146,1.2392366230972454,-0.18390201533210104
2024-04-19 00:00:00,0,0,0.4967604227796067,0.0,-0.4292257622043796,0.6510129384731144,2.2291220286492863,-0.707950964502563,-0.006479154440786616,0.0,0.0,1.0113385106363146,1.2392366230972454,-0.18390201533210104
2024-04-20 00:00:00,0,0,0.5390632993135308,0.0,-0.4292257622043796,0.6510129384731144,2.2291220286492863,-0.707950964502563,0.07812659862706162,0.0,0.0,1.0113385106363146,1.2392366230972454,-0.18390201533210104
2024-04-21 00:00:00,0,0,0.4674577102357278,0.0,-0.4292257622043796,0.6510129384731144,2.2291220286492863,-0.707950964502563,-0.0650845795285444,0.0,0.0,1.0113385106363146,1.2392366230972454,-0.18390201533210104
2024-04-22 00:00:00,0,0,0.4789883571481143,0.0,-0.4292257622043796,0.6510129384731144,2.2291220286492863,-0.707950964502563,-0.04202328570377145,0.0,0.0,1.0113385106363146,1.2392366230972454,-0.18390201533210104
2024-04-23 00:00:00,0,0,0.4675573843897032,0.0,-0.4292257622043796,0.6510129384731144,2.2291220286492863,-0.707950964502563,-0.06488523122059364,0.0,0.0,1.0113385106363146,1.2392366230972454,-0.18390201533210104
2024-04-24 00:00:00,0,0,0.4939707258380241,0.0,-0.4292257622043796,0.6510129384731144,2.2291220286492863,-0.707950964502563,-0.012058548323951812,0.0,0.0,1.0113385106363146,1.2392366230972454,-0.18390201533210104
2024-04-25 00:00:00,1,1,0.5549961641916226,-0.0048834704926928,-0.4341092326970724,0.6478414861474509,2.2291220286492863,-0.7093737005775302,0.10999232838324513,0.10999232838324513,-0.0005371442900821543,1.0107954218015773,1.2392366230972454,-0.18434025999386705
2024-04-26 00:00:00,0,0,0.5336015816069217,0.0,-0.4341092326970724,0.6478414861474509,2.2291220286492863,-0.7093737005775302,0.06720316321384345,0.0,0.0,1.0107954218015773,1.2392366230972454,-0.18434025999386705
2024-04-27 00:00:00,1,1,0.5955808556006872,0.0058546788168441,-0.4282545538802284,0.651645514790059,2.2291220286492863,-0.707667186266641,0.19116171120137437,0.19116171120137437,0.001119190421162356,1.011927327646351,1.2392366230972454,-0.18342687039282002
2024-04-28 00:00:00,0,0,0.475458230680662,0.0,-0.4282545538802284,0.651645514790059,2.2291220286492863,-0.707667186266641,-0.04908353863867598,0.0,0.0,1.011927327646351,1.2392366230972454,-0.18342687039282002
2024-04-29 00:00:00,0,0,0.5253657297514883,0.0,-0.4282545538802284,0.651645514790059,2.2291220286492863,-0.707667186266641,0.05073145950297664,0.0,0.0,1.011927327646351,1.2392366230972454,-0.18342687039282002
2024-04-30 00:00:00,0,0,0.4836366601173999,0.0,-0.4282545538802284,0.651645514790059,2.2291220286492863,-0.707667186266641,-0.03272667976520016,0.0,0.0,1.011927327646351,1.2392366230972454,-0.18342687039282002
2024-05-01 00:00:00,1,1,0.5618546712860497,-0.0429233470663917,-0.47117790094662,0.6242665109289616,2.2291220286492863,-0.7199496021726413,0.12370934257209942,0.12370934257209942,-0.00531001904657737,1.0065682153492386,1.2392366230972454,-0.18775139744215652
2024-05-02 00:00:00,0,0,0.5365887238083606,0.0,-0.47117790094662,0.6242665109289616,2.2291220286492863,-0.7199496021726413,0.07317744761672129,0.0,0.0,1.0065682153492386,1.2392366230972454,-0.18775139744215652
2024-05-03 00:00:00,0,0,0.470001312980251,0.0,-0.47117790094662,0.6242665109289616,2.2291220286492863,-0.7199496021726413,-0.05999737403949801,0.0,0.0,1.0065682153492386,1.2392366230972454,-0.18775139744215652
2024-05-04 00:00:00,0,0,0.4742135869560797,0.0,-0.47117790094662,0.6242665109289616,2.2291220286492863,-0.7199496021726413,-0.05157282608784064,0.0,0.0,1.0065682153492386,1.2392366230972454,-0.18775139744215652
2024-05-05 00:00:00,0,0,0.5023997012153149,0.0,-0.47117790094662,0.6242665109289616,2.2291220286492863,-0.7199496021726413,0.004799402430629707,0.0,0.0,1.0065682153492386,1.2392366230972454,-0.18775139744215652
2024-05-06 00:00:00,0,0,0.4663392988316586,0.0,-0.47117790094662,0.6242665109289616,2.2291220286492863,-0.7199496021726413,-0.06732140233668282,0.0,0.0,1.0065682153492386,1.2392366230972454,-0.18775139744215652
2024-05-07 00:00:00,0,0,0.5385831131500892,0.0,-0.47117790094662,0.6242665109289616,2.2291220286492863,-0.7199496021726413,0.07716622630017844,0.0,0.0,1.0065682153492386,1.2392366230972454,-0.18775139744215652
2024-05-08 00:00:00,1,1,0.5706454271580161,-0.020131935548922,-0.491309836495542,0.6118244790786688,2.2291220286492863,-0.725531186173151,0.14129085431603228,0.14129085431603228,-0.00284445837274249,1.0037091421464235,1.2392366230972454,-0.1900585219650498
2024-05-09 00:00:00,1,1,0.562758649704696,0.0221935949714321,-0.4691162415241099,0.6255548634791244,2.2291220286492863,-0.7193716380533133,0.12551729940939205,0.12551729940939205,0.0027856801050000204,1.0065090527519303,1.2392366230972454,-0.18779913860490594
2024-05-10 00:00:00,0,0,0.4790114303226792,0.0,-0.4691162415241099,0.6255548634791244,2.2291220286492863,-0.7193716380533133,-0.041977139354641646,0.0,0.0,1.0065090527519303,1.2392366230972454,-0.18779913860490594
2024-05-11 00:00:00,0,0,0.5393338206542129,0.0,-0.4691162415241099,0.6255548634791244,2.2291220286492863,-0.7193716380533133,0.07866764130842574,0.0,0.0,1.0065090527519303,1.2392366230972454,-0.18779913860490594
2024-05-12 00:00:00,0,0,0.5175671049516319,0.0,-0.4691162415241099,0.6255548634791244,2.2291220286492863,-0.7193716380533133,0.03513420990326388,0.0,0.0,1.0065090527519303,1.2392366230972454,-0.18779913860490594
2024-05-13 00:00:00,0,0,0.4877506834382629,0.0,-0.4691162415241099,0.6255548634791244,2.2291220286492863,-0.7193716380533133,-0.024498633123474223,0.0,0.0,1.0065090527519303,1.2392366230972454,-0.18779913860490594
2024-05-14 00:00:00,0,0,0.4604444814034542,0.0,-0.4691162415241099,0.6255548634791244,2.2291220286492863,-0.7193716380533133,-0.07911103719309165,0.0,0.0,1.0065090527519303,1.2392366230972454,-0.18779913860490594
2024-05-15 00:00:00,0,0,0.5353128586990445,0.0,-0.4691162415241099,0.6255548634791244,2.2291220286492863,-0.7193716380533133,0.0706257173980891,0.0,0.0,1.0065090527519303,1.2392366230972454,-0.18779913860490594
2024-05-16 00:00:00,0,0,0.5048507403160102,0.0,-0.4691162415241099,0.6255548634791244,2.2291220286492863,-0.7193716380533133,0.009701480632020365,0.0,0.0,1.0065090527519303,1.2392366230972454,-0.18779913860490594
2024-05-17 00:00:00,1,1,0.5562260481880773,0.0198904436202563,-0.4492257979038536,0.6381219958162591,2.2291220286492863,-0.7137339330844429,0.11245209637615461,0.11245209637615461,0.002236722082949531,1.0087628534001163,1.2392366230972454,-0.18598043779653806
2024-05-18 00:00:00,0,0,0.4678529154174891,0.0,-0.4492257979038536,0.6381219958162591,2.2291220286492863,-0.7137339330844429,-0.06429416916502184,0.0,0.0,1.0087628534001163,1.2392366230972454,-0.18598043779653806
2024-05-19 00:00:00,1,1,0.5581436365515322,-0.0076964582815072,-0.4569222561853608,0.6332295678313032,2.2291220286492863,-0.7159287110831692,0.11628727310306441,0.11628727310306441,-0.0008950001461079697,1.0078604144006929,1.2392366230972454,-0.18670865949577087
2024-05-20 00:00:00,0,0,0.5148221444175607,0.0,-0.4569222561853608,0.6332295678313032,2.2291220286492863,-0.7159287110831692,0.02964428883512138,0.0,0.0,1.0078604144006929,1.2392366230972454,-0.18670865949577087
2024-05-21 00:00:00,0,0,0.5463213257402324,0.0,-0.4569222561853608,0.6332295678313032,2.2291220286492863,-0.7159287110831692,0.0926426514804648,0.0,0.0,1.0078604144006929,1.2392366230972454,-0.18670865949577087
2024-05-22 00:00:00,1,1,0.550564019291662,-0.0098841839116276,-0.4668064400969884,0.6270014410058028,2.2291220286492863,-0.7187226930839099,0.10112803858332398,0.10112803858332398,-0.000999568131979746,1.006853492576295,1.2392366230972454,-0.18752119344258167
2024-05-23 00:00:00,1,1,0.5560739744457411,-0.0249951561205834,-0.4918015962175718,0.6115236824088112,2.2291220286492863,-0.7256661256991132,0.11214794889148227,0.11214794889148227,-0.002803155491145807,1.0040350777528118,1.2392366230972454,-0.1897955087516623
2024-05-24 00:00:00,0,0,0.5360311995870736,0.0,-0.4918015962175718,0.6115236824088112,2.2291220286492863,-0.7256661256991132,0.07206239917414714,0.0,0.0,1.0040350777528118,1.2392366230972454,-0.1897955087516623
2024-05-25 00:00:00,0,0,0.4799053943502053,0.0,-0.4918015962175718,0.6115236824088112,2.2291220286492863,-0.7256661256991132,-0.04018921129958941,0.0,0.0,1.0040350777528118,1.2392366230972454,-0.1897955087516623
2024-05-26 00:00:00,0,0,0.4961282857829424,0.0,-0.4918015962175718,0.6115236824088112,2.2291220286492863,-0.7256661256991132,-0.00774342843411524,0.0,0.0,1.0040350777528118,1.2392366230972454,-0.1897955087516623
2024-05-27 00:00:00,0,0,0.4914017324009025,0.0,-0.4918015962175718,0.6115236824088112,2.2291220286492863,-0.7256661256991132,-0.017196535198194973,0.0,0.0,1.0040350777528118,1.2392366230972454,-0.1897955087516623
2024-05-28 00:00:00,0,0,0.4796393783418392,0.0,-0.4918015962175718,0.6115236824088112,2.2291220286492863,-0.7256661256991132,-0.040721243316321654,0.0,0.0,1.0040350777528118,1.2392366230972454,-0.1897955087516623
2024-05-29 00:00:00,0,0,0.5186425359113191,0.0,-0.4918015962175718,0.6115236824088112,2.2291220286492863,-0.7256661256991132,0.037285071822638294,0.0,0.0,1.0040350777528118,1.2392366230972454,-0.1897955087516623
2024-05-30 00:00:00,0,0,0.5441360306126211,0.0,-0.4918015962175718,0.6115236824088112,2.2291220286492863,-0.7256661256991132,0.08827206122524212,0.0,0.0,1.0040350777528118,1.2392366230972454,-0.1897955087516623
2024-05-31 00:00:00,0,0,0.4935285869424239,0.0,-0.4918015962175718,0.6115236824088112,2.2291220286492863,-0.7256661256991132,-0.012942826115152184,0.0,0.0,1.0040350777528118,1.2392366230972454,-0.1897955087516623
2024-06-01 00:00:00,1,1,0.5612031470604048,0.0024430014506807,-0.4893585947668911,0.613019462003989,2.2291220286492863,-0.7249951083317578,0.1224062941208095,0.1224062941208095,0.00029903875410958603,1.0043353680485254,1.2392366230972454,-0.18955318998047943
2024-06-02 00:00:00,0,0,0.4960960360892358,0.0,-0.4893585947668911,0.613019462003989,2.2291220286492863,-0.7249951083317578,-0.007807927821528393,0.0,0.0,1.0043353680485254,1.2392366230972454,-0.18955318998047943
2024-06-03 00:00:00,0,0,0.4906654692950161,0.0,-0.4893585947668911,0.613019462003989,2.2291220286492863,-0.7249951083317578,-0.018669061409967824,0.0,0.0,1.0043353680485254,1.2392366230972454,-0.18955318998047943
2024-06-04 00:00:00,0,0,0.4671679689792452,0.0,-0.4893585947668911,0.613019462003989,2.2291220286492863,-0.7249951083317578,-0.06566406204150965,0.0,0.0,1.0043353680485254,1.2392366230972454,-0.18955318998047943
2024-06-05 00:00:00,0,0,0.4733232779975055,0.0,-0.4893585947668911,0.613019462003989,2.2291220286492863,-0.7249951083317578,-0.05335344400498898,0.0,0.0,1.0043353680485254,1.2392366230972454,-0.18955318998047943
2024-06-06 00:00:00,0,0,0.4785025035984902,0.0,-0.4893585947668911,0.613019462003989,2.2291220286492863,-0.7249951083317578,-0.04299499280301955,0.0,0.0,1.0043353680485254,1.2392366230972454,-0.18955318998047943
2024-06-07 00:00:00,1,1,0.5622188472854268,-0.0221228547330456,-0.5114814494999368,0.5996066335636474,2.2291220286492863,-0.7310121985887992,0.12443769457085363,0.12443769457085363,-0.002752917040306092,1.0015743183138042,1.2392366230972454,-0.1917812146234411
2024-06-08 00:00:00,1,1,0.5521269821373292,-0.0029153363966911,-0.5143967858966279,0.5978611241309958,2.2291220286492863,-0.7317952465378202,0.1042539642746585,0.1042539642746585,-0.00030393537654924553,1.0012699507026108,1.2392366230972454,-0.19202682357779288
2024-06-09 00:00:00,1,1,0.6212652137728406,0.0031964010099447,-0.5112003848866832,0.5997751854560909,2.2291220286492863,-0.7309365850107727,0.24253042754568122,0.24253042754568122,0.0007752245035493354,1.0020464606489434,1.2392366230972454,-0.19140022012542568
2024-06-10 00:00:00,0,0,0.5244733897108228,0.0,-0.5112003848866832,0.5997751854560909,2.2291220286492863,-0.7309365850107727,0.0489467794216456,0.0,0.0,1.0020464606489434,1.2392366230972454,-0.19140022012542568
2024-06-11 00:00:00,0,0,0.4998312864535284,0.0,-0.5112003848866832,0.5997751854560909,2.2291220286492863,-0.7309365850107727,-0.00033742709294315443,0.0,0.0,1.0020464606489434,1.2392366230972454,-0.19140022012542568
2024-06-12 00:00:00,0,0,0.5312570549517762,0.0,-0.5112003848866832,0.5997751854560909,2.2291220286492863,-0.7309365850107727,0.06251410990355244,0.0,0.0,1.0020464606489434,1.2392366230972454,-0.19140022012542568
2024-06-13 00:00:00,0,0,0.5049702664096614,0.0,-0.5112003848866832,0.5997751854560909,2.2291220286492863,-0.7309365850107727,0.009940532819322723,0.0,0.0,1.0020464606489434,1.2392366230972454,-0.19140022012542568
2024-06-14 00:00:00,1,1,0.5632035624985539,-0.0091573898503431,-0.5203577747370263,0.5943078815830865,2.2291220286492863,-0.7333892564225382,0.1264071249971077,0.1264071249971077,-0.0011575593234595656,1.0008872035097793,1.2392366230972454,-0.19233568080949326
2024-06-15 00:00:00,0,0,0.548906236293818,0.0,-0.5203577747370263,0.5943078815830865,2.2291220286492863,-0.7333892564225382,0.09781247258763592,0.0,0.0,1.0008872035097793,1.2392366230972454,-0.19233568080949326
2024-06-16 00:00:00,1,1,0.5666598333839734,0.0053580322709214,-0.5149997424661049,0.5975007484949127,2.2291220286492863,-0.7319569136118751,0.13331966676794682,0.13331966676794682,0.0007143310768911465,1.0016024237653238,1.2392366230972454,-0.191758534974538
2024-06-17 00:00:00,0,0,0.4889211053232503,0.0,-0.5149997424661049,0.5975007484949127,2.2291220286492863,-0.7319569136118751,-0.022157789353499435,0.0,0.0,1.0016024237653238,1.2392366230972454,-0.191758534974538
2024-06-18 00:00:00,1,1,0.553430495680414,-0.0102817269404383,-0.5252814694065432,0.5913888830602657,2.2291220286492863,-0.7346987399255968,0.10686099136082805,0.10686099136082805,-0.0010987155337565703,1.0005025519574497,1.2392366230972454,-0.1926460747610278
2024-06-19 00:00:00,0,0,0.5476972040697043,0.0,-0.5252814694065432,0.5913888830602657,2.2291220286492863,-0.7346987399255968,0.09539440813940869,0.0,0.0,1.0005025519574497,1.2392366230972454,-0.1926460747610278
2024-06-20 00:00:00,0,0,0.5020742219178955,0.0,-0.5252814694065432,0.5913888830602657,2.2291220286492863,-0.7346987399255968,0.004148443835791049,0.0,0.0,1.0005025519574497,1.2392366230972454,-0.1926460747610278
2024-06-21 00:00:00,1,1,0.5703092712662576,-0.0130342705529671,-0.5383157399595103,0.5837305789836397,2.2291220286492863,-0.7381343096154565,0.14061854253251527,0.14061854253251527,-0.0018328601281327153,0.9986704502278706,1.2392366230972454,-0.19412448630522527
2024-06-22 00:00:00,0,0,0.5463953620365575,0.0,-0.5383157399595103,0.5837305789836397,2.2291220286492863,-0.7381343096154565,0.09279072407311495,0.0,0.0,0.9986704502278706,1.2392366230972454,-0.19412448630522527
2024-06-23 00:00:00,0,0,0.5035746420420705,0.0,-0.5383157399595103,0.5837305789836397,2.2291220286492863,-0.7381343096154565,0.00714928408414095,0.0,0.0,0.9986704502278706,1.2392366230972454,-0.19412448630522527
2024-06-24 00:00:00,0,0,0.5214507503249227,0.0,-0.5383157399595103,0.5837305789836397,2.2291220286492863,-0.7381343096154565,0.04290150064984544,0.0,0.0,0.9986704502278706,1.2392366230972454,-0.19412448630522527
2024-06-25 00:00:00,0,0,0.5496771426876553,0.0,-0.5383157399595103,0.5837305789836397,2.2291220286492863,-0.7381343096154565,0.09935428537531066,0.0,0.0,0.9986704502278706,1.2392366230972454,-0.19412448630522527
2024-06-26 00:00:00,0,0,0.4802822088625383,0.0,-0.5383157399595103,0.5837305789836397,2.2291220286492863,-0.7381343096154565,-0.039435582274923386,0.0,0.0,0.9986704502278706,1.2392366230972454,-0.19412448630522527
2024-06-27 00:00:00,0,0,0.5351177893035202,0.0,-0.5383157399595103,0.5837305789836397,2.2291220286492863,-0.7381343096154565,0.07023557860704033,0.0,0.0,0.9986704502278706,1.2392366230972454,-0.19412448630522527
2024-06-28 00:00:00,0,0,0.4880084183871814,0.0,-0.5383157399595103,0.5837305789836397,2.2291220286492863,-0.7381343096154565,-0.023983163225637205,0.0,0.0,0.9986704502278706,1.2392366230972454,-0.19412448630522527
2024-06-29 00:00:00,1,1,0.5558899551959394,0.0031683127493712,-0.535147427210139,0.5855829529196682,2.2291220286492863,-0.7373033214899876,0.11177991039187885,0.11177991039187885,0.00035415371521816004,0.9990241957145392,1.2392366230972454,-0.19383903195367091
2024-06-30 00:00:00,0,0,0.5359276831593922,0.0,-0.535147427210139,0.5855829529196682,2.2291220286492863,-0.7373033214899876,0.07185536631878442,0.0,0.0,0.9990241957145392,1.2392366230972454,-0.19383903195367091
2024-07-01 00:00:00,0,0,0.4687195578968832,0.0,-0.535147427210139,0.5855829529196682,2.2291220286492863,-0.7373033214899876,-0.06256088420623362,0.0,0.0,0.9990241957145392,1.2392366230972454,-0.19383903195367091
2024-07-02 00:00:00,0,0,0.5127258779246607,0.0,-0.535147427210139,0.5855829529196682,2.2291220286492863,-0.7373033214899876,0.025451755849321467,0.0,0.0,0.9990241957145392,1.2392366230972454,-0.19383903195367091
2024-07-03 00:00:00,1,1,0.5502847418813933,-0.0281638521521757,-0.5633112793623146,0.5693207591416991,2.2291220286492863,-0.74459865730784,0.10056948376278663,0.10056948376278663,-0.002832424071715757,0.996198539152302,1.2392366230972454,-0.19611919097219221
2024-07-04 00:00:00,0,0,0.531982103117195,0.0,-0.5633112793623146,0.5693207591416991,2.2291220286492863,-0.74459865730784,0.06396420623438992,0.0,0.0,0.996198539152302,1.2392366230972454,-0.19611919097219221
2024-07-05 00:00:00,0,0,0.5429822144325452,0.0,-0.5633112793623146,0.5693207591416991,2.2291220286492863,-0.74459865730784,0.08596442886509048,0.0,0.0,0.996198539152302,1.2392366230972454,-0.19611919097219221
2024-07-06 00:00:00,-1,-1,0.4210295597519938,-0.0242378643431929,-0.5875491437055075,0.5556875274483358,2.2291220286492863,-0.750714622032133,-0.1579408804960124,-0.1579408804960124,-0.00382814963570679,0.9923922322820493,1.2392366230972454,-0.19919068417963115
2024-07-07 00:00:00,0,0,0.4625165452587445,0.0,-0.5875491437055075,0.5556875274483358,2.2291220286492863,-0.750714622032133,-0.07496690948251095,0.0,0.0,0.9923922322820493,1.2392366230972454,-0.19919068417963115
2024-07-08 00:00:00,0,0,0.5010424202873827,0.0,-0.5875491437055075,0.5556875274483358,2.2291220286492863,-0.750714622032133,0.002084840574765323,0.0,0.0,0.9923922322820493,1.2392366230972454,-0.19919068417963115
2024-07-09 00:00:00,0,0,0.5052690420862275,0.0,-0.5875491437055075,0.5556875274483358,2.2291220286492863,-0.750714622032133,0.010538084172454942,0.0,0.0,0.9923922322820493,1.2392366230972454,-0.19919068417963115
2024-07-10 00:00:00,0,0,0.4769286848901692,0.0,-0.5875491437055075,0.5556875274483358,2.2291220286492863,-0.750714622032133,-0.046142630219661585,0.0,0.0,0.9923922322820493,1.2392366230972454,-0.19919068417963115
2024-07-11 00:00:00,0,0,0.5000030812215749,0.0,-0.5875491437055075,0.5556875274483358,2.2291220286492863,-0.750714622032133,6.16244314977088e-06,0.0,0.0,0.9923922322820493,1.2392366230972454,-0.19919068417963115
2024-07-12 00:00:00,1,1,0.5892750733754216,0.0104349482088475,-0.5771141954966599,0.5615164574170455,2.2291220286492863,-0.7480997225812305,0.17855014675084324,0.17855014675084324,0.0018631615340271696,0.9942429428669155,1.2392366230972454,-0.19769725624958767
2024-07-13 00:00:00,0,0,0.4829301965863105,0.0,-0.5771141954966599,0.5615164574170455,2.2291220286492863,-0.7480997225812305,-0.03413960682737904,0.0,0.0,0.9942429428669155,1.2392366230972454,-0.19769725624958767
2024-07-14 00:00:00,0,0,0.4603442715587322,0.0,-0.5771141954966599,0.5615164574170455,2.2291220286492863,-0.7480997225812305,-0.0793114568825356,0.0,0.0,0.9942429428669155,1.2392366230972454,-0.19769725624958767
2024-07-15 00:00:00,0,0,0.476216802716309,0.0,-0.5771141954966599,0.5615164574170455,2.2291220286492863,-0.7480997225812305,-0.04756639456738199,0.0,0.0,0.9942429428669155,1.2392366230972454,-0.19769725624958767
2024-07-16 00:00:00,0,0,0.4764328068404003,0.0,-0.5771141954966599,0.5615164574170455,2.2291220286492863,-0.7480997225812305,-0.04713438631919942,0.0,0.0,0.9942429428669155,1.2392366230972454,-0.19769725624958767
2024-07-17 00:00:00,0,0,0.4701686133419507,0.0,-0.5771141954966599,0.5615164574170455,2.2291220286492863,-0.7480997225812305,-0.059662773316098594,0.0,0.0,0.9942429428669155,1.2392366230972454,-0.19769725624958767
2024-07-18 00:00:00,0,0,0.5450707596346194,0.0,-0.5771141954966599,0.5615164574170455,2.2291220286492863,-0.7480997225812305,0.09014151926923875,0.0,0.0,0.9942429428669155,1.2392366230972454,-0.19769725624958767
2024-07-19 00:00:00,1,1,0.5894742644832657,0.0423829389161585,-0.5347312565805014,0.5858267060638214,2.2291220286492863,-0.7371939720954634,0.17894852896653135,0.17894852896653135,0.007584364572324918,1.001812311962375,1.2392366230972454,-0.19158916603148135
2024-07-20 00:00:00,0,0,0.4735833728183504,0.0,-0.5347312565805014,0.5858267060638214,2.2291220286492863,-0.7371939720954634,-0.05283325436329922,0.0,0.0,1.001812311962375,1.2392366230972454,-0.19158916603148135
2024-07-21 00:00:00,0,0,0.4636187483575848,0.0,-0.5347312565805014,0.5858267060638214,2.2291220286492863,-0.7371939720954634,-0.07276250328483036,0.0,0.0,1.001812311962375,1.2392366230972454,-0.19158916603148135
2024-07-22 00:00:00,0,0,0.4729095850863352,0.0,-0.5347312565805014,0.5858267060638214,2.2291220286492863,-0.7371939720954634,-0.054180829827329635,0.0,0.0,1.001812311962375,1.2392366230972454,-0.19158916603148135
2024-07-23 00:00:00,0,0,0.5092065372280262,0.0,-0.5347312565805014,0.5858267060638214,2.2291220286492863,-0.7371939720954634,0.018413074456052447,0.0,0.0,1.001812311962375,1.2392366230972454,-0.19158916603148135
2024-07-24 00:00:00,1,1,0.5602423486083152,-0.0051112171814277,-0.5398424737619291,0.582840057744616,2.2291220286492863,-0.7385338037784401,0.12048469721663047,0.12048469721663047,-0.0006158234545127558,1.0011955623675732,1.2392366230972454,-0.19208685112511603
2024-07-25 00:00:00,1,1,0.5692253045973689,0.0121799922746376,-0.5276624814872913,0.5899824540120024,2.2291220286492863,-0.7353296740019674,0.13845060919473773,0.13845060919473773,0.0016863273504107749,1.0028853301779082,1.2392366230972454,-0.19072329570814361
2024-07-26 00:00:00,0,0,0.4856867376704297,0.0,-0.5276624814872913,0.5899824540120024,2.2291220286492863,-0.7353296740019674,-0.028626524659140618,0.0,0.0,1.0028853301779082,1.2392366230972454,-0.19072329570814361
2024-07-27 00:00:00,0,0,0.4594904553059084,0.0,-0.5276624814872913,0.5899824540120024,2.2291220286492863,-0.7353296740019674,-0.08101908938818325,0.0,0.0,1.0028853301779082,1.2392366230972454,-0.19072329570814361
2024-07-28 00:00:00,0,0,0.5469185325675954,0.0,-0.5276624814872913,0.5899824540120024,2.2291220286492863,-0.7353296740019674,0.09383706513519074,0.0,0.0,1.0028853301779082,1.2392366230972454,-0.19072329570814361
2024-07-29 00:00:00,0,0,0.4789227253196733,0.0,-0.5276624814872913,0.5899824540120024,2.2291220286492863,-0.7353296740019674,-0.04215454936065344,0.0,0.0,1.0028853301779082,1.2392366230972454,-0.19072329570814361
2024-07-30 00:00:00,0,0,0.5357644237389656,0.0,-0.5276624814872913,0.5899824540120024,2.2291220286492863,-0.7353296740019674,0.0715288474779312,0.0,0.0,1.0028853301779082,1.2392366230972454,-0.19072329570814361
2024-07-31 00:00:00,0,0,0.5401677301072412,0.0,-0.5276624814872913,0.5899824540120024,2.2291220286492863,-0.7353296740019674,0.08033546021448235,0.0,0.0,1.0028853301779082,1.2392366230972454,-0.19072329570814361
2024-08-01 00:00:00,1,1,0.5644283583004914,0.0028919677062219,-0.5247705137810693,0.591691133748677,2.2291220286492863,-0.7345631481165675,0.12885671660098286,0.12885671660098286,0.00037264946313982983,1.0032591245005908,1.2392366230972454,-0.19042166298061136
2024-08-02 00:00:00,0,0,0.4965641452110133,0.0,-0.5247705137810693,0.591691133748677,2.2291220286492863,-0.7345631481165675,-0.0068717095779734505,0.0,0.0,1.0032591245005908,1.2392366230972454,-0.19042166298061136
2024-08-03 00:00:00,0,0,0.5071794819907901,0.0,-0.5247705137810693,0.591691133748677,2.2291220286492863,-0.7345631481165675,0.014358963981580208,0.0,0.0,1.0032591245005908,1.2392366230972454,-0.19042166298061136
2024-08-04 00:00:00,0,0,0.5442486273668548,0.0,-0.5247705137810693,0.591691133748677,2.2291220286492863,-0.7345631481165675,0.08849725473370951,0.0,0.0,1.0032591245005908,1.2392366230972454,-0.19042166298061136
2024-08-05 00:00:00,0,0,0.5004950720143705,0.0,-0.5247705137810693,0.591691133748677,2.2291220286492863,-0.7345631481165675,0.0009901440287409802,0.0,0.0,1.0032591245005908,1.2392366230972454,-0.19042166298061136
2024-08-06 00:00:00,0,0,0.4640591534311208,0.0,-0.5247705137810693,0.591691133748677,2.2291220286492863,-0.7345631481165675,-0.07188169313775838,0.0,0.0,1.0032591245005908,1.2392366230972454,-0.19042166298061136
2024-08-07 00:00:00,0,0,0.4692478780648405,0.0,-0.5247705137810693,0.591691133748677,2.2291220286492863,-0.7345631481165675,-0.06150424387031905,0.0,0.0,1.0032591245005908,1.2392366230972454,-0.19042166298061136
2024-08-08 00:00:00,1,1,0.5596838820229619,0.1006030129987654,-0.4241675007823038,0.6543142745765937,2.2291220286492863,-0.7064699616408758,0.11936776404592386,0.11936776404592386,0.01200875671794564,1.0153796498133618,1.2392366230972454,-0.18064102457236453
2024-08-09 00:00:00,0,0,0.4952047150250842,0.0,-0.4241675007823038,0.6543142745765937,2.2291220286492863,-0.7064699616408758,-0.009590569949831651,0.0,0.0,1.0153796498133618,1.2392366230972454,-0.18064102457236453
2024-08-10 00:00:00,0,0,0.5468078631458682,0.0,-0.4241675007823038,0.6543142745765937,2.2291220286492863,-0.7064699616408758,0.09361572629173631,0.0,0.0,1.0153796498133618,1.2392366230972454,-0.18064102457236453
2024-08-11 00:00:00,0,0,0.4763661679024145,0.0,-0.4241675007823038,0.6543142745765937,2.2291220286492863,-0.7064699616408758,-0.04726766419517103,0.0,0.0,1.0153796498133618,1.2392366230972454,-0.18064102457236453
2024-08-12 00:00:00,0,0,0.5182047608706503,0.0,-0.4241675007823038,0.6543142745765937,2.2291220286492863,-0.7064699616408758,0.03640952174130052,0.0,0.0,1.0153796498133618,1.2392366230972454,-0.18064102457236453
2024-08-13 00:00:00,0,0,0.4938891445874016,0.0,-0.4241675007823038,0.6543142745765937,2.2291220286492863,-0.7064699616408758,-0.012221710825196852,0.0,0.0,1.0153796498133618,1.2392366230972454,-0.18064102457236453
2024-08-14 00:00:00,0,0,0.4637591367857498,0.0,-0.4241675007823038,0.6543142745765937,2.2291220286492863,-0.7064699616408758,-0.07248172642850037,0.0,0.0,1.0153796498133618,1.2392366230972454,-0.18064102457236453
2024-08-15 00:00:00,0,0,0.5431768737542799,0.0,-0.4241675007823038,0.6543142745765937,2.2291220286492863,-0.7064699616408758,0.08635374750855984,0.0,0.0,1.0153796498133618,1.2392366230972454,-0.18064102457236453
2024-08-16 00:00:00,1,1,0.5638858177863458,0.0284432485567333,-0.3957242522255705,0.6731923016249689,2.2291220286492863,-0.698001144408912,0.12777163557269167,0.12777163557269167,0.0036342403890944155,1.0190764970939235,1.2392366230972454,-0.17765785960478797
2024-08-17 00:00:00,0,0,0.4668592875839461,0.0,-0.3957242522255705,0.6731923016249689,2.2291220286492863,-0.698001144408912,-0.06628142483210775,0.0,0.0,1.0190764970939235,1.2392366230972454,-0.17765785960478797
2024-08-18 00:00:00,0,0,0.4854110959792057,0.0,-0.3957242522255705,0.6731923016249689,2.2291220286492863,-0.698001144408912,-0.02917780804158865,0.0,0.0,1.0190764970939235,1.2392366230972454,-0.17765785960478797
2024-08-19 00:00:00,0,0,0.5393266019329782,0.0,-0.3957242522255705,0.6731923016249689,2.2291220286492863,-0.698001144408912,0.07865320386595642,0.0,0.0,1.0190764970939235,1.2392366230972454,-0.17765785960478797
2024-08-20 00:00:00,0,0,0.5060538345005384,0.0,-0.3957242522255705,0.6731923016249689,2.2291220286492863,-0.698001144408912,0.012107669001076848,0.0,0.0,1.0190764970939235,1.2392366230972454,-0.17765785960478797
2024-08-21 00:00:00,1,1,0.5535285881054385,0.0295372783152824,-0.366186973910288,0.693373146400629,2.2291220286492863,-0.6889478738762582,0.10705717621087696,0.10705717621087696,0.003162177609388903,1.0223040984100984,1.2392366230972454,-0.17505335191350602
2024-08-22 00:00:00,0,0,0.4705782784789583,0.0,-0.366186973910288,0.693373146400629,2.2291220286492863,-0.6889478738762582,-0.05884344304208344,0.0,0.0,1.0223040984100984,1.2392366230972454,-0.17505335191350602
2024-08-23 00:00:00,0,0,0.5219799220459196,0.0,-0.366186973910288,0.693373146400629,2.2291220286492863,-0.6889478738762582,0.04395984409183917,0.0,0.0,1.0223040984100984,1.2392366230972454,-0.17505335191350602
2024-08-24 00:00:00,0,0,0.462255801380316,0.0,-0.366186973910288,0.693373146400629,2.2291220286492863,-0.6889478738762582,-0.07548839723936795,0.0,0.0,1.0223040984100984,1.2392366230972454,-0.17505335191350602
2024-08-25 00:00:00,0,0,0.4740530656925477,0.0,-0.366186973910288,0.693373146400629,2.2291220286492863,-0.6889478738762582,-0.05189386861490464,0.0,0.0,1.0223040984100984,1.2392366230972454,-0.17505335191350602
2024-08-26 00:00:00,0,0,0.5216073919654871,0.0,-0.366186973910288,0.693373146400629,2.2291220286492863,-0.6889478738762582,0.04321478393097422,0.0,0.0,1.0223040984100984,1.2392366230972454,-0.17505335191350602
2024-08-27 00:00:00,0,0,0.5365402609829328,0.0,-0.366186973910288,0.693373146400629,2.2291220286492863,-0.6889478738762582,0.07308052196586567,0.0,0.0,1.0223040984100984,1.2392366230972454,-0.17505335191350602
2024-08-28 00:00:00,-1,-1,0.4331985459858621,-0.0029762503117163,-0.3691632242220042,0.6913125622856413,2.2291220286492863,-0.6898722665692129,-0.1336029080282758,-0.1336029080282758,-0.00039763569666536003,1.0218976746173822,1.2392366230972454,-0.17538131493940534
2024-08-29 00:00:00,0,0,0.504144949753169,0.0,-0.3691632242220042,0.6913125622856413,2.2291220286492863,-0.6898722665692129,0.008289899506338072,0.0,0.0,1.0218976746173822,1.2392366230972454,-0.17538131493940534
2024-08-30 00:00:00,1,1,0.5700262275800504,-0.0002908401069047,-0.369454064328909,0.6911115301016495,2.2291220286492863,-0.6899624510370922,0.14005245516010079,0.14005245516010079,-4.0732871031029424e-05,1.021856050638933,1.2392366230972454,-0.17541490334187304
2024-08-31 00:00:00,0,0,0.5185620517325489,0.0,-0.369454064328909,0.6911115301016495,2.2291220286492863,-0.6899624510370922,0.03712410346509776,0.0,0.0,1.021856050638933,1.2392366230972454,-0.17541490334187304
2024-09-01 00:00:00,1,1,0.5623163497426785,-0.026135252539963,-0.395589316868872,0.6732831451971825,2.2291220286492863,-0.697960391336157,0.12463269948535705,0.12463269948535705,-0.0032573070757871228,1.0185329667851992,1.2392366230972454,-0.17809646051327765
2024-09-02 00:00:00,1,1,0.5735786630318952,0.0296855769342998,-0.3659037399345722,0.6935695610478763,2.2291220286492863,-0.6888597608682117,0.1471573260637904,0.1471573260637904,0.00436845012431249,1.0229921099315016,1.2392366230972454,-0.17449816212280767
2024-09-03 00:00:00,0,0,0.4653460726207125,0.0,-0.3659037399345722,0.6935695610478763,2.2291220286492863,-0.6888597608682117,-0.06930785475857504,0.0,0.0,1.0229921099315016,1.2392366230972454,-0.17449816212280767
2024-09-04 00:00:00,0,0,0.5444505207588944,0.0,-0.3659037399345722,0.6935695610478763,2.2291220286492863,-0.6888597608682117,0.08890104151778888,0.0,0.0,1.0229921099315016,1.2392366230972454,-0.17449816212280767
2024-09-05 00:00:00,0,0,0.4830157812457685,0.0,-0.3659037399345722,0.6935695610478763,2.2291220286492863,-0.6888597608682117,-0.03396843750846301,0.0,0.0,1.0229921099315016,1.2392366230972454,-0.17449816212280767
2024-09-06 00:00:00,1,1,0.5622045030707614,-0.0422062364520078,-0.40810997638658,0.6649057508694047,2.2291220286492863,-0.7017185500282829,0.12440900614152284,0.12440900614152284,-0.005250835929968403,1.0176346241533967,1.2392366230972454,-0.1788213766552469
2024-09-07 00:00:00,1,1,0.5530781235862218,0.0031369220927144,-0.4049730542938655,0.6669947832617568,2.2291220286492863,-0.7007813952357218,0.10615624717244354,0.10615624717244354,0.0003330038770348887,1.017973556858465,1.2392366230972454,-0.1785478754539822
2024-09-08 00:00:00,1,1,0.5514966324467778,0.0156239259816213,-0.3893491283122441,0.6774976950920358,2.2291220286492863,-0.6960697142710672,0.10299326489355565,0.10299326489355565,0.001609159147302429,1.019612956993303,1.2392366230972454,-0.17722496415174782
2024-09-09 00:00:00,0,0,0.4725529530314525,0.0,-0.3893491283122441,0.6774976950920358,2.2291220286492863,-0.6960697142710672,-0.05489409393709499,0.0,0.0,1.019612956993303,1.2392366230972454,-0.17722496415174782
2024-09-10 00:00:00,0,0,0.473276994397895,0.0,-0.3893491283122441,0.6774976950920358,2.2291220286492863,-0.6960697142710672,-0.05344601120421,0.0,0.0,1.019612956993303,1.2392366230972454,-0.17722496415174782
2024-09-11 00:00:00,0,0,0.4634787713039761,0.0,-0.3893491283122441,0.6774976950920358,2.2291220286492863,-0.6960697142710672,-0.07304245739204784,0.0,0.0,1.019612956993303,1.2392366230972454,-0.17722496415174782
2024-09-12 00:00:00,0,0,0.4857126493679154,0.0,-0.3893491283122441,0.6774976950920358,2.2291220286492863,-0.6960697142710672,-0.028574701264169167,0.0,0.0,1.019612956993303,1.2392366230972454,-0.17722496415174782
2024-09-13 00:00:00,0,0,0.4802447872242114,0.0,-0.3893491283122441,0.6774976950920358,2.2291220286492863,-0.6960697142710672,-0.039510425551577244,0.0,0.0,1.019612956993303,1.2392366230972454,-0.17722496415174782
2024-09-14 00:00:00,0,0,0.4718946404136758,0.0,-0.3893491283122441,0.6774976950920358,2.2291220286492863,-0.6960697142710672,-0.056210719172648416,0.0,0.0,1.019612956993303,1.2392366230972454,-0.17722496415174782
2024-09-15 00:00:00,0,0,0.4841171082420236,0.0,-0.3893491283122441,0.6774976950920358,2.2291220286492863,-0.6960697142710672,-0.03176578351595283,0.0,0.0,1.019612956993303,1.2392366230972454,-0.17722496415174782
2024-09-16 00:00:00,0,0,0.5216613949311367,0.0,-0.3893491283122441,0.6774976950920358,2.2291220286492863,-0.6960697142710672,0.04332278986227345,0.0,0.0,1.019612956993303,1.2392366230972454,-0.17722496415174782
2024-09-17 00:00:00,1,1,0.5697919135871875,0.0432931445223423,-0.3460559837899018,0.7074728789847873,2.2291220286492863,-0.6826226335336728,0.139583827174375,0.139583827174375,0.006043022802841867,1.0257931560770526,1.2392366230972454,-0.17223786244045136
2024-09-18 00:00:00,0,0,0.4649772207553716,0.0,-0.3460559837899018,0.7074728789847873,2.2291220286492863,-0.6826226335336728,-0.07004555848925675,0.0,0.0,1.0257931560770526,1.2392366230972454,-0.17223786244045136
2024-09-19 00:00:00,0,0,0.5075412439060045,0.0,-0.3460559837899018,0.7074728789847873,2.2291220286492863,-0.6826226335336728,0.015082487812009049,0.0,0.0,1.0257931560770526,1.2392366230972454,-0.17223786244045136
2024-09-20 00:00:00,0,0,0.5087184664952008,0.0,-0.3460559837899018,0.7074728789847873,2.2291220286492863,-0.6826226335336728,0.01743693299040161,0.0,0.0,1.0257931560770526,1.2392366230972454,-0.17223786244045136
2024-09-21 00:00:00,0,0,0.4998378911583048,0.0,-0.3460559837899018,0.7074728789847873,2.2291220286492863,-0.6826226335336728,-0.00032421768339041535,0.0,0.0,1.0257931560770526,1.2392366230972454,-0.17223786244045136
2024-09-22 00:00:00,0,0,0.5134930669680984,0.0,-0.3460559837899018,0.7074728789847873,2.2291220286492863,-0.6826226335336728,0.026986133936196754,0.0,0.0,1.0257931560770526,1.2392366230972454,-0.17223786244045136
2024-09-23 00:00:00,0,0,0.4864367255224567,0.0,-0.3460559837899018,0.7074728789847873,2.2291220286492863,-0.6826226335336728,-0.027126548955086593,0.0,0.0,1.0257931560770526,1.2392366230972454,-0.17223786244045136
2024-09-24 00:00:00,0,0,0.5440720359399915,0.0,-0.3460559837899018,0.7074728789847873,2.2291220286492863,-0.6826226335336728,0.08814407187998308,0.0,0.0,1.0257931560770526,1.2392366230972454,-0.17223786244045136
2024-09-25 00:00:00,0,0,0.4645757131606344,0.0,-0.3460559837899018,0.7074728789847873,2.2291220286492863,-0.6826226335336728,-0.07084857367873121,0.0,0.0,1.0257931560770526,1.2392366230972454,-0.17223786244045136
2024-09-26 00:00:00,1,1,0.5611557254153935,0.0348257519274036,-0.3112302318624982,0.7325452012068987,2.2291220286492863,-0.6713750114206278,0.12231145083078698,0.12231145083078698,0.004259588244513811,1.0301719318160723,1.2392366230972454,-0.16870441640003675
2024-09-27 00:00:00,0,0,0.469967039120978,0.0,-0.3112302318624982,0.7325452012068987,2.2291220286492863,-0.6713750114206278,-0.06006592175804404,0.0,0.0,1.0301719318160723,1.2392366230972454,-0.16870441640003675
2024-09-28 00:00:00,0,0,0.46607205864183,0.0,-0.3112302318624982,0.7325452012068987,2.2291220286492863,-0.6713750114206278,-0.06785588271634002,0.0,0.0,1.0301719318160723,1.2392366230972454,-0.16870441640003675
2024-09-29 00:00:00,0,0,0.5222250138500331,0.0,-0.3112302318624982,0.7325452012068987,2.2291220286492863,-0.6713750114206278,0.04445002770006612,0.0,0.0,1.0301719318160723,1.2392366230972454,-0.16870441640003675
2024-09-30 00:00:00,0,0,0.5019673139425795,0.0,-0.3112302318624982,0.7325452012068987,2.2291220286492863,-0.6713750114206278,0.003934627885159081,0.0,0.0,1.0301719318160723,1.2392366230972454,-0.16870441640003675
2024-10-01 00:00:00,1,1,0.5553702116141882,-0.0409116211529966,-0.3521418530154948,0.7031803666457656,2.2291220286492863,-0.6845482851058403,0.1107404232283764,0.1107404232283764,-0.00453057024144184,1.025515222258415,1.2392366230972454,-0.1724621406884126
2024-10-02 00:00:00,0,0,0.5140969741964385,0.0,-0.3521418530154948,0.7031803666457656,2.2291220286492863,-0.6845482851058403,0.028193948392877033,0.0,0.0,1.025515222258415,1.2392366230972454,-0.1724621406884126
2024-10-03 00:00:00,0,0,0.5419948440922584,0.0,-0.3521418530154948,0.7031803666457656,2.2291220286492863,-0.6845482851058403,0.0839896881845168,0.0,0.0,1.025515222258415,1.2392366230972454,-0.1724621406884126
2024-10-04 00:00:00,1,1,0.5799154966828952,0.0261629244492026,-0.3259789285662922,0.7218203970621165,2.2291220286492863,-0.6761862348561078,0.15983099336579043,0.15983099336579043,0.004181646204070177,1.0298125427698208,1.2392366230972454,-0.16899442481292015
2024-10-05 00:00:00,0,0,0.460418734045302,0.0,-0.3259789285662922,0.7218203970621165,2.2291220286492863,-0.6761862348561078,-0.07916253190939604,0.0,0.0,1.0298125427698208,1.2392366230972454,-0.16899442481292015
2024-10-06 00:00:00,0,0,0.5426282331019222,0.0,-0.3259789285662922,0.7218203970621165,2.2291220286492863,-0.6761862348561078,0.08525646620384442,0.0,0.0,1.0298125427698208,1.2392366230972454,-0.16899442481292015
2024-10-07 00:00:00,0,0,0.4800257516768332,0.0,-0.3259789285662922,0.7218203970621165,2.2291220286492863,-0.6761862348561078,-0.0399484966463336,0.0,0.0,1.0298125427698208,1.2392366230972454,-0.16899442481292015
2024-10-08 00:00:00,0,0,0.5475422163124793,0.0,-0.3259789285662922,0.7218203970621165,2.2291220286492863,-0.6761862348561078,0.09508443262495869,0.0,0.0,1.0298125427698208,1.2392366230972454,-0.16899442481292015
2024-10-09 00:00:00,1,1,0.5616553362578695,-0.0290035830301156,-0.3549825115964078,0.7011857057199609,2.2291220286492863,-0.6854431041871507,0.1233106725157389,0.1233106725157389,-0.003576451328809627,1.026136046656351,1.2392366230972454,-0.17196116743894196
2024-10-10 00:00:00,1,1,0.5619786277146994,-0.0050387475708772,-0.360021259167285,0.6976614942109614,2.2291220286492863,-0.6870240905412872,0.12395725542939884,0.12395725542939884,-0.000624589319687488,1.0254953331532977,1.2392366230972454,-0.17247819016980015
2024-10-11 00:00:00,1,1,0.5526101233086258,0.0420189676843932,-0.3180022914828918,0.727601121127164,2.2291220286492863,-0.6735929609165243,0.1052202466172516,0.1052202466172516,0.004421246142354178,1.030039338119256,1.2392366230972454,-0.1688114126704381
2024-10-12 00:00:00,0,0,0.4587597944854519,0.0,-0.3180022914828918,0.727601121127164,2.2291220286492863,-0.6735929609165243,-0.0824804110290962,0.0,0.0,1.030039338119256,1.2392366230972454,-0.1688114126704381
2024-10-13 00:00:00,0,0,0.503493590446055,0.0,-0.3180022914828918,0.727601121127164,2.2291220286492863,-0.6735929609165243,0.006987180892110034,0.0,0.0,1.030039338119256,1.2392366230972454,-0.1688114126704381
2024-10-14 00:00:00,0,0,0.5195368336876142,0.0,-0.3180022914828918,0.727601121127164,2.2291220286492863,-0.6735929609165243,0.03907366737522833,0.0,0.0,1.030039338119256,1.2392366230972454,-0.1688114126704381
2024-10-15 00:00:00,0,0,0.4699529592696934,0.0,-0.3180022914828918,0.727601121127164,2.2291220286492863,-0.6735929609165243,-0.060094081460613236,0.0,0.0,1.030039338119256,1.2392366230972454,-0.1688114126704381
2024-10-16 00:00:00,0,0,0.4654828510824829,0.0,-0.3180022914828918,0.727601121127164,2.2291220286492863,-0.6735929609165243,-0.06903429783503423,0.0,0.0,1.030039338119256,1.2392366230972454,-0.1688114126704381
2024-10-17 00:00:00,0,0,0.4649246886416097,0.0,-0.3180022914828918,0.727601121127164,2.2291220286492863,-0.6735929609165243,-0.07015062271678063,0.0,0.0,1.030039338119256,1.2392366230972454,-0.1688114126704381
2024-10-18 00:00:00,0,0,0.5322170171073675,0.0,-0.3180022914828918,0.727601121127164,2.2291220286492863,-0.6735929609165243,0.06443403421473493,0.0,0.0,1.030039338119256,1.2392366230972454,-0.1688114126704381
2024-10-19 00:00:00,0,0,0.4855865241146571,0.0,-0.3180022914828918,0.727601121127164,2.2291220286492863,-0.6735929609165243,-0.028826951770685838,0.0,0.0,1.030039338119256,1.2392366230972454,-0.1688114126704381
2024-10-20 00:00:00,0,0,0.5448537112556171,0.0,-0.3180022914828918,0.727601121127164,2.2291220286492863,-0.6735929609165243,0.0897074225112342,0.0,0.0,1.030039338119256,1.2392366230972454,-0.1688114126704381
2024-10-21 00:00:00,0,0,0.4843704251223054,0.0,-0.3180022914828918,0.727601121127164,2.2291220286492863,-0.6735929609165243,-0.03125914975538924,0.0,0.0,1.030039338119256,1.2392366230972454,-0.1688114126704381
2024-10-22 00:00:00,1,1,0.560480433632519,-0.0005622682948481,-0.3185645597777399,0.7271921290778645,2.2291220286492863,-0.6737764376594049,0.12096086726503796,0.12096086726503796,-6.801246058046024e-05,1.0299692849916458,1.2392366230972454,-0.16886794192910004
2024-10-23 00:00:00,0,0,0.5421284629264642,0.0,-0.3185645597777399,0.7271921290778645,2.2291220286492863,-0.6737764376594049,0.08425692585292843,0.0,0.0,1.0299692849916458,1.2392366230972454,-0.16886794192910004
2024-10-24 00:00:00,0,0,0.4920044277893072,0.0,-0.3185645597777399,0.7271921290778645,2.2291220286492863,-0.6737764376594049,-0.015991144421385606,0.0,0.0,1.0299692849916458,1.2392366230972454,-0.16886794192910004
2024-10-25 00:00:00,0,0,0.4728769746515274,0.0,-0.3185645597777399,0.7271921290778645,2.2291220286492863,-0.6737764376594049,-0.054246050696945214,0.0,0.0,1.0299692849916458,1.2392366230972454,-0.16886794192910004
2024-10-26 00:00:00,1,1,0.5922494408357525,0.0031696991685086,-0.3153948606092313,0.7295007662745452,2.2291220286492863,-0.6727407665893559,0.18449888167150497,0.18449888167150497,0.0005848059518249359,1.0305717933177618,1.2392366230972454,-0.16838174880432755
2024-10-27 00:00:00,0,0,0.5374299240940493,0.0,-0.3153948606092313,0.7295007662745452,2.2291220286492863,-0.6727407665893559,0.07485984818809865,0.0,0.0,1.0305717933177618,1.2392366230972454,-0.16838174880432755
2024-10-28 00:00:00,0,0,0.4806627811586395,0.0,-0.3153948606092313,0.7295007662745452,2.2291220286492863,-0.6727407665893559,-0.03867443768272105,0.0,0.0,1.0305717933177618,1.2392366230972454,-0.16838174880432755
2024-10-29 00:00:00,0,0,0.4678227491232684,0.0,-0.3153948606092313,0.7295007662745452,2.2291220286492863,-0.6727407665893559,-0.06435450175346324,0.0,0.0,1.0305717933177618,1.2392366230972454,-0.16838174880432755
2024-10-30 00:00:00,0,0,0.4875539429387877,0.0,-0.3153948606092313,0.7295007662745452,2.2291220286492863,-0.6727407665893559,-0.024892114122424647,0.0,0.0,1.0305717933177618,1.2392366230972454,-0.16838174880432755
2024-10-31 00:00:00,0,0,0.5047357636238979,0.0,-0.3153948606092313,0.7295007662745452,2.2291220286492863,-0.6727407665893559,0.009471527247795875,0.0,0.0,1.0305717933177618,1.2392366230972454,-0.16838174880432755
2024-11-01 00:00:00,0,0,0.5432290770832287,0.0,-0.3153948606092313,0.7295007662745452,2.2291220286492863,-0.6727407665893559,0.0864581541664573,0.0,0.0,1.0305717933177618,1.2392366230972454,-0.16838174880432755
2024-11-02 00:00:00,1,1,0.5540293910963127,-0.0082930597357984,-0.3236879203450297,0.7234759892896181,2.2291220286492863,-0.675443524404987,0.10805878219262532,0.10805878219262532,-0.0008961379357010702,1.0296486725218656,1.2392366230972454,-0.16912665964596252
2024-11-03 00:00:00,1,1,0.5968410239201748,-0.0074953341311483,-0.331183254476178,0.7180735667872487,2.2291220286492863,-0.6778670895723201,0.1936820478403496,0.1936820478403496,-0.0014517116637684702,1.0281550039847218,1.2392366230972454,-0.17033197306981107
2024-11-04 00:00:00,0,0,0.5148730346931848,0.0,-0.331183254476178,0.7180735667872487,2.2291220286492863,-0.6778670895723201,0.02974606938636959,0.0,0.0,1.0281550039847218,1.2392366230972454,-0.17033197306981107
2024-11-05 00:00:00,1,1,0.5533328658659065,0.0430828546986029,-0.2881003997775751,0.7496863201206614,2.2291220286492863,-0.6636853835341953,0.10666573173181293,0.10666573173181293,0.0045954642215218534,1.0328907266074556,1.2392366230972454,-0.16651048931564494
2024-11-06 00:00:00,0,0,0.4813905244564939,0.0,-0.2881003997775751,0.7496863201206614,2.2291220286492863,-0.6636853835341953,-0.03721895108701223,0.0,0.0,1.0328907266074556,1.2392366230972454,-0.16651048931564494
2024-11-07 00:00:00,0,0,0.4609395730628354,0.0,-0.2881003997775751,0.7496863201206614,2.2291220286492863,-0.6636853835341953,-0.07812085387432921,0.0,0.0,1.0328907266074556,1.2392366230972454,-0.16651048931564494
2024-11-08 00:00:00,0,0,0.4819428571255097,0.0,-0.2881003997775751,0.7496863201206614,2.2291220286492863,-0.6636853835341953,-0.03611428574898057,0.0,0.0,1.0328907266074556,1.2392366230972454,-0.16651048931564494
2024-11-09 00:00:00,0,0,0.479317390773074,0.0,-0.2881003997775751,0.7496863201206614,2.2291220286492863,-0.6636853835341953,-0.04136521845385199,0.0,0.0,1.0328907266074556,1.2392366230972454,-0.16651048931564494
2024-11-10 00:00:00,0,0,0.5256538766546419,0.0,-0.2881003997775751,0.7496863201206614,2.2291220286492863,-0.6636853835341953,0.05130775330928383,0.0,0.0,1.0328907266074556,1.2392366230972454,-0.16651048931564494
2024-11-11 00:00:00,0,0,0.4741749678207339,0.0,-0.2881003997775751,0.7496863201206614,2.2291220286492863,-0.6636853835341953,-0.051650064358532255,0.0,0.0,1.0328907266074556,1.2392366230972454,-0.16651048931564494
2024-11-12 00:00:00,0,0,0.4997142875152854,0.0,-0.2881003997775751,0.7496863201206614,2.2291220286492863,-0.6636853835341953,-0.0005714249694291906,0.0,0.0,1.0328907266074556,1.2392366230972454,-0.16651048931564494
2024-11-13 00:00:00,0,0,0.4999193713451468,0.0,-0.2881003997775751,0.7496863201206614,2.2291220286492863,-0.6636853835341953,-0.0001612573097063974,0.0,0.0,1.0328907266074556,1.2392366230972454,-0.16651048931564494
2024-11-14 00:00:00,0,0,0.5147679837630842,0.0,-0.2881003997775751,0.7496863201206614,2.2291220286492863,-0.6636853835341953,0.029535967526168383,0.0,0.0,1.0328907266074556,1.2392366230972454,-0.16651048931564494
2024-11-15 00:00:00,1,1,0.5737392232067167,0.0339979842927538,-0.2541024154848213,0.7756123632624478,2.2291220286492863,-0.6520547761432235,0.14747844641343333,0.14747844641343333,0.00501396990468364,1.0380826147339444,1.2392366230972454,-0.16232090354185413
2024-11-16 00:00:00,0,0,0.4540258613012681,0.0,-0.2541024154848213,0.7756123632624478,2.2291220286492863,-0.6520547761432235,-0.0919482773974638,0.0,0.0,1.0380826147339444,1.2392366230972454,-0.16232090354185413
2024-11-17 00:00:00,0,0,0.5379890326496476,0.0,-0.2541024154848213,0.7756123632624478,2.2291220286492863,-0.6520547761432235,0.07597806529929518,0.0,0.0,1.0380826147339444,1.2392366230972454,-0.16232090354185413
2024-11-18 00:00:00,0,0,0.5454792479730222,0.0,-0.2541024154848213,0.7756123632624478,2.2291220286492863,-0.6520547761432235,0.09095849594604433,0.0,0.0,1.0380826147339444,1.2392366230972454,-0.16232090354185413
2024-11-19 00:00:00,0,0,0.4844433518328159,0.0,-0.2541024154848213,0.7756123632624478,2.2291220286492863,-0.6520547761432235,-0.031113296334368212,0.0,0.0,1.0380826147339444,1.2392366230972454,-0.16232090354185413
2024-11-20 00:00:00,0,0,0.4867341682444391,0.0,-0.2541024154848213,0.7756123632624478,2.2291220286492863,-0.6520547761432235,-0.026531663511121795,0.0,0.0,1.0380826147339444,1.2392366230972454,-0.16232090354185413
2024-11-21 00:00:00,0,0,0.4643794398250158,0.0,-0.2541024154848213,0.7756123632624478,2.2291220286492863,-0.6520547761432235,-0.07124112034996843,0.0,0.0,1.0380826147339444,1.2392366230972454,-0.16232090354185413
2024-11-22 00:00:00,0,0,0.4857462124854048,0.0,-0.2541024154848213,0.7756123632624478,2.2291220286492863,-0.6520547761432235,-0.028507575029190435,0.0,0.0,1.0380826147339444,1.2392366230972454,-0.16232090354185413
2024-11-23 00:00:00,0,0,0.4968500902985164,0.0,-0.2541024154848213,0.7756123632624478,2.2291220286492863,-0.6520547761432235,-0.0062998194029671994,0.0,0.0,1.0380826147339444,1.2392366230972454,-0.16232090354185413
2024-11-24 00:00:00,1,1,0.5504104587314884,-0.0030980024541256,-0.2572004179389469,0.7732132324330375,2.2291220286492863,-0.6531310433006854,0.10082091746297683,0.10082091746297683,-0.00031234344972749675,1.03775842706054,1.2392366230972454,-0.16258250626353132
2024-11-25 00:00:00,0,0,0.5013652459269466,0.0,-0.2572004179389469,0.7732132324330375,2.2291220286492863,-0.6531310433006854,0.002730491853893291,0.0,0.0,1.03775842706054,1.2392366230972454,-0.16258250626353132
2024-11-26 00:00:00,1,1,0.5525132654629163,-0.0214250031317368,-0.2786254210706837,0.7568233402034265,2.2291220286492863,-0.6604836655523898,0.1050265309258327,0.1050265309258327,-0.002250193754001417,1.0354258948387307,1.2392366230972454,-0.16446473938861406
2024-11-27 00:00:00,1,1,0.5570050262586971,0.0479529238965175,-0.2306724971741662,0.7939994605254863,2.2291220286492863,-0.6438061935054304,0.11401005251739416,0.11401005251739416,0.005467115371804565,1.0411021900066608,1.2392366230972454,-0.1598842621317822
2024-11-28 00:00:00,0,0,0.4707835022624277,0.0,-0.2306724971741662,0.7939994605254863,2.2291220286492863,-0.6438061935054304,-0.05843299547514458,0.0,0.0,1.0411021900066608,1.2392366230972454,-0.1598842621317822
2024-11-29 00:00:00,0,0,0.509847083646227,0.0,-0.2306724971741662,0.7939994605254863,2.2291220286492863,-0.6438061935054304,0.01969416729245399,0.0,0.0,1.0411021900066608,1.2392366230972454,-0.1598842621317822
2024-11-30 00:00:00,0,0,0.4834625556649575,0.0,-0.2306724971741662,0.7939994605254863,2.2291220286492863,-0.6438061935054304,-0.03307488867008501,0.0,0.0,1.0411021900066608,1.2392366230972454,-0.1598842621317822
2024-12-01 00:00:00,1,1,0.5506643256374582,0.0103136204211654,-0.2203588767530008,0.8022308442950727,2.2291220286492863,-0.6401135361884265,0.1013286512749163,0.1013286512749163,0.0010450652470381243,1.04219077844795,1.2392366230972454,-0.1590058274398115
2024-12-02 00:00:00,0,0,0.4636725867152427,0.0,-0.2203588767530008,0.8022308442950727,2.2291220286492863,-0.6401135361884265,-0.07265482656951461,0.0,0.0,1.04219077844795,1.2392366230972454,-0.1590058274398115
2024-12-03 00:00:00,0,0,0.52832435638277,0.0,-0.2203588767530008,0.8022308442950727,2.2291220286492863,-0.6401135361884265,0.056648712765539955,0.0,0.0,1.04219077844795,1.2392366230972454,-0.1590058274398115
2024-12-04 00:00:00,0,0,0.4996985012779479,0.0,-0.2203588767530008,0.8022308442950727,2.2291220286492863,-0.6401135361884265,-0.0006029974441041919,0.0,0.0,1.04219077844795,1.2392366230972454,-0.1590058274398115
2024-12-05 00:00:00,0,0,0.4653438248739145,0.0,-0.2203588767530008,0.8022308442950727,2.2291220286492863,-0.6401135361884265,-0.06931235025217097,0.0,0.0,1.04219077844795,1.2392366230972454,-0.1590058274398115
2024-12-06 00:00:00,1,1,0.5686796486364358,0.0265011265550282,-0.1938577501979726,0.8237750777761539,2.2291220286492863,-0.6304486397833895,0.13735929727287166,0.13735929727287166,0.003640176120538112,1.0459914497923832,1.2392366230972454,-0.15593888181086935
2024-12-07 00:00:00,0,0,0.4752248569100203,0.0,-0.1938577501979726,0.8237750777761539,2.2291220286492863,-0.6304486397833895,-0.04955028617995938,0.0,0.0,1.0459914497923832,1.2392366230972454,-0.15593888181086935
2024-12-08 00:00:00,0,0,0.484748779981522,0.0,-0.1938577501979726,0.8237750777761539,2.2291220286492863,-0.6304486397833895,-0.030502440036956013,0.0,0.0,1.0459914497923832,1.2392366230972454,-0.15593888181086935
2024-12-09 00:00:00,0,0,0.5069623569642464,0.0,-0.1938577501979726,0.8237750777761539,2.2291220286492863,-0.6304486397833895,0.013924713928492816,0.0,0.0,1.0459914497923832,1.2392366230972454,-0.15593888181086935
2024-12-10 00:00:00,1,1,0.5538711635087317,-0.0159817101608616,-0.2098394603588342,0.8107143873203131,2.2291220286492863,-0.6363077584354782,0.10774232701746334,0.10774232701746334,-0.0017219066424498672,1.044191899940095,1.2392366230972454,-0.1573910256700385
2024-12-11 00:00:00,1,1,0.5508950987895956,0.043228101831369,-0.1666113585274652,0.8465285435143993,2.2291220286492863,-0.6202412731853246,0.10179019757919128,0.10179019757919128,0.004400197026388451,1.0487966735590855,1.2392366230972454,-0.15367521100384374
2024-12-12 00:00:00,0,0,0.4662313897997458,0.0,-0.1666113585274652,0.8465285435143993,2.2291220286492863,-0.6202412731853246,-0.06753722040050836,0.0,0.0,1.0487966735590855,1.2392366230972454,-0.15367521100384374
2024-12-13 00:00:00,1,1,0.583946872323358,0.0110950338991341,-0.1555163246283311,0.855973103372099,2.2291220286492863,-0.6160043764446727,0.16789374464671591,0.16789374464671591,0.0018627867883078773,1.0507521789255303,1.2392366230972454,-0.15209721909334206
2024-12-14 00:00:00,0,0,0.465664596999958,0.0,-0.1555163246283311,0.855973103372099,2.2291220286492863,-0.6160043764446727,-0.06867080600008402,0.0,0.0,1.0507521789255303,1.2392366230972454,-0.15209721909334206
2024-12-15 00:00:00,0,0,0.5064603543678804,0.0,-0.1555163246283311,0.855973103372099,2.2291220286492863,-0.6160043764446727,0.012920708735760789,0.0,0.0,1.0507521789255303,1.2392366230972454,-0.15209721909334206
2024-12-16 00:00:00,0,0,0.5084963140758698,0.0,-0.1555163246283311,0.855973103372099,2.2291220286492863,-0.6160043764446727,0.01699262815173963,0.0,0.0,1.0507521789255303,1.2392366230972454,-0.15209721909334206
2024-12-17 00:00:00,0,0,0.4831586663001144,0.0,-0.1555163246283311,0.855973103372099,2.2291220286492863,-0.6160043764446727,-0.033682667399771216,0.0,0.0,1.0507521789255303,1.2392366230972454,-0.15209721909334206
2024-12-18 00:00:00,0,0,0.4913051243877547,0.0,-0.1555163246283311,0.855973103372099,2.2291220286492863,-0.6160043764446727,-0.0173897512244906,0.0,0.0,1.0507521789255303,1.2392366230972454,-0.15209721909334206
2024-12-19 00:00:00,1,1,0.5601378765797805,-0.0371807558623483,-0.1926970804906794,0.8247317636453053,2.2291220286492863,-0.6300194636966361,0.12027575315956107,0.12027575315956107,-0.004471943414385707,1.046063765611701,1.2392366230972454,-0.1558805266767732
2024-12-20 00:00:00,0,0,0.546720443387158,0.0,-0.1926970804906794,0.8247317636453053,2.2291220286492863,-0.6300194636966361,0.09344088677431595,0.0,0.0,1.046063765611701,1.2392366230972454,-0.1558805266767732
2024-12-21 00:00:00,-1,-1,0.4127280826403897,0.0018007175965937,-0.1908963628940857,0.826218210578485,2.2291220286492863,-0.6293526330278457,-0.17454383471922064,-0.17454383471922064,0.00031430415455584296,1.0463925994733805,1.2392366230972454,-0.15561517472093944
2024-12-22 00:00:00,1,1,0.553696088907066,-0.0308718986313341,-0.2217682615254198,0.8011009887467863,2.2291220286492863,-0.640620397425167,0.10739217781413202,0.10739217781413202,-0.0033154004272760904,1.0429291335626674,1.2392366230972454,-0.1584100129674536
2024-12-23 00:00:00,1,1,0.5505747058124796,0.0006870873679138,-0.221081174157506,0.801651604255396,2.2291220286492863,-0.6403733873909323,0.10114941162495916,0.10114941162495916,6.949848299942272e-05,1.0430016180740787,1.2392366230972454,-0.15835152170754374
2024-12-24 00:00:00,0,0,0.5273479159274291,0.0,-0.221081174157506,0.801651604255396,2.2291220286492863,-0.6403733873909323,0.05469583185485827,0.0,0.0,1.0430016180740787,1.2392366230972454,-0.15835152170754374
2024-12-25 00:00:00,0,0,0.4678029711426668,0.0,-0.221081174157506,0.801651604255396,2.2291220286492863,-0.6403733873909323,-0.06439405771466644,0.0,0.0,1.0430016180740787,1.2392366230972454,-0.15835152170754374
2024-12-26 00:00:00,0,0,0.4608807354952526,0.0,-0.221081174157506,0.801651604255396,2.2291220286492863,-0.6403733873909323,-0.0782385290094948,0.0,0.0,1.0430016180740787,1.2392366230972454,-0.15835152170754374
2024-12-27 00:00:00,0,0,0.5197598689604849,0.0,-0.221081174157506,0.801651604255396,2.2291220286492863,-0.6403733873909323,0.039519737920969744,0.0,0.0,1.0430016180740787,1.2392366230972454,-0.15835152170754374
2024-12-28 00:00:00,0,0,0.5417239356967162,0.0,-0.221081174157506,0.801651604255396,2.2291220286492863,-0.6403733873909323,0.08344787139343235,0.0,0.0,1.0430016180740787,1.2392366230972454,-0.15835152170754374
2024-12-29 00:00:00,0,0,0.4977287932737916,0.0,-0.221081174157506,0.801651604255396,2.2291220286492863,-0.6403733873909323,-0.004542413452416794,0.0,0.0,1.0430016180740787,1.2392366230972454,-0.15835152170754374
2024-12-30 00:00:00,0,0,0.5260302146187555,0.0,-0.221081174157506,0.801651604255396,2.2291220286492863,-0.6403733873909323,0.052060429237511086,0.0,0.0,1.0430016180740787,1.2392366230972454,-0.15835152170754374
2024-12-31 00:00:00,1,1,0.5735019310526646,0.0198851915165899,-0.2011959826409161,0.8177521506221386,2.2291220286492863,-0.6331505677517139,0.14700386210532912,0.14700386210532912,0.0029231999516428422,1.0460549809744641,1.2392366230972454,-0.15588761542566343
2025-01-01 00:00:00,0,0,0.476038092649777,0.0,-0.2011959826409161,0.8177521506221386,2.2291220286492863,-0.6331505677517139,-0.047923814700446044,0.0,0.0,1.0460549809744641,1.2392366230972454,-0.15588761542566343
2025-01-02 00:00:00,0,0,0.4770353133062742,0.0,-0.2011959826409161,0.8177521506221386,2.2291220286492863,-0.6331505677517139,-0.04592937338745162,0.0,0.0,1.0460549809744641,1.2392366230972454,-0.15588761542566343
2025-01-03 00:00:00,0,0,0.5036080064703381,0.0,-0.2011959826409161,0.8177521506221386,2.2291220286492863,-0.6331505677517139,0.0072160129406761975,0.0,0.0,1.0460549809744641,1.2392366230972454,-0.15588761542566343
2025-01-04 00:00:00,0,0,0.4802446562436224,0.0,-0.2011959826409161,0.8177521506221386,2.2291220286492863,-0.6331505677517139,-0.039510687512755216,0.0,0.0,1.0460549809744641,1.2392366230972454,-0.15588761542566343
2025-01-05 00:00:00,0,0,0.4767397985590629,0.0,-0.2011959826409161,0.8177521506221386,2.2291220286492863,-0.6331505677517139,-0.0465204028818742,0.0,0.0,1.0460549809744641,1.2392366230972454,-0.15588761542566343
2025-01-06 00:00:00,0,0,0.469146126253549,0.0,-0.2011959826409161,0.8177521506221386,2.2291220286492863,-0.6331505677517139,-0.061707747492901976,0.0,0.0,1.0460549809744641,1.2392366230972454,-0.15588761542566343
2025-01-07 00:00:00,0,0,0.4845969734136215,0.0,-0.2011959826409161,0.8177521506221386,2.2291220286492863,-0.6331505677517139,-0.030806053172756975,0.0,0.0,1.0460549809744641,1.2392366230972454,-0.15588761542566343
2025-01-08 00:00:00,0,0,0.5470288595401779,0.0,-0.2011959826409161,0.8177521506221386,2.2291220286492863,-0.6331505677517139,0.09405771908035576,0.0,0.0,1.0460549809744641,1.2392366230972454,-0.15588761542566343
2025-01-09 00:00:00,0,0,0.5409898006417745,0.0,-0.2011959826409161,0.8177521506221386,2.2291220286492863,-0.6331505677517139,0.08197960128354898,0.0,0.0,1.0460549809744641,1.2392366230972454,-0.15588761542566343
2025-01-10 00:00:00,1,1,0.5564553818734947,0.0184785088311833,-0.1827174738097327,0.8330034677908511,2.2291220286492863,-0.6263087183721382,0.1129107637469895,0.1129107637469895,0.0020864225450343966,1.0482397720762584,1.2392366230972454,-0.1541246017597715
2025-01-11 01:00:00,0,0,0.5258745633157041,0.0,-0.1827174738097327,0.8330034677908511,2.2291220286492863,-0.6263087183721382,0.05174912663140829,0.0,0.0,1.0482397720762584,1.2392366230972454,-0.1541246017597715
2025-01-12 01:00:00,0,0,0.4788814610556459,0.0,-0.1827174738097327,0.8330034677908511,2.2291220286492863,-0.6263087183721382,-0.04223707788870823,0.0,0.0,1.0482397720762584,1.2392366230972454,-0.1541246017597715
2025-01-13 01:00:00,0,0,0.5238668696643197,0.0,-0.1827174738097327,0.8330034677908511,2.2291220286492863,-0.6263087183721382,0.047733739328639446,0.0,0.0,1.0482397720762584,1.2392366230972454,-0.1541246017597715
2025-01-14 01:00:00,0,0,0.48555626930841,0.0,-0.1827174738097327,0.8330034677908511,2.2291220286492863,-0.6263087183721382,-0.02888746138317999,0.0,0.0,1.0482397720762584,1.2392366230972454,-0.1541246017597715
2025-01-15 01:00:00,0,0,0.4734336460060879,0.0,-0.1827174738097327,0.8330034677908511,2.2291220286492863,-0.6263087183721382,-0.05313270798782421,0.0,0.0,1.0482397720762584,1.2392366230972454,-0.1541246017597715
2025-01-16 01:00:00,0,0,0.4767281467436369,0.0,-0.1827174738097327,0.8330034677908511,2.2291220286492863,-0.6263087183721382,-0.04654370651272621,0.0,0.0,1.0482397720762584,1.2392366230972454,-0.1541246017597715
2025-01-17 01:00:00,0,0,0.4852412716175144,0.0,-0.1827174738097327,0.8330034677908511,2.2291220286492863,-0.6263087183721382,-0.029517456764971195,0.0,0.0,1.0482397720762584,1.2392366230972454,-0.1541246017597715
2025-01-18 01:00:00,0,0,0.5029005717161454,0.0,-0.1827174738097327,0.8330034677908511,2.2291220286492863,-0.6263087183721382,0.005801143432290878,0.0,0.0,1.0482397720762584,1.2392366230972454,-0.1541246017597715
2025-01-19 01:00:00,0,0,0.4842871080127544,0.0,-0.1827174738097327,0.8330034677908511,2.2291220286492863,-0.6263087183721382,-0.03142578397449125,0.0,0.0,1.0482397720762584,1.2392366230972454,-0.1541246017597715
2025-01-20 01:00:00,0,0,0.5441668144072678,0.0,-0.1827174738097327,0.8330034677908511,2.2291220286492863,-0.6263087183721382,0.08833362881453555,0.0,0.0,1.0482397720762584,1.2392366230972454,-0.1541246017597715
2025-01-21 01:00:00,0,0,0.5337218938116954,0.0,-0.1827174738097327,0.8330034677908511,2.2291220286492863,-0.6263087183721382,0.06744378762339087,0.0,0.0,1.0482397720762584,1.2392366230972454,-0.1541246017597715
2025-01-22 01:00:00,0,0,0.4797994633116132,0.0,-0.1827174738097327,0.8330034677908511,2.2291220286492863,-0.6263087183721382,-0.040401073376773566,0.0,0.0,1.0482397720762584,1.2392366230972454,-0.1541246017597715
2025-01-23 01:00:00,0,0,0.5489852629902845,0.0,-0.1827174738097327,0.8330034677908511,2.2291220286492863,-0.6263087183721382,0.09797052598056899,0.0,0.0,1.0482397720762584,1.2392366230972454,-0.1541246017597715
2025-01-24 01:00:00,0,0,0.5294796506848867,0.0,-0.1827174738097327,0.8330034677908511,2.2291220286492863,-0.6263087183721382,0.05895930136977334,0.0,0.0,1.0482397720762584,1.2392366230972454,-0.1541246017597715
2025-01-25 01:00:00,1,1,0.5544995272752785,-0.0021141609001301,-0.1848316347098628,0.8312442247462747,2.2291220286492863,-0.6270979273171695,0.10899905455055703,0.10899905455055703,-0.00023044153928193553,1.0479982419200038,1.2392366230972454,-0.1543195041309191
2025-01-26 01:00:00,1,1,0.5571792869135626,-0.03317958883069,-0.2180112235405528,0.8041164165827024,2.2291220286492863,-0.6392676550462567,0.11435857382712511,0.11435857382712511,-0.003794370458848118,1.044029282962088,1.2392366230972454,-0.15752224917891167
2025-01-27 01:00:00,0,0,0.5012315589305656,0.0,-0.2180112235405528,0.8041164165827024,2.2291220286492863,-0.6392676550462567,0.002463117861131181,0.0,0.0,1.044029282962088,1.2392366230972454,-0.15752224917891167
2025-01-28 01:00:00,0,0,0.4853489975335474,0.0,-0.2180112235405528,0.8041164165827024,2.2291220286492863,-0.6392676550462567,-0.029302004932905246,0.0,0.0,1.044029282962088,1.2392366230972454,-0.15752224917891167
2025-01-29 01:00:00,0,0,0.516929881782984,0.0,-0.2180112235405528,0.8041164165827024,2.2291220286492863,-0.6392676550462567,0.03385976356596809,0.0,0.0,1.044029282962088,1.2392366230972454,-0.15752224917891167
2025-01-30 01:00:00,0,0,0.4696585012452022,0.0,-0.2180112235405528,0.8041164165827024,2.2291220286492863,-0.6392676550462567,-0.060682997509595604,0.0,0.0,1.044029282962088,1.2392366230972454,-0.15752224917891167
2025-01-31 01:00:00,1,1,0.5646171520323173,-0.0218751056635232,-0.239886329204076,0.7867172827638383,2.2291220286492863,-0.6470730302546328,0.12923430406463465,0.12923430406463465,-0.002827014056765769,1.0410819655203132,1.2392366230972454,-0.15990058224851433
2025-02-01 01:00:00,1,1,0.5729744998776786,-0.0139297879426111,-0.253816117146687,0.7758344515833278,2.2291220286492863,-0.651955145742543,0.14594899975535713,0.14594899975535713,-0.002033038617028324,1.0389675557475602,1.2392366230972454,-0.16160680181412757
2025-02-02 01:00:00,1,1,0.5797896988515273,-0.0813019223683929,-0.3351180395150799,0.7152536531750523,2.2291220286492863,-0.6791321228795837,0.15957939770305463,0.15957939770305463,-0.012974111803648642,1.0255749410210024,1.2392366230972454,-0.17241395072898558
2025-02-03 01:00:00,1,1,0.5746225354010345,0.0806274843988636,-0.2544905551162164,0.7753113757820291,2.2291220286492863,-0.6521898012681606,0.14924507080206895,0.14924507080206895,0.012033254617701107,1.0379904953659846,1.2392366230972454,-0.16239523911767784
2025-02-04 01:00:00,0,0,0.4817974430343244,0.0,-0.2544905551162164,0.7753113757820291,2.2291220286492863,-0.6521898012681606,-0.03640511393135115,0.0,0.0,1.0379904953659846,1.2392366230972454,-0.16239523911767784
2025-02-05 01:00:00,1,1,0.5883761025666813,-0.0080780436979479,-0.2625685988141643,0.7690736050216673,2.2291220286492863,-0.654988109606687,0.17675220513336254,0.17675220513336254,-0.0014278120367759537,1.036509497587472,1.2392366230972454,-0.1635903278932267
2025-02-06 01:00:00,0,0,0.5462415047598519,0.0,-0.2625685988141643,0.7690736050216673,2.2291220286492863,-0.654988109606687,0.09248300951970378,0.0,0.0,1.036509497587472,1.2392366230972454,-0.1635903278932267
2025-02-07 01:00:00,0,0,0.5252297968517683,0.0,-0.2625685988141643,0.7690736050216673,2.2291220286492863,-0.654988109606687,0.05045959370353659,0.0,0.0,1.036509497587472,1.2392366230972454,-0.1635903278932267
2025-02-08 01:00:00,1,1,0.5897280998358939,0.0039938719265836,-0.2585747268875806,0.7721513284277284,2.2291220286492863,-0.6536074209918398,0.17945619967178783,0.17945619967178783,0.0007167250779205345,1.0372526562262994,1.2392366230972454,-0.16299063722481344
2025-02-09 01:00:00,0,0,0.4868827509634261,0.0,-0.2585747268875806,0.7721513284277284,2.2291220286492863,-0.6536074209918398,-0.026234498073147816,0.0,0.0,1.0372526562262994,1.2392366230972454,-0.16299063722481344
2025-02-10 01:00:00,1,1,0.5521651116983369,0.0239868568712777,-0.2345878700163029,0.7908967347290022,2.2291220286492863,-0.645198098370488,0.10433022339667386,0.10433022339667386,0.0025025541359644443,1.0398516879034858,1.2392366230972454,-0.16089335279281314
2025-02-11 01:00:00,0,0,0.4693366886397697,0.0,-0.2345878700163029,0.7908967347290022,2.2291220286492863,-0.645198098370488,-0.06132662272046063,0.0,0.0,1.0398516879034858,1.2392366230972454,-0.16089335279281314
2025-02-12 01:00:00,0,0,0.5431356093670335,0.0,-0.2345878700163029,0.7908967347290022,2.2291220286492863,-0.645198098370488,0.08627121873406707,0.0,0.0,1.0398516879034858,1.2392366230972454,-0.16089335279281314
2025-02-13 01:00:00,0,0,0.4703024336416074,0.0,-0.2345878700163029,0.7908967347290022,2.2291220286492863,-0.645198098370488,-0.059395132716785204,0.0,0.0,1.0398516879034858,1.2392366230972454,-0.16089335279281314
2025-02-14 01:00:00,0,0,0.5164918989684086,0.0,-0.2345878700163029,0.7908967347290022,2.2291220286492863,-0.645198098370488,0.03298379793681727,0.0,0.0,1.0398516879034858,1.2392366230972454,-0.16089335279281314
2025-02-15 01:00:00,0,0,0.4748932284752518,0.0,-0.2345878700163029,0.7908967347290022,2.2291220286492863,-0.645198098370488,-0.050213543049496434,0.0,0.0,1.0398516879034858,1.2392366230972454,-0.16089335279281314
2025-02-16 01:00:00,0,0,0.5073657906962322,0.0,-0.2345878700163029,0.7908967347290022,2.2291220286492863,-0.645198098370488,0.014731581392464443,0.0,0.0,1.0398516879034858,1.2392366230972454,-0.16089335279281314
2025-02-17 01:00:00,0,0,0.4614291639260061,0.0,-0.2345878700163029,0.7908967347290022,2.2291220286492863,-0.645198098370488,-0.07714167214798784,0.0,0.0,1.0398516879034858,1.2392366230972454,-0.16089335279281314
2025-02-18 01:00:00,0,0,0.5105889435938483,0.0,-0.2345878700163029,0.7908967347290022,2.2291220286492863,-0.645198098370488,0.021177887187696642,0.0,0.0,1.0398516879034858,1.2392366230972454,-0.16089335279281314
2025-02-19 01:00:00,0,0,0.5265479917876513,0.0,-0.2345878700163029,0.7908967347290022,2.2291220286492863,-0.645198098370488,0.05309598357530265,0.0,0.0,1.0398516879034858,1.2392366230972454,-0.16089335279281314
2025-02-20 01:00:00,0,0,0.4664283538374983,0.0,-0.2345878700163029,0.7908967347290022,2.2291220286492863,-0.645198098370488,-0.06714329232500338,0.0,0.0,1.0398516879034858,1.2392366230972454,-0.16089335279281314
2025-02-21 01:00:00,0,0,0.4771174317595939,0.0,-0.2345878700163029,0.7908967347290022,2.2291220286492863,-0.645198098370488,-0.04576513648081215,0.0,0.0,1.0398516879034858,1.2392366230972454,-0.16089335279281314
2025-02-22 01:00:00,1,1,0.5756438374576885,0.0012796680705497,-0.2333082019457531,0.7919094678704695,2.2291220286492863,-0.6447437790786541,0.1512876749153771,0.1512876749153771,0.00019359800705691087,1.0400530206060747,1.2392366230972454,-0.1607308876922533
2025-02-23 01:00:00,1,1,0.5860970171144736,-0.0060055172986158,-0.2393137192443689,0.7871678939153269,2.2291220286492863,-0.6468708828864325,0.1721940342289472,0.1721940342289472,-0.0010341142512803835,1.0389780428760718,1.2392366230972454,-0.1615983392426411
2025-02-24 01:00:00,0,0,0.4770978584052999,0.0,-0.2393137192443689,0.7871678939153269,2.2291220286492863,-0.6468708828864325,-0.04580428318940022,0.0,0.0,1.0389780428760718,1.2392366230972454,-0.1615983392426411
2025-02-25 01:00:00,0,0,0.5280794864913099,0.0,-0.2393137192443689,0.7871678939153269,2.2291220286492863,-0.6468708828864325,0.05615897298261974,0.0,0.0,1.0389780428760718,1.2392366230972454,-0.1615983392426411
2025-02-26 01:00:00,1,1,0.5651611149753146,-0.0464616216539589,-0.2857753408983278,0.7514314128914795,2.2291220286492863,-0.6629025225026368,0.13032222995062925,0.13032222995062925,-0.006054982141066367,1.0327060569253308,1.2392366230972454,-0.16665950821863962
2025-02-27 01:00:00,1,1,0.5667786445635493,-0.0382788093706773,-0.3240541502690051,0.7232110792450163,2.2291220286492863,-0.6755623649355622,0.13355728912709863,0.13355728912709863,-0.00511241401056064,1.0274399088457333,1.2392366230972454,-0.1709090179421625
2025-02-28 01:00:00,0,0,0.5316927161312981,0.0,-0.3240541502690051,0.7232110792450163,2.2291220286492863,-0.6755623649355622,0.06338543226259619,0.0,0.0,1.0274399088457333,1.2392366230972454,-0.1709090179421625
2025-03-01 01:00:00,0,0,0.4758346645752151,0.0,-0.3240541502690051,0.7232110792450163,2.2291220286492863,-0.6755623649355622,-0.04833067084956977,0.0,0.0,1.0274399088457333,1.2392366230972454,-0.1709090179421625
2025-03-02 01:00:00,0,0,0.4984896939165139,0.0,-0.3240541502690051,0.7232110792450163,2.2291220286492863,-0.6755623649355622,-0.0030206121669722474,0.0,0.0,1.0274399088457333,1.2392366230972454,-0.1709090179421625
2025-03-03 01:00:00,0,0,0.5034736913888668,0.0,-0.3240541502690051,0.7232110792450163,2.2291220286492863,-0.6755623649355622,0.006947382777733546,0.0,0.0,1.0274399088457333,1.2392366230972454,-0.1709090179421625
2025-03-04 01:00:00,1,1,0.5735814958405568,0.0488579314401016,-0.2751962188289035,0.759423095493983,2.2291220286492863,-0.6593173968344175,0.1471629916811137,0.1471629916811137,0.007190079358076095,1.0348539049960948,1.2392366230972454,-0.16492630567222377
2025-03-05 01:00:00,0,0,0.478674083382253,0.0,-0.2751962188289035,0.759423095493983,2.2291220286492863,-0.6593173968344175,-0.04265183323549404,0.0,0.0,1.0348539049960948,1.2392366230972454,-0.16492630567222377
2025-03-06 01:00:00,0,0,0.4829595656875318,0.0,-0.2751962188289035,0.759423095493983,2.2291220286492863,-0.6593173968344175,-0.03408086862493642,0.0,0.0,1.0348539049960948,1.2392366230972454,-0.16492630567222377
2025-03-07 01:00:00,1,1,0.6218026128985682,-0.0257516447285301,-0.3009478635574336,0.7401163587748615,2.2291220286492863,-0.6679785362745136,0.2436052257971364,0.2436052257971364,-0.006273235228741212,1.028382343061024,1.2392366230972454,-0.17014852216780818
2025-03-08 01:00:00,1,1,0.5873423547773508,7.252072010350001e-05,-0.3008753428373301,0.7401700344924376,2.2291220286492863,-0.6679544569657606,0.1746847095547015,0.1746847095547015,1.2668260927977678e-05,1.0283953709593998,1.2392366230972454,-0.17013800932616596
2025-03-09 01:00:00,0,0,0.5291780196463228,0.0,-0.3008753428373301,0.7401700344924376,2.2291220286492863,-0.6679544569657606,0.058356039292645656,0.0,0.0,1.0283953709593998,1.2392366230972454,-0.17013800932616596
2025-03-10 01:00:00,1,1,0.5746771832306607,-0.0337612212901276,-0.3346365641274577,0.7155981131228021,2.2291220286492863,-0.6789775956965391,0.1493543664613215,0.1493543664613215,-0.005042385816747486,1.0232228565929469,1.2392366230972454,-0.1743119614754538
2025-03-11 01:00:00,1,1,0.585259727388164,0.0505113908611027,-0.284125173266355,0.7526724243435335,2.2291220286492863,-0.6623457959367044,0.17051945477632802,0.17051945477632802,0.00861317482962923,1.032074117956768,1.2392366230972454,-0.16716945035300235
2025-03-12 01:00:00,0,0,0.4745535887927484,0.0,-0.284125173266355,0.7526724243435335,2.2291220286492863,-0.6623457959367044,-0.050892822414503214,0.0,0.0,1.032074117956768,1.2392366230972454,-0.16716945035300235
2025-03-13 01:00:00,0,0,0.4755551125065143,0.0,-0.284125173266355,0.7526724243435335,2.2291220286492863,-0.6623457959367044,-0.048889774986971446,0.0,0.0,1.032074117956768,1.2392366230972454,-0.16716945035300235
2025-03-14 01:00:00,0,0,0.5473562484440107,0.0,-0.284125173266355,0.7526724243435335,2.2291220286492863,-0.6623457959367044,0.0947124968880213,0.0,0.0,1.032074117956768,1.2392366230972454,-0.16716945035300235
2025-03-15 01:00:00,0,0,0.4818060051119523,0.0,-0.284125173266355,0.7526724243435335,2.2291220286492863,-0.6623457959367044,-0.036387989776095364,0.0,0.0,1.032074117956768,1.2392366230972454,-0.16716945035300235
2025-03-16 01:00:00,1,1,0.5775684506052708,-0.0086062386145,-0.292731411880855,0.7462225402921022,2.2291220286492863,-0.6652392598065759,0.1551369012105417,0.1551369012105417,-0.0013351451897320357,1.030697068647674,1.2392366230972454,-0.1682806580783296
2025-03-17 01:00:00,0,0,0.5469027489143335,0.0,-0.292731411880855,0.7462225402921022,2.2291220286492863,-0.6652392598065759,0.0938054978286671,0.0,0.0,1.030697068647674,1.2392366230972454,-0.1682806580783296
2025-03-18 01:00:00,0,0,0.5209374335910252,0.0,-0.292731411880855,0.7462225402921022,2.2291220286492863,-0.6652392598065759,0.04187486718205036,0.0,0.0,1.030697068647674,1.2392366230972454,-0.1682806580783296
2025-03-19 01:00:00,0,0,0.5205694948011141,0.0,-0.292731411880855,0.7462225402921022,2.2291220286492863,-0.6652392598065759,0.04113898960222828,0.0,0.0,1.030697068647674,1.2392366230972454,-0.1682806580783296
2025-03-20 01:00:00,0,0,0.4784729369558356,0.0,-0.292731411880855,0.7462225402921022,2.2291220286492863,-0.6652392598065759,-0.043054126088328815,0.0,0.0,1.030697068647674,1.2392366230972454,-0.1682806580783296
2025-03-21 01:00:00,1,1,0.5744869437079617,-0.0092865469282291,-0.3020179588090841,0.7393247873776003,2.2291220286492863,-0.6683336408345546,0.14897388741592343,0.14897388741592343,-0.0013834529965686916,1.0292721335921053,1.2392366230972454,-0.16943050712976204
2025-03-22 01:00:00,0,0,0.5476866386173134,0.0,-0.3020179588090841,0.7393247873776003,2.2291220286492863,-0.6683336408345546,0.09537327723462674,0.0,0.0,1.0292721335921053,1.2392366230972454,-0.16943050712976204
2025-03-23 01:00:00,1,1,0.5694626432851162,0.016632652911629,-0.2853853058974551,0.7517245546073109,2.2291220286492863,-0.662771017043508,0.1389252865702324,0.1389252865702324,0.0023106960721712695,1.0316532185908218,1.2392366230972454,-0.1675090944194393
2025-03-24 01:00:00,0,0,0.469037783861179,0.0,-0.2853853058974551,0.7517245546073109,2.2291220286492863,-0.662771017043508,-0.061924432277641994,0.0,0.0,1.0316532185908218,1.2392366230972454,-0.1675090944194393
2025-03-25 01:00:00,0,0,0.5216034196944521,0.0,-0.2853853058974551,0.7517245546073109,2.2291220286492863,-0.662771017043508,0.04320683938890424,0.0,0.0,1.0316532185908218,1.2392366230972454,-0.1675090944194393
2025-03-26 01:00:00,0,0,0.4724058067694671,0.0,-0.2853853058974551,0.7517245546073109,2.2291220286492863,-0.662771017043508,-0.05518838646106583,0.0,0.0,1.0316532185908218,1.2392366230972454,-0.1675090944194393
2025-03-27 01:00:00,0,0,0.520690908354164,0.0,-0.2853853058974551,0.7517245546073109,2.2291220286492863,-0.662771017043508,0.04138181670832797,0.0,0.0,1.0316532185908218,1.2392366230972454,-0.1675090944194393
2025-03-28 01:00:00,0,0,0.5092697132331946,0.0,-0.2853853058974551,0.7517245546073109,2.2291220286492863,-0.662771017043508,0.018539426466389175,0.0,0.0,1.0316532185908218,1.2392366230972454,-0.1675090944194393
2025-03-29 01:00:00,1,1,0.5504339518677481,-0.0170360535510067,-0.3024213594484618,0.739026603433505,2.2291220286492863,-0.6684674082731529,0.10086790373549626,0.10086790373549626,-0.001718391009615703,1.0298819572705769,1.2392366230972454,-0.1689384108931713
2025-03-30 01:00:00,0,0,0.5113391165975429,0.0,-0.3024213594484618,0.739026603433505,2.2291220286492863,-0.6684674082731529,0.022678233195085884,0.0,0.0,1.0298819572705769,1.2392366230972454,-0.1689384108931713
2025-03-31 01:00:00,1,1,0.5547404267505194,0.008124108442663,-0.2942972510057988,0.7450549901789766,2.2291220286492863,-0.6657630310932618,0.10948085350103876,0.10948085350103876,0.00088943432623774,1.0307983771225684,1.2392366230972454,-0.16819890736744347
2025-04-01 01:00:00,0,0,0.4760453459017024,0.0,-0.2942972510057988,0.7450549901789766,2.2291220286492863,-0.6657630310932618,-0.047909308196595224,0.0,0.0,1.0307983771225684,1.2392366230972454,-0.16819890736744347
2025-04-02 01:00:00,0,0,0.468059643136943,0.0,-0.2942972510057988,0.7450549901789766,2.2291220286492863,-0.6657630310932618,-0.06388071372611404,0.0,0.0,1.0307983771225684,1.2392366230972454,-0.16819890736744347
2025-04-03 01:00:00,1,1,0.5533878294653334,-0.0138047624073657,-0.3081020134131646,0.7348403506129967,2.2291220286492863,-0.6703453910693864,0.10677565893066676,0.10677565893066676,-0.0014740126024277702,1.029280086588719,1.2392366230972454,-0.169424089471935
2025-04-04 01:00:00,0,0,0.5437039785370704,0.0,-0.3081020134131646,0.7348403506129967,2.2291220286492863,-0.6703453910693864,0.08740795707414084,0.0,0.0,1.029280086588719,1.2392366230972454,-0.169424089471935
2025-04-05 01:00:00,0,0,0.4776395200587766,0.0,-0.3081020134131646,0.7348403506129967,2.2291220286492863,-0.6703453910693864,-0.04472095988244684,0.0,0.0,1.029280086588719,1.2392366230972454,-0.169424089471935
2025-04-06 01:00:00,0,0,0.494183394349418,0.0,-0.3081020134131646,0.7348403506129967,2.2291220286492863,-0.6703453910693864,-0.011633211301164015,0.0,0.0,1.029280086588719,1.2392366230972454,-0.169424089471935
2025-04-07 01:00:00,1,1,0.5649847102719825,0.0172546917795326,-0.2908473216336319,0.7476298162036394,2.2291220286492863,-0.664607945821316,0.129969420543965,0.129969420543965,0.0022425822922505683,1.0315909220355293,1.2392366230972454,-0.1675593645245439
2025-04-08 01:00:00,0,0,0.4798424575845496,0.0,-0.2908473216336319,0.7476298162036394,2.2291220286492863,-0.664607945821316,-0.04031508483090085,0.0,0.0,1.0315909220355293,1.2392366230972454,-0.1675593645245439
2025-04-09 01:00:00,0,0,0.5324691801185082,0.0,-0.2908473216336319,0.7476298162036394,2.2291220286492863,-0.664607945821316,0.06493836023701638,0.0,0.0,1.0315909220355293,1.2392366230972454,-0.1675593645245439
2025-04-10 01:00:00,0,0,0.4832258674507601,0.0,-0.2908473216336319,0.7476298162036394,2.2291220286492863,-0.664607945821316,-0.033548265098479746,0.0,0.0,1.0315909220355293,1.2392366230972454,-0.1675593645245439
2025-04-11 01:00:00,1,1,0.5814995323420332,0.0327866577231515,-0.2580606639104804,0.7725483648805189,2.2291220286492863,-0.6534293076146053,0.16299906468406644,0.16299906468406644,0.005344194542990318,1.037118702221721,1.2392366230972454,-0.1630987311933758
2025-04-12 01:00:00,0,0,0.5001923654427358,0.0,-0.2580606639104804,0.7725483648805189,2.2291220286492863,-0.6534293076146053,0.00038473088547164025,0.0,0.0,1.037118702221721,1.2392366230972454,-0.1630987311933758
2025-04-13 01:00:00,0,0,0.4822297278307841,0.0,-0.2580606639104804,0.7725483648805189,2.2291220286492863,-0.6534293076146053,-0.03554054433843179,0.0,0.0,1.037118702221721,1.2392366230972454,-0.1630987311933758
2025-04-14 01:00:00,0,0,0.5307999418511188,0.0,-0.2580606639104804,0.7725483648805189,2.2291220286492863,-0.6534293076146053,0.06159988370223757,0.0,0.0,1.037118702221721,1.2392366230972454,-0.1630987311933758
2025-04-15 01:00:00,0,0,0.4722300879559232,0.0,-0.2580606639104804,0.7725483648805189,2.2291220286492863,-0.6534293076146053,-0.05553982408815361,0.0,0.0,1.037118702221721,1.2392366230972454,-0.1630987311933758
2025-04-16 01:00:00,0,0,0.5373769211399624,0.0,-0.2580606639104804,0.7725483648805189,2.2291220286492863,-0.6534293076146053,0.07475384227992476,0.0,0.0,1.037118702221721,1.2392366230972454,-0.1630987311933758
2025-04-17 01:00:00,0,0,0.4934459685550105,0.0,-0.2580606639104804,0.7725483648805189,2.2291220286492863,-0.6534293076146053,-0.01310806288997901,0.0,0.0,1.037118702221721,1.2392366230972454,-0.1630987311933758
2025-04-18 01:00:00,0,0,0.4811071114443668,0.0,-0.2580606639104804,0.7725483648805189,2.2291220286492863,-0.6534293076146053,-0.037785777111266405,0.0,0.0,1.037118702221721,1.2392366230972454,-0.1630987311933758
2025-04-19 01:00:00,1,1,0.5573895242757503,0.008137833099568,-0.2499228308109124,0.7788608848152668,2.2291220286492863,-0.6505974662646847,0.11477904855150056,0.11477904855150056,0.000934052740439324,1.038087878348037,1.2392366230972454,-0.16231665607692736
2025-04-20 01:00:00,0,0,0.4813029693611254,0.0,-0.2499228308109124,0.7788608848152668,2.2291220286492863,-0.6505974662646847,-0.037394061277749246,0.0,0.0,1.038087878348037,1.2392366230972454,-0.16231665607692736
2025-04-21 01:00:00,0,0,0.5213075324487025,0.0,-0.2499228308109124,0.7788608848152668,2.2291220286492863,-0.6505974662646847,0.042615064897405075,0.0,0.0,1.038087878348037,1.2392366230972454,-0.16231665607692736
2025-04-22 01:00:00,0,0,0.4707578233149603,0.0,-0.2499228308109124,0.7788608848152668,2.2291220286492863,-0.6505974662646847,-0.0584843533700794,0.0,0.0,1.038087878348037,1.2392366230972454,-0.16231665607692736
2025-04-23 01:00:00,0,0,0.4905304519027529,0.0,-0.2499228308109124,0.7788608848152668,2.2291220286492863,-0.6505974662646847,-0.018939096194494187,0.0,0.0,1.038087878348037,1.2392366230972454,-0.16231665607692736
2025-04-24 01:00:00,0,0,0.4860165123806048,0.0,-0.2499228308109124,0.7788608848152668,2.2291220286492863,-0.6505974662646847,-0.027966975238790437,0.0,0.0,1.038087878348037,1.2392366230972454,-0.16231665607692736
2025-04-25 01:00:00,0,0,0.4852216837828509,0.0,-0.2499228308109124,0.7788608848152668,2.2291220286492863,-0.6505974662646847,-0.02955663243429818,0.0,0.0,1.038087878348037,1.2392366230972454,-0.16231665607692736
2025-04-26 01:00:00,0,0,0.4710496235913892,0.0,-0.2499228308109124,0.7788608848152668,2.2291220286492863,-0.6505974662646847,-0.057900752817221623,0.0,0.0,1.038087878348037,1.2392366230972454,-0.16231665607692736
2025-04-27 01:00:00,1,1,0.5670403487519396,-0.0134834575888072,-0.2634062883997196,0.7684296298355263,2.2291220286492863,-0.6552770014564216,0.1340806975038793,0.1340806975038793,-0.001807871398271244,1.0362128443847125,1.2392366230972454,-0.16382971171809957
2025-04-28 01:00:00,0,0,0.4767368562755253,0.0,-0.2634062883997196,0.7684296298355263,2.2291220286492863,-0.6552770014564216,-0.04652628744894938,0.0,0.0,1.0362128443847125,1.2392366230972454,-0.16382971171809957
2025-04-29 01:00:00,0,0,0.4655719681639197,0.0,-0.2634062883997196,0.7684296298355263,2.2291220286492863,-0.6552770014564216,-0.06885606367216057,0.0,0.0,1.0362128443847125,1.2392366230972454,-0.16382971171809957
2025-04-30 01:00:00,0,0,0.5135383364677754,0.0,-0.2634062883997196,0.7684296298355263,2.2291220286492863,-0.6552770014564216,0.027076672935550716,0.0,0.0,1.0362128443847125,1.2392366230972454,-0.16382971171809957
2025-05-01 01:00:00,0,0,0.4964920935866875,0.0,-0.2634062883997196,0.7684296298355263,2.2291220286492863,-0.6552770014564216,-0.007015812826625001,0.0,0.0,1.0362128443847125,1.2392366230972454,-0.16382971171809957
2025-05-02 01:00:00,0,0,0.4779049776754565,0.0,-0.2634062883997196,0.7684296298355263,2.2291220286492863,-0.6552770014564216,-0.044190044649087046,0.0,0.0,1.0362128443847125,1.2392366230972454,-0.16382971171809957
2025-05-03 01:00:00,1,1,0.587523462292331,-0.0050915168191906,-0.2684978052189102,0.7645271007776336,2.2291220286492863,-0.6570277037543382,0.17504692458466198,0.17504692458466198,-0.000891254360670395,1.0352897265960548,1.2392366230972454,-0.16457462013304824
2025-05-04 01:00:00,0,0,0.5294729397552537,0.0,-0.2684978052189102,0.7645271007776336,2.2291220286492863,-0.6570277037543382,0.05894587951050734,0.0,0.0,1.0352897265960548,1.2392366230972454,-0.16457462013304824
2025-05-05 01:00:00,0,0,0.500084595083085,0.0,-0.2684978052189102,0.7645271007776336,2.2291220286492863,-0.6570277037543382,0.00016919016617000793,0.0,0.0,1.0352897265960548,1.2392366230972454,-0.16457462013304824
2025-05-06 01:00:00,0,0,0.5203784691400432,0.0,-0.2684978052189102,0.7645271007776336,2.2291220286492863,-0.6570277037543382,0.04075693828008631,0.0,0.0,1.0352897265960548,1.2392366230972454,-0.16457462013304824
2025-05-07 01:00:00,0,0,0.4888694770350973,0.0,-0.2684978052189102,0.7645271007776336,2.2291220286492863,-0.6570277037543382,-0.02226104592980538,0.0,0.0,1.0352897265960548,1.2392366230972454,-0.16457462013304824
2025-05-08 01:00:00,0,0,0.4734158411562115,0.0,-0.2684978052189102,0.7645271007776336,2.2291220286492863,-0.6570277037543382,-0.053168317687577016,0.0,0.0,1.0352897265960548,1.2392366230972454,-0.16457462013304824
2025-05-09 01:00:00,0,0,0.5217608417073701,0.0,-0.2684978052189102,0.7645271007776336,2.2291220286492863,-0.6570277037543382,0.043521683414740275,0.0,0.0,1.0352897265960548,1.2392366230972454,-0.16457462013304824
2025-05-10 01:00:00,0,0,0.515418501313031,0.0,-0.2684978052189102,0.7645271007776336,2.2291220286492863,-0.6570277037543382,0.030837002626062038,0.0,0.0,1.0352897265960548,1.2392366230972454,-0.16457462013304824
2025-05-11 01:00:00,0,0,0.4732937518280182,0.0,-0.2684978052189102,0.7645271007776336,2.2291220286492863,-0.6570277037543382,-0.05341249634396361,0.0,0.0,1.0352897265960548,1.2392366230972454,-0.16457462013304824
2025-05-12 01:00:00,0,0,0.5019922554137843,0.0,-0.2684978052189102,0.7645271007776336,2.2291220286492863,-0.6570277037543382,0.003984510827568677,0.0,0.0,1.0352897265960548,1.2392366230972454,-0.16457462013304824
2025-05-13 01:00:00,1,1,0.5525774251767707,0.0119464350585463,-0.2565513701603639,0.7737152476622304,2.2291220286492863,-0.652905835697539,0.10515485035354133,0.10515485035354133,0.0012562255908397358,1.036591101283489,1.2392366230972454,-0.16352447792196534
2025-05-14 01:00:00,0,0,0.4821707249207138,0.0,-0.2565513701603639,0.7737152476622304,2.2291220286492863,-0.652905835697539,-0.035658550158572444,0.0,0.0,1.036591101283489,1.2392366230972454,-0.16352447792196534
2025-05-15 01:00:00,0,0,0.5229535862680431,0.0,-0.2565513701603639,0.7737152476622304,2.2291220286492863,-0.652905835697539,0.04590717253608623,0.0,0.0,1.036591101283489,1.2392366230972454,-0.16352447792196534
2025-05-16 01:00:00,0,0,0.4753260096285826,0.0,-0.2565513701603639,0.7737152476622304,2.2291220286492863,-0.652905835697539,-0.04934798074283475,0.0,0.0,1.036591101283489,1.2392366230972454,-0.16352447792196534
2025-05-17 01:00:00,1,1,0.5865840938571308,0.003094705156445,-0.2534566650039188,0.7761133770665609,2.2291220286492863,-0.651830017786492,0.17316818771426168,0.17316818771426168,0.0005359044834515613,1.0371467639799394,1.2392366230972454,-0.1630760868027119
2025-05-18 01:00:00,0,0,0.4893112885173989,0.0,-0.2534566650039188,0.7761133770665609,2.2291220286492863,-0.651830017786492,-0.021377422965202175,0.0,0.0,1.0371467639799394,1.2392366230972454,-0.1630760868027119
2025-05-19 01:00:00,0,0,0.4746337394167227,0.0,-0.2534566650039188,0.7761133770665609,2.2291220286492863,-0.651830017786492,-0.05073252116655458,0.0,0.0,1.0371467639799394,1.2392366230972454,-0.1630760868027119
2025-05-20 01:00:00,0,0,0.4824847653180886,0.0,-0.2534566650039188,0.7761133770665609,2.2291220286492863,-0.651830017786492,-0.035030469363822814,0.0,0.0,1.0371467639799394,1.2392366230972454,-0.1630760868027119
2025-05-21 01:00:00,0,0,0.4793826471155643,0.0,-0.2534566650039188,0.7761133770665609,2.2291220286492863,-0.651830017786492,-0.04123470576887145,0.0,0.0,1.0371467639799394,1.2392366230972454,-0.1630760868027119
2025-05-22 01:00:00,0,0,0.4801875879221388,0.0,-0.2534566650039188,0.7761133770665609,2.2291220286492863,-0.651830017786492,-0.03962482415572244,0.0,0.0,1.0371467639799394,1.2392366230972454,-0.1630760868027119
2025-05-23 01:00:00,0,0,0.4869623142453616,0.0,-0.2534566650039188,0.7761133770665609,2.2291220286492863,-0.651830017786492,-0.026075371509276746,0.0,0.0,1.0371467639799394,1.2392366230972454,-0.1630760868027119
2025-05-24 01:00:00,1,1,0.5769392812363598,0.0006452893439639,-0.2528113756599549,0.7766143563794119,2.2291220286492863,-0.6516052749027861,0.1538785624727197,0.1538785624727197,9.929619662812927e-05,1.037249753822113,1.2392366230972454,-0.16299297931520385
2025-05-25 01:00:00,1,1,0.5680662331611844,0.0163966209356525,-0.2364147547243024,0.7894531765873567,2.2291220286492863,-0.6458456888222859,0.13613246632236886,0.13613246632236886,0.0022321124473233625,1.0395675977904344,1.2392366230972454,-0.16112259885265068
2025-05-26 01:00:00,0,0,0.4738091883957232,0.0,-0.2364147547243024,0.7894531765873567,2.2291220286492863,-0.6458456888222859,-0.05238162320855355,0.0,0.0,1.0395675977904344,1.2392366230972454,-0.16112259885265068
2025-05-27 01:00:00,0,0,0.5090370538654025,0.0,-0.2364147547243024,0.7894531765873567,2.2291220286492863,-0.6458456888222859,0.01807410773080509,0.0,0.0,1.0395675977904344,1.2392366230972454,-0.16112259885265068
2025-05-28 01:00:00,0,0,0.5113091347823564,0.0,-0.2364147547243024,0.7894531765873567,2.2291220286492863,-0.6458456888222859,0.0226182695647128,0.0,0.0,1.0395675977904344,1.2392366230972454,-0.16112259885265068
2025-05-29 01:00:00,0,0,0.5142284679218836,0.0,-0.2364147547243024,0.7894531765873567,2.2291220286492863,-0.6458456888222859,0.028456935843767184,0.0,0.0,1.0395675977904344,1.2392366230972454,-0.16112259885265068
2025-05-30 01:00:00,1,1,0.579145448314225,-0.0219438252900911,-0.2583585800143935,0.7723182445615456,2.2291220286492863,-0.6535325412267698,0.15829089662844997,0.15829089662844997,-0.0034735077806265766,1.0359629157209131,1.2392366230972454,-0.16403139125140342
2025-05-31 01:00:00,1,1,0.5767133423151762,0.0052567797170569,-0.2531018002973366,0.7763888411857442,2.2291220286492863,-0.6517064426229778,0.15342668463035247,0.15342668463035247,0.0008065302838201225,1.0367987882182874,1.2392366230972454,-0.1633568852839432
2025-06-01 01:00:00,0,0,0.519176679234502,0.0,-0.2531018002973366,0.7763888411857442,2.2291220286492863,-0.6517064426229778,0.038353358469003895,0.0,0.0,1.0367987882182874,1.2392366230972454,-0.1633568852839432
2025-06-02 01:00:00,0,0,0.4710926939705643,0.0,-0.2531018002973366,0.7763888411857442,2.2291220286492863,-0.6517064426229778,-0.057814612058871395,0.0,0.0,1.0367987882182874,1.2392366230972454,-0.1633568852839432
2025-06-03 01:00:00,0,0,0.4963538447677204,0.0,-0.2531018002973366,0.7763888411857442,2.2291220286492863,-0.6517064426229778,-0.0072923104645592485,0.0,0.0,1.0367987882182874,1.2392366230972454,-0.1633568852839432
2025-06-04 01:00:00,0,0,0.4935772702940581,0.0,-0.2531018002973366,0.7763888411857442,2.2291220286492863,-0.6517064426229778,-0.012845459411883753,0.0,0.0,1.0367987882182874,1.2392366230972454,-0.1633568852839432
2025-06-05 01:00:00,0,0,0.5025442514174161,0.0,-0.2531018002973366,0.7763888411857442,2.2291220286492863,-0.6517064426229778,0.005088502834832198,0.0,0.0,1.0367987882182874,1.2392366230972454,-0.1633568852839432
2025-06-06 01:00:00,1,1,0.5851542021700986,0.024327833346148,-0.2287739669511886,0.7955083243569006,2.2291220286492863,-0.6431293064566184,0.17030840434019723,0.17030840434019723,0.004143234478236707,1.0411034000548296,1.2392366230972454,-0.15988328568535848
2025-06-07 01:00:00,0,0,0.4914381407065845,0.0,-0.2287739669511886,0.7955083243569006,2.2291220286492863,-0.6431293064566184,-0.017123718586831038,0.0,0.0,1.0411034000548296,1.2392366230972454,-0.15988328568535848
2025-06-08 01:00:00,0,0,0.477028922960926,0.0,-0.2287739669511886,0.7955083243569006,2.2291220286492863,-0.6431293064566184,-0.045942154078147945,0.0,0.0,1.0411034000548296,1.2392366230972454,-0.15988328568535848
2025-06-09 01:00:00,0,0,0.4671493671070605,0.0,-0.2287739669511886,0.7955083243569006,2.2291220286492863,-0.6431293064566184,-0.06570126578587898,0.0,0.0,1.0411034000548296,1.2392366230972454,-0.15988328568535848
2025-06-10 01:00:00,0,0,0.4805064640750834,0.0,-0.2287739669511886,0.7955083243569006,2.2291220286492863,-0.6431293064566184,-0.03898707184983319,0.0,0.0,1.0411034000548296,1.2392366230972454,-0.15988328568535848
2025-06-11 01:00:00,0,0,0.485497142037151,0.0,-0.2287739669511886,0.7955083243569006,2.2291220286492863,-0.6431293064566184,-0.029005715925698006,0.0,0.0,1.0411034000548296,1.2392366230972454,-0.15988328568535848
2025-06-12 01:00:00,0,0,0.470521206574559,0.0,-0.2287739669511886,0.7955083243569006,2.2291220286492863,-0.6431293064566184,-0.05895758685088204,0.0,0.0,1.0411034000548296,1.2392366230972454,-0.15988328568535848
2025-06-13 01:00:00,1,1,0.5664596630889849,0.0152177858212342,-0.2135561811299544,0.8077067809962204,2.2291220286492863,-0.6376569920285422,0.13291932617796975,0.13291932617796975,0.002022737837279112,1.0432114105521995,1.2392366230972454,-0.15818223000472398
2025-06-14 01:00:00,0,0,0.4888227962536007,0.0,-0.2135561811299544,0.8077067809962204,2.2291220286492863,-0.6376569920285422,-0.0223544074927986,0.0,0.0,1.0432114105521995,1.2392366230972454,-0.15818223000472398
2025-06-15 01:00:00,0,0,0.4909848323038349,0.0,-0.2135561811299544,0.8077067809962204,2.2291220286492863,-0.6376569920285422,-0.018030335392330232,0.0,0.0,1.0432114105521995,1.2392366230972454,-0.15818223000472398
2025-06-16 01:00:00,0,0,0.476546963074031,0.0,-0.2135561811299544,0.8077067809962204,2.2291220286492863,-0.6376569920285422,-0.04690607385193801,0.0,0.0,1.0432114105521995,1.2392366230972454,-0.15818223000472398
2025-06-17 01:00:00,0,0,0.4926237014834744,0.0,-0.2135561811299544,0.8077067809962204,2.2291220286492863,-0.6376569920285422,-0.014752597033051207,0.0,0.0,1.0432114105521995,1.2392366230972454,-0.15818223000472398
2025-06-18 01:00:00,0,0,0.5193349877999945,0.0,-0.2135561811299544,0.8077067809962204,2.2291220286492863,-0.6376569920285422,0.03866997559998908,0.0,0.0,1.0432114105521995,1.2392366230972454,-0.15818223000472398
2025-06-19 01:00:00,0,0,0.5305064379534116,0.0,-0.2135561811299544,0.8077067809962204,2.2291220286492863,-0.6376569920285422,0.06101287590682314,0.0,0.0,1.0432114105521995,1.2392366230972454,-0.15818223000472398
2025-06-20 01:00:00,0,0,0.4932137727180622,0.0,-0.2135561811299544,0.8077067809962204,2.2291220286492863,-0.6376569920285422,-0.013572454563875569,0.0,0.0,1.0432114105521995,1.2392366230972454,-0.15818223000472398
2025-06-21 01:00:00,1,1,0.5585358126189441,-0.011960256070297,-0.2255164372002514,0.798103941745762,2.2291220286492863,-0.6419648940307835,0.11707162523788828,0.11707162523788828,-0.0014002066164109886,1.0417517212046563,1.2392366230972454,-0.1593601239761714
2025-06-22 01:00:00,1,1,0.5761107321593585,-0.0136334039635106,-0.239149841163762,0.787296904049575,2.2291220286492863,-0.6468130080224324,0.15222146431871697,0.15222146431871697,-0.002075296714974183,1.0395920190663255,1.2392366230972454,-0.16110289214334605
2025-06-23 01:00:00,0,0,0.5430114524308375,0.0,-0.239149841163762,0.787296904049575,2.2291220286492863,-0.6468130080224324,0.08602290486167496,0.0,0.0,1.0395920190663255,1.2392366230972454,-0.16110289214334605
2025-06-24 01:00:00,0,0,0.485802522125988,0.0,-0.239149841163762,0.787296904049575,2.2291220286492863,-0.6468130080224324,-0.028394955748023976,0.0,0.0,1.0395920190663255,1.2392366230972454,-0.16110289214334605
2025-06-25 01:00:00,0,0,0.4692273210070589,0.0,-0.239149841163762,0.787296904049575,2.2291220286492863,-0.6468130080224324,-0.06154535798588223,0.0,0.0,1.0395920190663255,1.2392366230972454,-0.16110289214334605
2025-06-26 01:00:00,0,0,0.474367981084795,0.0,-0.239149841163762,0.787296904049575,2.2291220286492863,-0.6468130080224324,-0.05126403783041,0.0,0.0,1.0395920190663255,1.2392366230972454,-0.16110289214334605
2025-06-27 01:00:00,1,1,0.5666681033692721,-0.0015286919619479,-0.2406785331257099,0.7860942890488296,2.2291220286492863,-0.6473525096671556,0.13333620673854418,0.13333620673854418,-0.00020382998747783593,1.03938014063242,1.2392366230972454,-0.1612738671048316
2025-06-28 01:00:00,0,0,0.4968048409907283,0.0,-0.2406785331257099,0.7860942890488296,2.2291220286492863,-0.6473525096671556,-0.006390318018543395,0.0,0.0,1.03938014063242,1.2392366230972454,-0.1612738671048316
2025-06-29 01:00:00,0,0,0.4940034012133444,0.0,-0.2406785331257099,0.7860942890488296,2.2291220286492863,-0.6473525096671556,-0.011993197573311187,0.0,0.0,1.03938014063242,1.2392366230972454,-0.1612738671048316
2025-06-30 01:00:00,0,0,0.4681650289031167,0.0,-0.2406785331257099,0.7860942890488296,2.2291220286492863,-0.6473525096671556,-0.06366994219376665,0.0,0.0,1.03938014063242,1.2392366230972454,-0.1612738671048316
2025-07-01 01:00:00,0,0,0.4947763898576323,0.0,-0.2406785331257099,0.7860942890488296,2.2291220286492863,-0.6473525096671556,-0.010447220284735437,0.0,0.0,1.03938014063242,1.2392366230972454,-0.1612738671048316
2025-07-02 01:00:00,0,0,0.5143143363986918,0.0,-0.2406785331257099,0.7860942890488296,2.2291220286492863,-0.6473525096671556,0.02862867279738368,0.0,0.0,1.03938014063242,1.2392366230972454,-0.1612738671048316
2025-07-03 01:00:00,0,0,0.4709541873976637,0.0,-0.2406785331257099,0.7860942890488296,2.2291220286492863,-0.6473525096671556,-0.05809162520467259,0.0,0.0,1.03938014063242,1.2392366230972454,-0.1612738671048316
2025-07-04 01:00:00,0,0,0.5059523121769306,0.0,-0.2406785331257099,0.7860942890488296,2.2291220286492863,-0.6473525096671556,0.011904624353861193,0.0,0.0,1.03938014063242,1.2392366230972454,-0.1612738671048316
2025-07-05 01:00:00,0,0,0.5408256626380376,0.0,-0.2406785331257099,0.7860942890488296,2.2291220286492863,-0.6473525096671556,0.0816513252760751,0.0,0.0,1.03938014063242,1.2392366230972454,-0.1612738671048316
2025-07-06 01:00:00,0,0,0.5007713919331075,0.0,-0.2406785331257099,0.7860942890488296,2.2291220286492863,-0.6473525096671556,0.0015427838662149806,0.0,0.0,1.03938014063242,1.2392366230972454,-0.1612738671048316
2025-07-07 01:00:00,0,0,0.4707831443793676,0.0,-0.2406785331257099,0.7860942890488296,2.2291220286492863,-0.6473525096671556,-0.05843371124126484,0.0,0.0,1.03938014063242,1.2392366230972454,-0.1612738671048316
2025-07-08 01:00:00,0,0,0.4626873469404658,0.0,-0.2406785331257099,0.7860942890488296,2.2291220286492863,-0.6473525096671556,-0.07462530611906837,0.0,0.0,1.03938014063242,1.2392366230972454,-0.1612738671048316
2025-07-09 01:00:00,0,0,0.4674768356374564,0.0,-0.2406785331257099,0.7860942890488296,2.2291220286492863,-0.6473525096671556,-0.0650463287250872,0.0,0.0,1.03938014063242,1.2392366230972454,-0.1612738671048316
2025-07-10 01:00:00,0,0,0.4745122478610556,0.0,-0.2406785331257099,0.7860942890488296,2.2291220286492863,-0.6473525096671556,-0.05097550427788877,0.0,0.0,1.03938014063242,1.2392366230972454,-0.1612738671048316
2025-07-11 01:00:00,0,0,0.5075882496778313,0.0,-0.2406785331257099,0.7860942890488296,2.2291220286492863,-0.6473525096671556,0.015176499355662676,0.0,0.0,1.03938014063242,1.2392366230972454,-0.1612738671048316
2025-07-12 01:00:00,0,0,0.5111763423932989,0.0,-0.2406785331257099,0.7860942890488296,2.2291220286492863,-0.6473525096671556,0.0223526847865978,0.0,0.0,1.03938014063242,1.2392366230972454,-0.1612738671048316
2025-07-13 01:00:00,0,0,0.5035017510042368,0.0,-0.2406785331257099,0.7860942890488296,2.2291220286492863,-0.6473525096671556,0.00700350200847355,0.0,0.0,1.03938014063242,1.2392366230972454,-0.1612738671048316
2025-07-14 01:00:00,0,0,0.4733412811605996,0.0,-0.2406785331257099,0.7860942890488296,2.2291220286492863,-0.6473525096671556,-0.053317437678800816,0.0,0.0,1.03938014063242,1.2392366230972454,-0.1612738671048316
2025-07-15 01:00:00,0,0,0.5302640363970693,0.0,-0.2406785331257099,0.7860942890488296,2.2291220286492863,-0.6473525096671556,0.06052807279413863,0.0,0.0,1.03938014063242,1.2392366230972454,-0.1612738671048316
2025-07-16 01:00:00,0,0,0.5219306747417646,0.0,-0.2406785331257099,0.7860942890488296,2.2291220286492863,-0.6473525096671556,0.043861349483529155,0.0,0.0,1.03938014063242,1.2392366230972454,-0.1612738671048316
2025-07-17 01:00:00,0,0,0.5075216087132123,0.0,-0.2406785331257099,0.7860942890488296,2.2291220286492863,-0.6473525096671556,0.01504321742642456,0.0,0.0,1.03938014063242,1.2392366230972454,-0.1612738671048316
2025-07-18 01:00:00,0,0,0.4811148187386786,0.0,-0.2406785331257099,0.7860942890488296,2.2291220286492863,-0.6473525096671556,-0.037770362522642764,0.0,0.0,1.03938014063242,1.2392366230972454,-0.1612738671048316
2025-07-19 01:00:00,0,0,0.5440884176511365,0.0,-0.2406785331257099,0.7860942890488296,2.2291220286492863,-0.6473525096671556,0.08817683530227294,0.0,0.0,1.03938014063242,1.2392366230972454,-0.1612738671048316
2025-07-20 01:00:00,1,1,0.5562685129150978,-0.0064019073397999,-0.2470804404655098,0.7810778607375436,2.2291220286492863,-0.6496029150944107,0.11253702583019565,0.11253702583019565,-0.0007204516116615804,1.038631587215608,1.2392366230972454,-0.1618779110806633
2025-07-21 01:00:00,0,0,0.477322188055159,0.0,-0.2470804404655098,0.7810778607375436,2.2291220286492863,-0.6496029150944107,-0.04535562388968195,0.0,0.0,1.038631587215608,1.2392366230972454,-0.1618779110806633
2025-07-22 01:00:00,0,0,0.4963629384690389,0.0,-0.2470804404655098,0.7810778607375436,2.2291220286492863,-0.6496029150944107,-0.007274123061922211,0.0,0.0,1.038631587215608,1.2392366230972454,-0.1618779110806633
2025-07-23 01:00:00,0,0,0.468796805224206,0.0,-0.2470804404655098,0.7810778607375436,2.2291220286492863,-0.6496029150944107,-0.06240638955158795,0.0,0.0,1.038631587215608,1.2392366230972454,-0.1618779110806633
2025-07-24 01:00:00,0,0,0.494332231416302,0.0,-0.2470804404655098,0.7810778607375436,2.2291220286492863,-0.6496029150944107,-0.011335537167395993,0.0,0.0,1.038631587215608,1.2392366230972454,-0.1618779110806633
2025-07-25 01:00:00,1,1,0.5973234318601742,-0.0027528244607893,-0.2498332649262991,0.7789306473035289,2.2291220286492863,-0.6505661703161607,0.19464686372034845,0.19464686372034845,-0.0005358286476652966,1.038075207732153,1.2392366230972454,-0.16232688061003742
2025-07-26 01:00:00,0,0,0.4959873434369145,0.0,-0.2498332649262991,0.7789306473035289,2.2291220286492863,-0.6505661703161607,-0.008025313126171052,0.0,0.0,1.038075207732153,1.2392366230972454,-0.16232688061003742
2025-07-27 01:00:00,0,0,0.4841595361035181,0.0,-0.2498332649262991,0.7789306473035289,2.2291220286492863,-0.6505661703161607,-0.03168092779296383,0.0,0.0,1.038075207732153,1.2392366230972454,-0.16232688061003742
2025-07-28 01:00:00,0,0,0.4758897063311902,0.0,-0.2498332649262991,0.7789306473035289,2.2291220286492863,-0.6505661703161607,-0.04822058733761958,0.0,0.0,1.038075207732153,1.2392366230972454,-0.16232688061003742
2025-07-29 01:00:00,0,0,0.4816136899428131,0.0,-0.2498332649262991,0.7789306473035289,2.2291220286492863,-0.6505661703161607,-0.036772620114373766,0.0,0.0,1.038075207732153,1.2392366230972454,-0.16232688061003742
2025-07-30 01:00:00,0,0,0.4894591031744131,0.0,-0.2498332649262991,0.7789306473035289,2.2291220286492863,-0.6505661703161607,-0.021081793651173797,0.0,0.0,1.038075207732153,1.2392366230972454,-0.16232688061003742
2025-07-31 01:00:00,0,0,0.4929794136683687,0.0,-0.2498332649262991,0.7789306473035289,2.2291220286492863,-0.6505661703161607,-0.014041172663262547,0.0,0.0,1.038075207732153,1.2392366230972454,-0.16232688061003742
2025-08-01 01:00:00,1,1,0.5738677993042794,-0.0154768977796732,-0.2653101627059723,0.7669680282015111,2.2291220286492863,-0.6559326863472578,0.1477355986085589,0.1477355986085589,-0.0022864887580834963,1.0357043719172474,1.2392366230972454,-0.16424002275796712
2025-08-02 01:00:00,1,1,0.5740033194012232,-0.0059937878885615,-0.2713039505945338,0.7623847338915429,2.2291220286492863,-0.6579887847802113,0.14800663880244636,0.14800663880244636,-0.0008871203990807996,1.0347859848616776,1.2392366230972454,-0.16498111371545876
2025-08-03 01:00:00,0,0,0.5388233868495805,0.0,-0.2713039505945338,0.7623847338915429,2.2291220286492863,-0.6579887847802113,0.07764677369916106,0.0,0.0,1.0347859848616776,1.2392366230972454,-0.16498111371545876
2025-08-04 01:00:00,0,0,0.4704768073126748,0.0,-0.2713039505945338,0.7623847338915429,2.2291220286492863,-0.6579887847802113,-0.059046385374650345,0.0,0.0,1.0347859848616776,1.2392366230972454,-0.16498111371545876
2025-08-05 01:00:00,0,0,0.4686187574108045,0.0,-0.2713039505945338,0.7623847338915429,2.2291220286492863,-0.6579887847802113,-0.062762485178391,0.0,0.0,1.0347859848616776,1.2392366230972454,-0.16498111371545876
2025-08-06 01:00:00,0,0,0.5159453891793089,0.0,-0.2713039505945338,0.7623847338915429,2.2291220286492863,-0.6579887847802113,0.031890778358617755,0.0,0.0,1.0347859848616776,1.2392366230972454,-0.16498111371545876
2025-08-07 01:00:00,0,0,0.4690718812239113,0.0,-0.2713039505945338,0.7623847338915429,2.2291220286492863,-0.6579887847802113,-0.061856237552177396,0.0,0.0,1.0347859848616776,1.2392366230972454,-0.16498111371545876
2025-08-08 01:00:00,0,0,0.4885271357282845,0.0,-0.2713039505945338,0.7623847338915429,2.2291220286492863,-0.6579887847802113,-0.02294572854343102,0.0,0.0,1.0347859848616776,1.2392366230972454,-0.16498111371545876
2025-08-09 01:00:00,0,0,0.5334774471356523,0.0,-0.2713039505945338,0.7623847338915429,2.2291220286492863,-0.6579887847802113,0.06695489427130452,0.0,0.0,1.0347859848616776,1.2392366230972454,-0.16498111371545876
2025-08-10 01:00:00,1,1,0.5503776144995274,0.0278447141621592,-0.2434592364323746,0.783911430407587,2.2291220286492863,-0.6483317555824477,0.10075522899905476,0.10075522899905476,0.0028055005518215735,1.0376931536382077,1.2392366230972454,-0.16263517854670617
2025-08-11 01:00:00,0,0,0.4741688842715126,0.0,-0.2434592364323746,0.783911430407587,2.2291220286492863,-0.6483317555824477,-0.051662231456974794,0.0,0.0,1.0376931536382077,1.2392366230972454,-0.16263517854670617
2025-08-12 01:00:00,0,0,0.5350434022122346,0.0,-0.2434592364323746,0.783911430407587,2.2291220286492863,-0.6483317555824477,0.07008680442446913,0.0,0.0,1.0376931536382077,1.2392366230972454,-0.16263517854670617
2025-08-13 01:00:00,0,0,0.4737768406847931,0.0,-0.2434592364323746,0.783911430407587,2.2291220286492863,-0.6483317555824477,-0.052446318630413824,0.0,0.0,1.0376931536382077,1.2392366230972454,-0.16263517854670617
2025-08-14 01:00:00,0,0,0.471524998718104,0.0,-0.2434592364323746,0.783911430407587,2.2291220286492863,-0.6483317555824477,-0.05695000256379201,0.0,0.0,1.0376931536382077,1.2392366230972454,-0.16263517854670617
2025-08-15 01:00:00,0,0,0.5415527354861562,0.0,-0.2434592364323746,0.783911430407587,2.2291220286492863,-0.6483317555824477,0.08310547097231247,0.0,0.0,1.0376931536382077,1.2392366230972454,-0.16263517854670617
2025-08-16 01:00:00,0,0,0.5497495031849301,0.0,-0.2434592364323746,0.783911430407587,2.2291220286492863,-0.6483317555824477,0.0994990063698602,0.0,0.0,1.0376931536382077,1.2392366230972454,-0.16263517854670617
2025-08-17 01:00:00,1,1,0.5693988417756382,-0.011016193052483,-0.2544754294848576,0.7753231029447777,2.2291220286492863,-0.6521845403795248,0.1387976835512763,0.1387976835512763,-0.001529022077238304,1.0361077102947183,1.2392366230972454,-0.16391454950293793
2025-08-18 01:00:00,0,0,0.497985030742252,0.0,-0.2544754294848576,0.7753231029447777,2.2291220286492863,-0.6521845403795248,-0.004029938515496045,0.0,0.0,1.0361077102947183,1.2392366230972454,-0.16391454950293793
2025-08-19 01:00:00,0,0,0.5305449888987477,0.0,-0.2544754294848576,0.7753231029447777,2.2291220286492863,-0.6521845403795248,0.061089977797495365,0.0,0.0,1.0361077102947183,1.2392366230972454,-0.16391454950293793
2025-08-20 01:00:00,0,0,0.5390838382418608,0.0,-0.2544754294848576,0.7753231029447777,2.2291220286492863,-0.6521845403795248,0.07816767648372158,0.0,0.0,1.0361077102947183,1.2392366230972454,-0.16391454950293793
2025-08-21 01:00:00,0,0,0.472522945386882,0.0,-0.2544754294848576,0.7753231029447777,2.2291220286492863,-0.6521845403795248,-0.054954109226236,0.0,0.0,1.0361077102947183,1.2392366230972454,-0.16391454950293793
2025-08-22 01:00:00,0,0,0.5440677546259216,0.0,-0.2544754294848576,0.7753231029447777,2.2291220286492863,-0.6521845403795248,0.08813550925184321,0.0,0.0,1.0361077102947183,1.2392366230972454,-0.16391454950293793
2025-08-23 01:00:00,0,0,0.4917435120650352,0.0,-0.2544754294848576,0.7753231029447777,2.2291220286492863,-0.6521845403795248,-0.016512975869929614,0.0,0.0,1.0361077102947183,1.2392366230972454,-0.16391454950293793
2025-08-24 01:00:00,0,0,0.4831009656419809,0.0,-0.2544754294848576,0.7753231029447777,2.2291220286492863,-0.6521845403795248,-0.03379806871603819,0.0,0.0,1.0361077102947183,1.2392366230972454,-0.16391454950293793
2025-08-25 01:00:00,0,0,0.5486558700598535,0.0,-0.2544754294848576,0.7753231029447777,2.2291220286492863,-0.6521845403795248,0.097311740119707,0.0,0.0,1.0361077102947183,1.2392366230972454,-0.16391454950293793
2025-08-26 01:00:00,1,1,0.5639615952283521,0.0116792028350757,-0.2427962266497819,0.7844313436893842,2.2291220286492863,-0.6480985187855766,0.1279231904567042,0.1279231904567042,0.0014940408886538682,1.037656854533204,1.2392366230972454,-0.1626644700511105
2025-08-27 01:00:00,0,0,0.4711524225182988,0.0,-0.2427962266497819,0.7844313436893842,2.2291220286492863,-0.6480985187855766,-0.057695154963402384,0.0,0.0,1.037656854533204,1.2392366230972454,-0.1626644700511105
2025-08-28 01:00:00,0,0,0.4719519518292217,0.0,-0.2427962266497819,0.7844313436893842,2.2291220286492863,-0.6480985187855766,-0.056096096341556545,0.0,0.0,1.037656854533204,1.2392366230972454,-0.1626644700511105
2025-08-29 01:00:00,1,1,0.5844193208627805,-0.0378922920767621,-0.280688518726544,0.7552635492980868,2.2291220286492863,-0.6611833988488593,0.16883864172556096,0.16883864172556096,-0.006397683126108748,1.0310394453987022,1.2392366230972454,-0.16800437770971643
2025-08-30 01:00:00,1,1,0.5850532314225589,0.0172692981082343,-0.2634192206183097,0.7684196923998389,2.2291220286492863,-0.6552814594607659,0.17010646284511788,0.17010646284511788,0.0029376192170096223,1.0340726997788632,1.2392366230972454,-0.16555669796589167
2025-08-31 01:00:00,0,0,0.4826310662567736,0.0,-0.2634192206183097,0.7684196923998389,2.2291220286492863,-0.6552814594607659,-0.0347378674864528,0.0,0.0,1.0340726997788632,1.2392366230972454,-0.16555669796589167
2025-09-01 01:00:00,0,0,0.4900630940689972,0.0,-0.2634192206183097,0.7684196923998389,2.2291220286492863,-0.6552814594607659,-0.019873811862005653,0.0,0.0,1.0340726997788632,1.2392366230972454,-0.16555669796589167
2025-09-02 01:00:00,0,0,0.4674309853418094,0.0,-0.2634192206183097,0.7684196923998389,2.2291220286492863,-0.6552814594607659,-0.06513802931638124,0.0,0.0,1.0340726997788632,1.2392366230972454,-0.16555669796589167
2025-09-03 01:00:00,0,0,0.4693837425275129,0.0,-0.2634192206183097,0.7684196923998389,2.2291220286492863,-0.6552814594607659,-0.06123251494497417,0.0,0.0,1.0340726997788632,1.2392366230972454,-0.16555669796589167
2025-09-04 01:00:00,0,0,0.4722634203566848,0.0,-0.2634192206183097,0.7684196923998389,2.2291220286492863,-0.6552814594607659,-0.055473159286630436,0.0,0.0,1.0340726997788632,1.2392366230972454,-0.16555669796589167
2025-09-05 01:00:00,0,0,0.5072346227981344,0.0,-0.2634192206183097,0.7684196923998389,2.2291220286492863,-0.6552814594607659,0.01446924559626872,0.0,0.0,1.0340726997788632,1.2392366230972454,-0.16555669796589167
2025-09-06 01:00:00,1,1,0.5713477151682511,-0.0038999042788429,-0.2673191248971526,0.7654287651093837,2.2291220286492863,-0.6566232107206856,0.14269543033650223,0.14269543033650223,-0.000556498519340654,1.033497399944146,1.2392366230972454,-0.166020935242288
2025-09-07 01:00:00,0,0,0.5389004088276919,0.0,-0.2673191248971526,0.7654287651093837,2.2291220286492863,-0.6566232107206856,0.07780081765538371,0.0,0.0,1.033497399944146,1.2392366230972454,-0.166020935242288
2025-09-08 01:00:00,0,0,0.496654684701676,0.0,-0.2673191248971526,0.7654287651093837,2.2291220286492863,-0.6566232107206856,-0.006690630596647984,0.0,0.0,1.033497399944146,1.2392366230972454,-0.166020935242288
2025-09-09 01:00:00,0,0,0.472707644461661,0.0,-0.2673191248971526,0.7654287651093837,2.2291220286492863,-0.6566232107206856,-0.05458471107667795,0.0,0.0,1.033497399944146,1.2392366230972454,-0.166020935242288
2025-09-10 01:00:00,0,0,0.5271837106586146,0.0,-0.2673191248971526,0.7654287651093837,2.2291220286492863,-0.6566232107206856,0.05436742131722916,0.0,0.0,1.033497399944146,1.2392366230972454,-0.166020935242288
2025-09-11 01:00:00,0,0,0.488220084711044,0.0,-0.2673191248971526,0.7654287651093837,2.2291220286492863,-0.6566232107206856,-0.023559830577912,0.0,0.0,1.033497399944146,1.2392366230972454,-0.166020935242288
2025-09-12 01:00:00,0,0,0.4785196747376271,0.0,-0.2673191248971526,0.7654287651093837,2.2291220286492863,-0.6566232107206856,-0.04296065052474585,0.0,0.0,1.033497399944146,1.2392366230972454,-0.166020935242288
2025-09-13 01:00:00,0,0,0.4923592641794403,0.0,-0.2673191248971526,0.7654287651093837,2.2291220286492863,-0.6566232107206856,-0.01528147164111937,0.0,0.0,1.033497399944146,1.2392366230972454,-0.166020935242288
2025-09-14 01:00:00,0,0,0.4754329653112841,0.0,-0.2673191248971526,0.7654287651093837,2.2291220286492863,-0.6566232107206856,-0.04913406937743181,0.0,0.0,1.033497399944146,1.2392366230972454,-0.166020935242288
2025-09-15 01:00:00,0,0,0.4732568768464178,0.0,-0.2673191248971526,0.7654287651093837,2.2291220286492863,-0.6566232107206856,-0.053486246307164365,0.0,0.0,1.033497399944146,1.2392366230972454,-0.166020935242288
2025-09-16 01:00:00,0,0,0.4955613452507303,0.0,-0.2673191248971526,0.7654287651093837,2.2291220286492863,-0.6566232107206856,-0.008877309498539376,0.0,0.0,1.033497399944146,1.2392366230972454,-0.166020935242288
2025-09-17 01:00:00,0,0,0.4669961906040762,0.0,-0.2673191248971526,0.7654287651093837,2.2291220286492863,-0.6566232107206856,-0.06600761879184758,0.0,0.0,1.033497399944146,1.2392366230972454,-0.166020935242288
2025-09-18 01:00:00,0,0,0.4802448373480453,0.0,-0.2673191248971526,0.7654287651093837,2.2291220286492863,-0.6566232107206856,-0.03951032530390941,0.0,0.0,1.033497399944146,1.2392366230972454,-0.166020935242288
2025-09-19 01:00:00,0,0,0.5220584897342906,0.0,-0.2673191248971526,0.7654287651093837,2.2291220286492863,-0.6566232107206856,0.044116979468581174,0.0,0.0,1.033497399944146,1.2392366230972454,-0.166020935242288
2025-09-20 01:00:00,0,0,0.5232159973073582,0.0,-0.2673191248971526,0.7654287651093837,2.2291220286492863,-0.6566232107206856,0.046431994614716476,0.0,0.0,1.033497399944146,1.2392366230972454,-0.166020935242288
2025-09-21 01:00:00,1,1,0.6046711901754412,-0.0116762696076326,-0.2789953945047853,0.7565433874639748,2.2291220286492863,-0.6606092543428883,0.20934238035088248,0.20934238035088248,-0.002444338073280473,1.0309742678510105,1.2392366230972454,-0.16805697262700414
2025-09-22 01:00:00,0,0,0.4720821229129213,0.0,-0.2789953945047853,0.7565433874639748,2.2291220286492863,-0.6606092543428883,-0.055835754174157426,0.0,0.0,1.0309742678510105,1.2392366230972454,-0.16805697262700414
2025-09-23 01:00:00,0,0,0.5047908159618885,0.0,-0.2789953945047853,0.7565433874639748,2.2291220286492863,-0.6606092543428883,0.009581631923776923,0.0,0.0,1.0309742678510105,1.2392366230972454,-0.16805697262700414
2025-09-24 01:00:00,0,0,0.4915452317052237,0.0,-0.2789953945047853,0.7565433874639748,2.2291220286492863,-0.6606092543428883,-0.01690953658955263,0.0,0.0,1.0309742678510105,1.2392366230972454,-0.16805697262700414
2025-09-25 01:00:00,0,0,0.4916899672320071,0.0,-0.2789953945047853,0.7565433874639748,2.2291220286492863,-0.6606092543428883,-0.01662006553598583,0.0,0.0,1.0309742678510105,1.2392366230972454,-0.16805697262700414
2025-09-26 01:00:00,1,1,0.5796727578865738,-0.0032680614811362,-0.2822634559859214,0.7540749927902894,2.2291220286492863,-0.6617165937536342,0.1593455157731476,0.1593455157731476,-0.0005207509422900044,1.030437526795885,1.2392366230972454,-0.16849009495822131
2025-09-27 01:00:00,0,0,0.5469542416565103,0.0,-0.2822634559859214,0.7540749927902894,2.2291220286492863,-0.6617165937536342,0.0939084833130206,0.0,0.0,1.030437526795885,1.2392366230972454,-0.16849009495822131
2025-09-28 01:00:00,0,0,0.5409395612840261,0.0,-0.2822634559859214,0.7540749927902894,2.2291220286492863,-0.6617165937536342,0.08187912256805219,0.0,0.0,1.030437526795885,1.2392366230972454,-0.16849009495822131
2025-09-29 01:00:00,0,0,0.501899978083698,0.0,-0.2822634559859214,0.7540749927902894,2.2291220286492863,-0.6617165937536342,0.0037999561673960347,0.0,0.0,1.030437526795885,1.2392366230972454,-0.16849009495822131
2025-09-30 01:00:00,0,0,0.4947491028794432,0.0,-0.2822634559859214,0.7540749927902894,2.2291220286492863,-0.6617165937536342,-0.010501794241113638,0.0,0.0,1.030437526795885,1.2392366230972454,-0.16849009495822131
2025-10-01 01:00:00,0,0,0.4723737976023952,0.0,-0.2822634559859214,0.7540749927902894,2.2291220286492863,-0.6617165937536342,-0.05525240479520965,0.0,0.0,1.030437526795885,1.2392366230972454,-0.16849009495822131
2025-10-02 01:00:00,0,0,0.4738027948317444,0.0,-0.2822634559859214,0.7540749927902894,2.2291220286492863,-0.6617165937536342,-0.052394410336511155,0.0,0.0,1.030437526795885,1.2392366230972454,-0.16849009495822131
2025-10-03 01:00:00,0,0,0.5042196277294594,0.0,-0.2822634559859214,0.7540749927902894,2.2291220286492863,-0.6617165937536342,0.00843925545891877,0.0,0.0,1.030437526795885,1.2392366230972454,-0.16849009495822131
2025-10-04 01:00:00,0,0,0.4934692281498496,0.0,-0.2822634559859214,0.7540749927902894,2.2291220286492863,-0.6617165937536342,-0.01306154370030077,0.0,0.0,1.030437526795885,1.2392366230972454,-0.16849009495822131
2025-10-05 01:00:00,0,0,0.4795729760697257,0.0,-0.2822634559859214,0.7540749927902894,2.2291220286492863,-0.6617165937536342,-0.04085404786054858,0.0,0.0,1.030437526795885,1.2392366230972454,-0.16849009495822131
2025-10-06 01:00:00,0,0,0.4689217255388801,0.0,-0.2822634559859214,0.7540749927902894,2.2291220286492863,-0.6617165937536342,-0.06215654892223976,0.0,0.0,1.030437526795885,1.2392366230972454,-0.16849009495822131
2025-10-07 01:00:00,0,0,0.4749300780008986,0.0,-0.2822634559859214,0.7540749927902894,2.2291220286492863,-0.6617165937536342,-0.050139843998202815,0.0,0.0,1.030437526795885,1.2392366230972454,-0.16849009495822131
2025-10-08 01:00:00,0,0,0.5467446968756363,0.0,-0.2822634559859214,0.7540749927902894,2.2291220286492863,-0.6617165937536342,0.09348939375127263,0.0,0.0,1.030437526795885,1.2392366230972454,-0.16849009495822131
2025-10-09 01:00:00,0,0,0.484733715170498,0.0,-0.2822634559859214,0.7540749927902894,2.2291220286492863,-0.6617165937536342,-0.030532569659003972,0.0,0.0,1.030437526795885,1.2392366230972454,-0.16849009495822131
2025-10-10 01:00:00,0,0,0.542534480407538,0.0,-0.2822634559859214,0.7540749927902894,2.2291220286492863,-0.6617165937536342,0.08506896081507609,0.0,0.0,1.030437526795885,1.2392366230972454,-0.16849009495822131
2025-10-11 01:00:00,1,1,0.6052541168730088,-0.0111035839055135,-0.293367039891435,0.7457483710569548,2.2291220286492863,-0.6654519754986974,0.21050823374601757,0.21050823374601757,-0.0023373958362003545,1.0280317990755574,1.2392366230972454,-0.1704313930731164
2025-10-12 01:00:00,1,1,0.5986224929643289,0.0498303151930717,-0.2435367246983633,0.7838506888235665,2.2291220286492863,-0.6483590046891543,0.1972449859286578,0.1972449859286578,0.009828779819078011,1.0381859168248158,1.2392366230972454,-0.16223754408576152
2025-10-13 01:00:00,0,0,0.5046450520604803,0.0,-0.2435367246983633,0.7838506888235665,2.2291220286492863,-0.6483590046891543,0.00929010412096054,0.0,0.0,1.0381859168248158,1.2392366230972454,-0.16223754408576152
2025-10-14 01:00:00,0,0,0.5392337187483904,0.0,-0.2435367246983633,0.7838506888235665,2.2291220286492863,-0.6483590046891543,0.07846743749678087,0.0,0.0,1.0381859168248158,1.2392366230972454,-0.16223754408576152
2025-10-15 01:00:00,0,0,0.5337391192239695,0.0,-0.2435367246983633,0.7838506888235665,2.2291220286492863,-0.6483590046891543,0.0674782384479391,0.0,0.0,1.0381859168248158,1.2392366230972454,-0.16223754408576152
2025-10-16 01:00:00,0,0,0.5404778978551616,0.0,-0.2435367246983633,0.7838506888235665,2.2291220286492863,-0.6483590046891543,0.0809557957103233,0.0,0.0,1.0381859168248158,1.2392366230972454,-0.16223754408576152
2025-10-17 01:00:00,1,1,0.5621497489263961,-0.0166542548657486,-0.2601909795641119,0.7709043447682636,2.2291220286492863,-0.6541668267325027,0.12429949785279226,0.12429949785279226,-0.0020701155169249733,1.0360389750244159,1.2392366230972454,-0.16397001531876465
2025-10-18 01:00:00,0,0,0.4858718029602846,0.0,-0.2601909795641119,0.7709043447682636,2.2291220286492863,-0.6541668267325027,-0.028256394079430813,0.0,0.0,1.0360389750244159,1.2392366230972454,-0.16397001531876465
2025-10-19 01:00:00,0,0,0.5269047328424441,0.0,-0.2601909795641119,0.7709043447682636,2.2291220286492863,-0.6541668267325027,0.0538094656848882,0.0,0.0,1.0360389750244159,1.2392366230972454,-0.16397001531876465
2025-10-20 01:00:00,0,0,0.4787544585894938,0.0,-0.2601909795641119,0.7709043447682636,2.2291220286492863,-0.6541668267325027,-0.04249108282101244,0.0,0.0,1.0360389750244159,1.2392366230972454,-0.16397001531876465
2025-10-21 01:00:00,0,0,0.5095942617486466,0.0,-0.2601909795641119,0.7709043447682636,2.2291220286492863,-0.6541668267325027,0.019188523497293275,0.0,0.0,1.0360389750244159,1.2392366230972454,-0.16397001531876465
2025-10-22 01:00:00,1,1,0.5555981026040957,-0.0029787160380067,-0.2631696956021186,0.7686114562599716,2.2291220286492863,-0.6551954328289045,0.1111962052081914,0.1111962052081914,-0.0003312219198191239,1.0356958730306882,1.2392366230972454,-0.16424688092080775
2025-10-23 01:00:00,0,0,0.5140565040441495,0.0,-0.2631696956021186,0.7686114562599716,2.2291220286492863,-0.6551954328289045,0.028113008088298974,0.0,0.0,1.0356958730306882,1.2392366230972454,-0.16424688092080775
2025-10-24 01:00:00,0,0,0.4778549498486349,0.0,-0.2631696956021186,0.7686114562599716,2.2291220286492863,-0.6551954328289045,-0.04429010030273017,0.0,0.0,1.0356958730306882,1.2392366230972454,-0.16424688092080775
2025-10-25 01:00:00,0,0,0.47530845425794,0.0,-0.2631696956021186,0.7686114562599716,2.2291220286492863,-0.6551954328289045,-0.04938309148412001,0.0,0.0,1.0356958730306882,1.2392366230972454,-0.16424688092080775
2025-10-26 01:00:00,0,0,0.4831732736246402,0.0,-0.2631696956021186,0.7686114562599716,2.2291220286492863,-0.6551954328289045,-0.033653452750719626,0.0,0.0,1.0356958730306882,1.2392366230972454,-0.16424688092080775
2025-10-27 01:00:00,0,0,0.4827881096173593,0.0,-0.2631696956021186,0.7686114562599716,2.2291220286492863,-0.6551954328289045,-0.03442378076528141,0.0,0.0,1.0356958730306882,1.2392366230972454,-0.16424688092080775
2025-10-28 01:00:00,0,0,0.5387387449427526,0.0,-0.2631696956021186,0.7686114562599716,2.2291220286492863,-0.6551954328289045,0.07747748988550529,0.0,0.0,1.0356958730306882,1.2392366230972454,-0.16424688092080775
2025-10-29 01:00:00,0,0,0.5455966121726893,0.0,-0.2631696956021186,0.7686114562599716,2.2291220286492863,-0.6551954328289045,0.09119322434537858,0.0,0.0,1.0356958730306882,1.2392366230972454,-0.16424688092080775
2025-10-30 01:00:00,1,1,0.5643329402005844,-0.0086426033095408,-0.2718122989116594,0.7619972753853506,2.2291220286492863,-0.6581626014224645,0.1286658804011689,0.1286658804011689,-0.001112008163780123,1.034544810878553,1.2392366230972454,-0.1651757286732719
2025-10-31 01:00:00,0,0,0.5041979797112772,0.0,-0.2718122989116594,0.7619972753853506,2.2291220286492863,-0.6581626014224645,0.008395959422554444,0.0,0.0,1.034544810878553,1.2392366230972454,-0.1651757286732719
2025-11-01 01:00:00,0,0,0.5139781721454746,0.0,-0.2718122989116594,0.7619972753853506,2.2291220286492863,-0.6581626014224645,0.027956344290949176,0.0,0.0,1.034544810878553,1.2392366230972454,-0.1651757286732719
2025-11-02 01:00:00,0,0,0.5315422269673351,0.0,-0.2718122989116594,0.7619972753853506,2.2291220286492863,-0.6581626014224645,0.06308445393467021,0.0,0.0,1.034544810878553,1.2392366230972454,-0.1651757286732719
2025-11-03 01:00:00,0,0,0.4864654836256084,0.0,-0.2718122989116594,0.7619972753853506,2.2291220286492863,-0.6581626014224645,-0.02706903274878325,0.0,0.0,1.034544810878553,1.2392366230972454,-0.1651757286732719
2025-11-04 01:00:00,1,1,0.5534903578977624,-0.0614451606391162,-0.3332574595507756,0.7165856785771705,2.2291220286492863,-0.6785345668081804,0.1069807157955247,0.1069807157955247,-0.006573447267343652,1.0277665876722977,1.2392366230972454,-0.17064540498844927
2025-11-05 01:00:00,1,1,0.5948835254682943,0.0245151726891836,-0.3087422868615919,0.7343700024394579,2.2291220286492863,-0.6705563926060871,0.18976705093658852,0.18976705093658852,0.004652172024427568,1.0325590737303647,1.2392366230972454,-0.16677811607143112
2025-11-06 01:00:00,0,0,0.465094986448495,0.0,-0.3087422868615919,0.7343700024394579,2.2291220286492863,-0.6705563926060871,-0.06981002710300999,0.0,0.0,1.0325590737303647,1.2392366230972454,-0.16677811607143112
2025-11-07 01:00:00,1,1,0.5621347080647422,0.0132557409496169,-0.295486545911975,0.7441694267767374,2.2291220286492863,-0.666160301135394,0.12426941612948439,0.12426941612948439,0.0016472831881725889,1.034261392649041,1.2392366230972454,-0.16540443255776793
2025-11-08 01:00:00,0,0,0.4773002367034987,0.0,-0.295486545911975,0.7441694267767374,2.2291220286492863,-0.666160301135394,-0.045399526593002615,0.0,0.0,1.034261392649041,1.2392366230972454,-0.16540443255776793
2025-11-09 01:00:00,0,0,0.5189903821143047,0.0,-0.295486545911975,0.7441694267767374,2.2291220286492863,-0.666160301135394,0.03798076422860941,0.0,0.0,1.034261392649041,1.2392366230972454,-0.16540443255776793
2025-11-10 01:00:00,0,0,0.4879164016133593,0.0,-0.295486545911975,0.7441694267767374,2.2291220286492863,-0.666160301135394,-0.024167196773281385,0.0,0.0,1.034261392649041,1.2392366230972454,-0.16540443255776793
2025-11-11 01:00:00,0,0,0.4750225041358397,0.0,-0.295486545911975,0.7441694267767374,2.2291220286492863,-0.666160301135394,-0.04995499172832063,0.0,0.0,1.034261392649041,1.2392366230972454,-0.16540443255776793
2025-11-12 01:00:00,0,0,0.5351962259421906,0.0,-0.295486545911975,0.7441694267767374,2.2291220286492863,-0.666160301135394,0.07039245188438126,0.0,0.0,1.034261392649041,1.2392366230972454,-0.16540443255776793
2025-11-13 01:00:00,0,0,0.5464316488283046,0.0,-0.295486545911975,0.7441694267767374,2.2291220286492863,-0.666160301135394,0.09286329765660928,0.0,0.0,1.034261392649041,1.2392366230972454,-0.16540443255776793
2025-11-14 01:00:00,1,1,0.5732633757616031,-0.0380008679515727,-0.3334874138635477,0.7164209155546207,2.2291220286492863,-0.6786084806722185,0.14652675152320627,0.14652675152320627,-0.005568143736006266,1.0285184800733829,1.2392366230972454,-0.1700386666246282
2025-11-15 01:00:00,1,1,0.5504681052954985,-0.0049130231712574,-0.3384004370348051,0.7129097552646952,2.2291220286492863,-0.680183612156632,0.100936210590997,0.100936210590997,-0.0004959019414524849,1.0280085622073745,1.2392366230972454,-0.1704501440265258
2025-11-16 01:00:00,1,1,0.5729456350141012,-0.0063524394502566,-0.3447528764850617,0.708395392998201,2.2291220286492863,-0.6822087871845015,0.14589127002820246,0.14589127002820246,-0.0009267654591751917,1.0270562807191388,1.2392366230972454,-0.17121858604194617
2025-11-17 01:00:00,0,0,0.5447906455019028,0.0,-0.3447528764850617,0.708395392998201,2.2291220286492863,-0.6822087871845015,0.08958129100380563,0.0,0.0,1.0270562807191388,1.2392366230972454,-0.17121858604194617
2025-11-18 01:00:00,1,1,0.5521859173918391,0.0068814758642777,-0.3378714006207839,0.7132870102671592,2.2291220286492863,-0.6800143728787391,0.10437183478367817,0.10437183478367817,0.0007182322619742611,1.0277942106456324,1.2392366230972454,-0.1706231146745416
2025-11-19 01:00:00,0,0,0.4898551011400568,0.0,-0.3378714006207839,0.7132870102671592,2.2291220286492863,-0.6800143728787391,-0.02028979771988637,0.0,0.0,1.0277942106456324,1.2392366230972454,-0.1706231146745416
2025-11-20 01:00:00,0,0,0.4899963659169535,0.0,-0.3378714006207839,0.7132870102671592,2.2291220286492863,-0.6800143728787391,-0.020007268166092995,0.0,0.0,1.0277942106456324,1.2392366230972454,-0.1706231146745416
2025-11-21 01:00:00,1,1,0.5787752331913635,-0.0227815476151142,-0.3606529482358981,0.697220928236481,2.2291220286492863,-0.6872217315716203,0.15755046638272696,0.15755046638272696,-0.003589243451681543,1.0241118194578762,1.2392366230972454,-0.17359461432127787
2025-11-22 01:00:00,0,0,0.4503392350136623,0.0,-0.3606529482358981,0.697220928236481,2.2291220286492863,-0.6872217315716203,-0.0993215299726754,0.0,0.0,1.0241118194578762,1.2392366230972454,-0.17359461432127787
2025-11-23 01:00:00,0,0,0.4744122760536334,0.0,-0.3606529482358981,0.697220928236481,2.2291220286492863,-0.6872217315716203,-0.051175447892733206,0.0,0.0,1.0241118194578762,1.2392366230972454,-0.17359461432127787
2025-11-24 01:00:00,0,0,0.4703216068450843,0.0,-0.3606529482358981,0.697220928236481,2.2291220286492863,-0.6872217315716203,-0.05935678630983143,0.0,0.0,1.0241118194578762,1.2392366230972454,-0.17359461432127787
2025-11-25 01:00:00,0,0,0.4765304246256804,0.0,-0.3606529482358981,0.697220928236481,2.2291220286492863,-0.6872217315716203,-0.04693915074863919,0.0,0.0,1.0241118194578762,1.2392366230972454,-0.17359461432127787
2025-11-26 01:00:00,0,0,0.4883812700234241,0.0,-0.3606529482358981,0.697220928236481,2.2291220286492863,-0.6872217315716203,-0.02323745995315185,0.0,0.0,1.0241118194578762,1.2392366230972454,-0.17359461432127787
2025-11-27 01:00:00,0,0,0.5110489588212401,0.0,-0.3606529482358981,0.697220928236481,2.2291220286492863,-0.6872217315716203,0.022097917642480258,0.0,0.0,1.0241118194578762,1.2392366230972454,-0.17359461432127787
2025-11-28 01:00:00,1,1,0.5901507666448328,-0.0001563454995513,-0.3608092937354494,0.6971119294031188,2.2291220286492863,-0.6872706292236829,0.18030153328966558,0.18030153328966558,-2.818933329203809e-05,1.0240829508353648,1.2392366230972454,-0.17361790980978542
2025-11-29 01:00:00,1,1,0.5723562589050023,-0.0006467440041625,-0.3614560377396119,0.6966612222043465,2.2291220286492863,-0.6874728196793779,0.1447125178100046,0.1447125178100046,-9.359195322087947e-05,1.0239871093967996,1.2392366230972454,-0.17369524890449817
2025-11-30 01:00:00,0,0,0.4920493125507991,0.0,-0.3614560377396119,0.6966612222043465,2.2291220286492863,-0.6874728196793779,-0.01590137489840182,0.0,0.0,1.0239871093967996,1.2392366230972454,-0.17369524890449817
2025-12-01 01:00:00,0,0,0.5014365287006368,0.0,-0.3614560377396119,0.6966612222043465,2.2291220286492863,-0.6874728196793779,0.0028730574012736376,0.0,0.0,1.0239871093967996,1.2392366230972454,-0.17369524890449817
2025-12-02 01:00:00,0,0,0.4965929791808467,0.0,-0.3614560377396119,0.6966612222043465,2.2291220286492863,-0.6874728196793779,-0.006814041638306567,0.0,0.0,1.0239871093967996,1.2392366230972454,-0.17369524890449817
2025-12-03 01:00:00,0,0,0.4896959333024031,0.0,-0.3614560377396119,0.6966612222043465,2.2291220286492863,-0.6874728196793779,-0.02060813339519385,0.0,0.0,1.0239871093967996,1.2392366230972454,-0.17369524890449817
2025-12-04 01:00:00,0,0,0.4778126651830146,0.0,-0.3614560377396119,0.6966612222043465,2.2291220286492863,-0.6874728196793779,-0.044374669633970854,0.0,0.0,1.0239871093967996,1.2392366230972454,-0.17369524890449817
2025-12-05 01:00:00,1,1,0.5833145759880458,-0.0342924031501267,-0.3957484408897386,0.6731760181994022,2.2291220286492863,-0.6980084492694614,0.16662915197609163,0.16662915197609163,-0.0057141140561278655,1.0181526156183676,1.2392366230972454,-0.17840338427565083
2025-12-06 01:00:00,1,1,0.5790872339088198,-0.0013787636463311,-0.3971272045360697,0.6722485071341285,2.2291220286492863,-0.698424537331646,0.15817446781763955,0.15817446781763955,-0.00021808520600472995,1.0179305958059444,1.2392366230972454,-0.17858254280622132
2025-12-07 01:00:00,1,1,0.5873055690015743,0.0168762181446699,-0.3802509863913998,0.6836897908428785,2.2291220286492863,-0.6932918960667428,0.17461113800314854,0.17461113800314854,0.0029467756554301954,1.0209346328423936,1.2392366230972454,-0.17615843995091574
2025-12-08 01:00:00,0,0,0.4726626544533649,0.0,-0.3802509863913998,0.6836897908428785,2.2291220286492863,-0.6932918960667428,-0.05467469109327017,0.0,0.0,1.0209346328423936,1.2392366230972454,-0.17615843995091574
2025-12-09 01:00:00,0,0,0.5355710813599391,0.0,-0.3802509863913998,0.6836897908428785,2.2291220286492863,-0.6932918960667428,0.07114216271987828,0.0,0.0,1.0209346328423936,1.2392366230972454,-0.17615843995091574
2025-12-10 01:00:00,0,0,0.4939748011922107,0.0,-0.3802509863913998,0.6836897908428785,2.2291220286492863,-0.6932918960667428,-0.012050397615578579,0.0,0.0,1.0209346328423936,1.2392366230972454,-0.17615843995091574
2025-12-11 01:00:00,0,0,0.5432273992518949,0.0,-0.3802509863913998,0.6836897908428785,2.2291220286492863,-0.6932918960667428,0.08645479850378979,0.0,0.0,1.0209346328423936,1.2392366230972454,-0.17615843995091574
2025-12-12 01:00:00,0,0,0.4847271769759939,0.0,-0.3802509863913998,0.6836897908428785,2.2291220286492863,-0.6932918960667428,-0.030545646048012243,0.0,0.0,1.0209346328423936,1.2392366230972454,-0.17615843995091574
2025-12-13 01:00:00,1,1,0.5638970916477183,-0.0002978187556596,-0.3805488051470594,0.6834862055173815,2.2291220286492863,-0.6933832258920644,0.12779418329543657,0.12779418329543657,-3.8059504649581776e-05,1.020895777315404,1.2392366230972454,-0.17618979435593052
2025-12-14 01:00:00,0,0,0.5441216089929184,0.0,-0.3805488051470594,0.6834862055173815,2.2291220286492863,-0.6933832258920644,0.08824321798583679,0.0,0.0,1.020895777315404,1.2392366230972454,-0.17618979435593052
2025-12-15 01:00:00,0,0,0.4744594508523049,0.0,-0.3805488051470594,0.6834862055173815,2.2291220286492863,-0.6933832258920644,-0.051081098295390204,0.0,0.0,1.020895777315404,1.2392366230972454,-0.17618979435593052
2025-12-16 01:00:00,0,0,0.5363906630306002,0.0,-0.3805488051470594,0.6834862055173815,2.2291220286492863,-0.6933832258920644,0.07278132606120047,0.0,0.0,1.020895777315404,1.2392366230972454,-0.17618979435593052
2025-12-17 01:00:00,0,0,0.4719123926581294,0.0,-0.3805488051470594,0.6834862055173815,2.2291220286492863,-0.6933832258920644,-0.056175214683741204,0.0,0.0,1.020895777315404,1.2392366230972454,-0.17618979435593052
2025-12-18 01:00:00,1,1,0.559640291867703,-0.0103185657670289,-0.3908673709140883,0.6764698696703004,2.2291220286492863,-0.6965308040671957,0.11928058373540606,0.11928058373540606,-0.0012308045480033851,1.0196400270997108,1.2392366230972454,-0.1772031199729177
2025-12-19 01:00:00,1,1,0.5757143327795653,0.0307848957599466,-0.3600824751541417,0.6976187874812819,2.2291220286492863,-0.6870432490840366,0.1514286655591306,0.1514286655591306,0.004661715684305651,1.0244043954435982,1.2392366230972454,-0.17335852060013635
2025-12-20 01:00:00,0,0,0.4820359644514313,0.0,-0.3600824751541417,0.6976187874812819,2.2291220286492863,-0.6870432490840366,-0.03592807109713736,0.0,0.0,1.0244043954435982,1.2392366230972454,-0.17335852060013635
2025-12-21 01:00:00,1,1,0.5907835120240891,0.0059575288640353,-0.3541249462901065,0.7017872761605631,2.2291220286492863,-0.6851732354079314,0.18156702404817815,0.18156702404817815,0.0010816907865240128,1.025513083760691,1.2392366230972454,-0.17246386634571165
2025-12-22 01:00:00,0,0,0.4718929783845912,0.0,-0.3541249462901065,0.7017872761605631,2.2291220286492863,-0.6851732354079314,-0.05621404323081758,0.0,0.0,1.025513083760691,1.2392366230972454,-0.17246386634571165
2025-12-23 01:00:00,0,0,0.5284206926036163,0.0,-0.3541249462901065,0.7017872761605631,2.2291220286492863,-0.6851732354079314,0.0568413852072327,0.0,0.0,1.025513083760691,1.2392366230972454,-0.17246386634571165
2025-12-24 01:00:00,0,0,0.5350104467602628,0.0,-0.3541249462901065,0.7017872761605631,2.2291220286492863,-0.6851732354079314,0.07002089352052554,0.0,0.0,1.025513083760691,1.2392366230972454,-0.17246386634571165
2025-12-25 01:00:00,0,0,0.4791453680898348,0.0,-0.3541249462901065,0.7017872761605631,2.2291220286492863,-0.6851732354079314,-0.041709263820330356,0.0,0.0,1.025513083760691,1.2392366230972454,-0.17246386634571165
2025-12-26 01:00:00,1,1,0.5694059507227355,-0.0005109409007198,-0.3546358871908263,0.7014287959264737,2.2291220286492863,-0.6853340521911682,0.13881190144547095,0.13881190144547095,-7.092467795517704e-05,1.0254403521547497,1.2392366230972454,-0.172522556998155
2025-12-27 01:00:00,1,1,0.5602910678988282,0.0025481977616325,-0.3520876894291938,0.7032184544477162,2.2291220286492863,-0.6845311986469291,0.12058213579765642,0.12058213579765642,0.0003072671285324542,1.0257554846796912,1.2392366230972454,-0.1722682613139669
2025-12-28 01:00:00,0,0,0.4934402214388646,0.0,-0.3520876894291938,0.7032184544477162,2.2291220286492863,-0.6845311986469291,-0.013119557122270753,0.0,0.0,1.0257554846796912,1.2392366230972454,-0.1722682613139669
2025-12-29 01:00:00,0,0,0.4703672829213486,0.0,-0.3520876894291938,0.7032184544477162,2.2291220286492863,-0.6845311986469291,-0.05926543415730279,0.0,0.0,1.0257554846796912,1.2392366230972454,-0.1722682613139669
2025-12-30 01:00:00,0,0,0.544225194424979,0.0,-0.3520876894291938,0.7032184544477162,2.2291220286492863,-0.6845311986469291,0.08845038884995793,0.0,0.0,1.0257554846796912,1.2392366230972454,-0.1722682613139669
2025-12-31 01:00:00,0,0,0.467441605531574,0.0,-0.3520876894291938,0.7032184544477162,2.2291220286492863,-0.6845311986469291,-0.06511678893685202,0.0,0.0,1.0257554846796912,1.2392366230972454,-0.1722682613139669
2026-01-01 00:00:00,0,0,0.5022247490418358,0.0,-0.3520876894291938,0.7032184544477162,2.2291220286492863,-0.6845311986469291,0.004449498083671566,0.0,0.0,1.0257554846796912,1.2392366230972454,-0.1722682613139669
2026-01-02 00:00:00,0,0,0.5018456455748018,0.0,-0.3520876894291938,0.7032184544477162,2.2291220286492863,-0.6845311986469291,0.0036912911496036482,0.0,0.0,1.0257554846796912,1.2392366230972454,-0.1722682613139669
2026-01-03 00:00:00,0,0,0.4811048564761047,0.0,-0.3520876894291938,0.7032184544477162,2.2291220286492863,-0.6845311986469291,-0.03779028704779064,0.0,0.0,1.0257554846796912,1.2392366230972454,-0.1722682613139669
2026-01-04 00:00:00,0,0,0.5089158798748223,0.0,-0.3520876894291938,0.7032184544477162,2.2291220286492863,-0.6845311986469291,0.017831759749644682,0.0,0.0,1.0257554846796912,1.2392366230972454,-0.1722682613139669
2026-01-05 00:00:00,0,0,0.4677002580179046,0.0,-0.3520876894291938,0.7032184544477162,2.2291220286492863,-0.6845311986469291,-0.0645994839641908,0.0,0.0,1.0257554846796912,1.2392366230972454,-0.1722682613139669
2026-01-06 00:00:00,0,0,0.4833228949247989,0.0,-0.3520876894291938,0.7032184544477162,2.2291220286492863,-0.6845311986469291,-0.033354210150402186,0.0,0.0,1.0257554846796912,1.2392366230972454,-0.1722682613139669
2026-01-07 00:00:00,1,1,0.5576767538868673,-0.0152835648470429,-0.3673712542762367,0.6925524842400288,2.2291220286492863,-0.6893160287596845,0.11535350777373465,0.11535350777373465,-0.0017630128163937408,1.0239486578111783,1.2392366230972454,-0.17372627734967527
2026-01-08 00:00:00,0,0,0.544287794929265,0.0,-0.3673712542762367,0.6925524842400288,2.2291220286492863,-0.6893160287596845,0.08857558985853009,0.0,0.0,1.0239486578111783,1.2392366230972454,-0.17372627734967527
2026-01-09 00:00:00,0,0,0.5031663774248216,0.0,-0.3673712542762367,0.6925524842400288,2.2291220286492863,-0.6893160287596845,0.006332754849643241,0.0,0.0,1.0239486578111783,1.2392366230972454,-0.17372627734967527
2026-01-10 00:00:00,0,0,0.5469089066522954,0.0,-0.3673712542762367,0.6925524842400288,2.2291220286492863,-0.6893160287596845,0.09381781330459082,0.0,0.0,1.0239486578111783,1.2392366230972454,-0.17372627734967527
2026-01-11 00:00:00,0,0,0.5392173176461238,0.0,-0.3673712542762367,0.6925524842400288,2.2291220286492863,-0.6893160287596845,0.07843463529224759,0.0,0.0,1.0239486578111783,1.2392366230972454,-0.17372627734967527
2026-01-12 00:00:00,0,0,0.4733005226110538,0.0,-0.3673712542762367,0.6925524842400288,2.2291220286492863,-0.6893160287596845,-0.05339895477789236,0.0,0.0,1.0239486578111783,1.2392366230972454,-0.17372627734967527
2026-01-13 00:00:00,0,0,0.4765628561154871,0.0,-0.3673712542762367,0.6925524842400288,2.2291220286492863,-0.6893160287596845,-0.0468742877690258,0.0,0.0,1.0239486578111783,1.2392366230972454,-0.17372627734967527
2026-01-14 00:00:00,0,0,0.4984438108090762,0.0,-0.3673712542762367,0.6925524842400288,2.2291220286492863,-0.6893160287596845,-0.003112378381847636,0.0,0.0,1.0239486578111783,1.2392366230972454,-0.17372627734967527
2026-01-15 00:00:00,0,0,0.4794742030878439,0.0,-0.3673712542762367,0.6925524842400288,2.2291220286492863,-0.6893160287596845,-0.04105159382431223,0.0,0.0,1.0239486578111783,1.2392366230972454,-0.17372627734967527
2026-01-16 00:00:00,1,1,0.5766209216734615,-0.002753328179485,-0.3701245824557216,0.6906482826183407,2.2291220286492863,-0.6901702671536417,0.15324184334692292,0.15324184334692292,-0.00042192508556330885,1.02351671931537,1.2392366230972454,-0.1740748294242006
2026-01-17 00:00:00,0,0,0.5071396613246658,0.0,-0.3701245824557216,0.6906482826183407,2.2291220286492863,-0.6901702671536417,0.014279322649331627,0.0,0.0,1.02351671931537,1.2392366230972454,-0.1740748294242006
2026-01-18 00:00:00,0,0,0.5436803830363418,0.0,-0.3701245824557216,0.6906482826183407,2.2291220286492863,-0.6901702671536417,0.08736076607268362,0.0,0.0,1.02351671931537,1.2392366230972454,-0.1740748294242006
2026-01-19 00:00:00,0,0,0.5266614356491951,0.0,-0.3701245824557216,0.6906482826183407,2.2291220286492863,-0.6901702671536417,0.053322871298390195,0.0,0.0,1.02351671931537,1.2392366230972454,-0.1740748294242006
2026-01-20 00:00:00,0,0,0.5325565252263463,0.0,-0.3701245824557216,0.6906482826183407,2.2291220286492863,-0.6901702671536417,0.06511305045269267,0.0,0.0,1.02351671931537,1.2392366230972454,-0.1740748294242006
2026-01-21 00:00:00,0,0,0.5181493769033934,0.0,-0.3701245824557216,0.6906482826183407,2.2291220286492863,-0.6901702671536417,0.03629875380678671,0.0,0.0,1.02351671931537,1.2392366230972454,-0.1740748294242006
2026-01-22 00:00:00,0,0,0.4828725543202334,0.0,-0.3701245824557216,0.6906482826183407,2.2291220286492863,-0.6901702671536417,-0.03425489135953319,0.0,0.0,1.02351671931537,1.2392366230972454,-0.1740748294242006
2026-01-23 00:00:00,0,0,0.5453521186536895,0.0,-0.3701245824557216,0.6906482826183407,2.2291220286492863,-0.6901702671536417,0.09070423730737898,0.0,0.0,1.02351671931537,1.2392366230972454,-0.1740748294242006
2026-01-24 00:00:00,0,0,0.5462891179729731,0.0,-0.3701245824557216,0.6906482826183407,2.2291220286492863,-0.6901702671536417,0.09257823594594616,0.0,0.0,1.02351671931537,1.2392366230972454,-0.1740748294242006
2026-01-25 00:00:00,0,0,0.5401877982160338,0.0,-0.3701245824557216,0.6906482826183407,2.2291220286492863,-0.6901702671536417,0.0803755964320676,0.0,0.0,1.02351671931537,1.2392366230972454,-0.1740748294242006
2026-01-26 00:00:00,0,0,0.4871855394950138,0.0,-0.3701245824557216,0.6906482826183407,2.2291220286492863,-0.6901702671536417,-0.025628921009972383,0.0,0.0,1.02351671931537,1.2392366230972454,-0.1740748294242006
2026-01-27 00:00:00,0,0,0.4788328485740192,0.0,-0.3701245824557216,0.6906482826183407,2.2291220286492863,-0.6901702671536417,-0.0423343028519616,0.0,0.0,1.02351671931537,1.2392366230972454,-0.1740748294242006
2026-01-28 00:00:00,0,0,0.4691218522114468,0.0,-0.3701245824557216,0.6906482826183407,2.2291220286492863,-0.6901702671536417,-0.06175629557710638,0.0,0.0,1.02351671931537,1.2392366230972454,-0.1740748294242006
2026-01-29 00:00:00,0,0,0.5161088547767714,0.0,-0.3701245824557216,0.6906482826183407,2.2291220286492863,-0.6901702671536417,0.03221770955354275,0.0,0.0,1.02351671931537,1.2392366230972454,-0.1740748294242006
2026-01-30 00:00:00,1,1,0.5539318179775157,-0.002475931867288,-0.3726005143230096,0.6889403996996676,2.2291220286492863,-0.6909364355808174,0.10786363595503135,0.10786363595503135,-0.00026706301358261377,1.0232434123525724,1.2392366230972454,-0.17429537403828288
2026-01-31 00:00:00,0,0,0.4656064093789703,0.0,-0.3726005143230096,0.6889403996996676,2.2291220286492863,-0.6909364355808174,-0.0687871812420594,0.0,0.0,1.0232434123525724,1.2392366230972454,-0.17429537403828288
2026-02-01 00:00:00,1,1,0.5544776673907542,-0.0167078194148294,-0.3893083337378391,0.6775253338859201,2.2291220286492863,-0.6960573153115087,0.10895533478150843,0.10895533478150843,-0.0018204060578117234,1.0213823882698008,1.2392366230972454,-0.1757971244288744
2026-02-02 00:00:00,0,0,0.5421149606902642,0.0,-0.3893083337378391,0.6775253338859201,2.2291220286492863,-0.6960573153115087,0.08422992138052843,0.0,0.0,1.0213823882698008,1.2392366230972454,-0.1757971244288744
2026-02-03 00:00:00,0,0,0.4705150149843152,0.0,-0.3893083337378391,0.6775253338859201,2.2291220286492863,-0.6960573153115087,-0.05896997003136961,0.0,0.0,1.0213823882698008,1.2392366230972454,-0.1757971244288744
2026-02-04 00:00:00,1,1,0.5768418310575057,-0.0419101609995716,-0.4312184947374107,0.6497169355336722,2.2291220286492863,-0.7085323606409464,0.1536836621150115,0.1536836621150115,-0.006440907022243894,1.0148249000287501,1.2392366230972454,-0.18108867901887793
2026-02-05 00:00:00,1,1,0.5671250222101301,-0.138462090655338,-0.5696805853927487,0.5657061046375637,2.2291220286492863,-0.746220217033005,0.13425004442026012,0.13425004442026012,-0.018588541821001208,0.99613503179436,1.2392366230972454,-0.19617043813254753
2026-02-06 00:00:00,1,1,0.8139306738885833,0.0957072929952171,-0.4739732923975316,0.6225238784659399,2.2291220286492863,-0.7207313594926197,0.6278613477771666,0.6278613477771666,0.060090909972081184,1.0578287448638921,1.2392366230972454,-0.14638679559030254
2026-02-07 00:00:00,0,0,0.457253849198185,0.0,-0.4739732923975316,0.6225238784659399,2.2291220286492863,-0.7207313594926197,-0.08549230160362997,0.0,0.0,1.0578287448638921,1.2392366230972454,-0.14638679559030254
2026-02-08 00:00:00,1,1,0.5513044501123967,0.0186028554150962,-0.4553704369824354,0.6342129884826982,2.2291220286492863,-0.7154875415829105,0.10260890022479341,0.10260890022479341,0.0019088185351838636,1.059849876352081,1.2392366230972454,-0.14475584678640308
2026-02-09 00:00:00,0,0,0.4908095465342858,0.0,-0.4553704369824354,0.6342129884826982,2.2291220286492863,-0.7154875415829105,-0.018380906931428354,0.0,0.0,1.059849876352081,1.2392366230972454,-0.14475584678640308
2026-02-10 00:00:00,1,1,0.5501144531356702,-0.0100081439352632,-0.4653785809176986,0.6278973502326639,2.2291220286492863,-0.7183207818312523,0.1002289062713404,0.1002289062713404,-0.0010031053204375793,1.0587872683452213,1.2392366230972454,-0.145613316608594
2026-02-11 00:00:00,0,0,0.5154683836072909,0.0,-0.4653785809176986,0.6278973502326639,2.2291220286492863,-0.7183207818312523,0.030936767214581717,0.0,0.0,1.0587872683452213,1.2392366230972454,-0.145613316608594
2026-02-12 00:00:00,0,0,0.5086083506599037,0.0,-0.4653785809176986,0.6278973502326639,2.2291220286492863,-0.7183207818312523,0.01721670131980746,0.0,0.0,1.0587872683452213,1.2392366230972454,-0.145613316608594
2026-02-13 00:00:00,1,1,0.5582734544919749,0.0459928287129756,-0.419385752204723,0.6574505333529038,2.2291220286492863,-0.705063013642515,0.1165469089839497,0.1165469089839497,0.005360322021925556,1.06447794736643,1.2392366230972454,-0.1410212323244917
2026-02-14 00:00:00,0,0,0.5059539067888336,0.0,-0.419385752204723,0.6574505333529038,2.2291220286492863,-0.705063013642515,0.011907813577667126,0.0,0.0,1.06447794736643,1.2392366230972454,-0.1410212323244917
2026-02-15 00:00:00,0,0,0.4923504809651317,0.0,-0.419385752204723,0.6574505333529038,2.2291220286492863,-0.705063013642515,-0.015299038069736648,0.0,0.0,1.06447794736643,1.2392366230972454,-0.1410212323244917
2026-02-16 00:00:00,1,1,0.5507773031467267,-0.0005286227273974,-0.4199143749321204,0.6571030819022916,2.2291220286492863,-0.7052188828350252,0.10155460629345336,0.10155460629345336,-5.3684072958614474e-05,1.0644208033885154,1.2392366230972454,-0.1410673445655679
2026-02-17 00:00:00,0,0,0.5094995622528035,0.0,-0.4199143749321204,0.6571030819022916,2.2291220286492863,-0.7052188828350252,0.018999124505606924,0.0,0.0,1.0644208033885154,1.2392366230972454,-0.1410673445655679
2026-02-18 00:00:00,1,1,0.567993385134366,-0.0138026497104359,-0.4337170246425564,0.6480956246306898,2.2291220286492863,-0.709259692246011,0.13598677026873207,0.13598677026873207,-0.001876977755272828,1.0624247830472011,1.2392366230972454,-0.1426780299698821
2026-02-19 00:00:00,1,1,0.5592205520242856,0.0107064012556524,-0.423010623386904,0.655071673994999,2.2291220286492863,-0.7061301868736487,0.11844110404857111,0.11844110404857111,0.0012680779851064782,1.0637728750876874,1.2392366230972454,-0.1415901892658873
2026-02-20 00:00:00,0,0,0.4875382317957183,0.0,-0.423010623386904,0.655071673994999,2.2291220286492863,-0.7061301868736487,-0.024923536408563374,0.0,0.0,1.0637728750876874,1.2392366230972454,-0.1415901892658873
2026-02-21 00:00:00,0,0,0.4812483349713873,0.0,-0.423010623386904,0.655071673994999,2.2291220286492863,-0.7061301868736487,-0.03750333005722539,0.0,0.0,1.0637728750876874,1.2392366230972454,-0.1415901892658873
2026-02-22 00:00:00,0,0,0.5427489254382013,0.0,-0.423010623386904,0.655071673994999,2.2291220286492863,-0.7061301868736487,0.0854978508764026,0.0,0.0,1.0637728750876874,1.2392366230972454,-0.1415901892658873
2026-02-23 00:00:00,0,0,0.5231908589319181,0.0,-0.423010623386904,0.655071673994999,2.2291220286492863,-0.7061301868736487,0.04638171786383616,0.0,0.0,1.0637728750876874,1.2392366230972454,-0.1415901892658873
2026-02-24 00:00:00,1,1,0.5604006573590439,-0.0121041430047218,-0.4351147663916258,0.6471903871102707,2.2291220286492863,-0.7096657882375201,0.12080131471808775,0.12080131471808775,-0.0014621963885061385,1.0622185668604098,1.2392366230972454,-0.14284443579016515
2026-02-25 00:00:00,0,0,0.5094740600048703,0.0,-0.4351147663916258,0.6471903871102707,2.2291220286492863,-0.7096657882375201,0.018948120009740554,0.0,0.0,1.0622185668604098,1.2392366230972454,-0.14284443579016515
2026-02-26 00:00:00,0,0,0.4848870708628758,0.0,-0.4351147663916258,0.6471903871102707,2.2291220286492863,-0.7096657882375201,-0.030225858274248396,0.0,0.0,1.0622185668604098,1.2392366230972454,-0.14284443579016515
2026-02-27 00:00:00,1,1,0.5998807532596167,-0.0202919472463504,-0.4554067136379762,0.6341899817738814,2.2291220286492863,-0.7154978625561552,0.1997615065192333,0.1997615065192333,-0.004053549952139763,1.0579215258585422,1.2392366230972454,-0.14631192611588517
2026-02-28 00:00:00,0,0,0.5314486500804914,0.0,-0.4554067136379762,0.6341899817738814,2.2291220286492863,-0.7154978625561552,0.06289730016098272,0.0,0.0,1.0579215258585422,1.2392366230972454,-0.14631192611588517
2026-03-01 00:00:00,0,0,0.4816409662974951,0.0,-0.4554067136379762,0.6341899817738814,2.2291220286492863,-0.7154978625561552,-0.036718067405009824,0.0,0.0,1.0579215258585422,1.2392366230972454,-0.14631192611588517
2026-03-02 00:00:00,0,0,0.5228627296928469,0.0,-0.4554067136379762,0.6341899817738814,2.2291220286492863,-0.7154978625561552,0.04572545938569372,0.0,0.0,1.0579215258585422,1.2392366230972454,-0.14631192611588517
2026-03-03 00:00:00,0,0,0.4809455145604396,0.0,-0.4554067136379762,0.6341899817738814,2.2291220286492863,-0.7154978625561552,-0.038108970879120796,0.0,0.0,1.0579215258585422,1.2392366230972454,-0.14631192611588517
2026-03-04 00:00:00,0,0,0.5138066125564071,0.0,-0.4554067136379762,0.6341899817738814,2.2291220286492863,-0.7154978625561552,0.027613225112814277,0.0,0.0,1.0579215258585422,1.2392366230972454,-0.14631192611588517
2026-03-05 00:00:00,0,0,0.4725981649406886,0.0,-0.4554067136379762,0.6341899817738814,2.2291220286492863,-0.7154978625561552,-0.05480367011862275,0.0,0.0,1.0579215258585422,1.2392366230972454,-0.14631192611588517
2026-03-06 00:00:00,1,1,0.5887072993837968,-0.0397435926815661,-0.4951503063195422,0.6094792918220984,2.2291220286492863,-0.7265832538600832,0.1774145987675937,0.1774145987675937,-0.007051093549182723,1.0504882593380127,1.2392366230972454,-0.15231018858003942
2026-03-07 00:00:00,0,0,0.5282733484623012,0.0,-0.4951503063195422,0.6094792918220984,2.2291220286492863,-0.7265832538600832,0.05654669692460246,0.0,0.0,1.0504882593380127,1.2392366230972454,-0.15231018858003942
2026-03-08 00:00:00,0,0,0.5473547752138385,0.0,-0.4951503063195422,0.6094792918220984,2.2291220286492863,-0.7265832538600832,0.09470955042767693,0.0,0.0,1.0504882593380127,1.2392366230972454,-0.15231018858003942
2026-03-09 00:00:00,1,1,0.5668261719503888,0.0401393345019981,-0.4550109718175442,0.6344410069390701,2.2291220286492863,-0.7153852508812615,0.13365234390077751,0.13365234390077751,0.005364716138809395,1.0561389743451342,1.2392366230972454,-0.14775035319283258
2026-03-10 00:00:00,0,0,0.4708425042762718,0.0,-0.4550109718175442,0.6344410069390701,2.2291220286492863,-0.7153852508812615,-0.058314991447456443,0.0,0.0,1.0561389743451342,1.2392366230972454,-0.14775035319283258
2026-03-11 00:00:00,0,0,0.5185210325701355,0.0,-0.4550109718175442,0.6344410069390701,2.2291220286492863,-0.7153852508812615,0.037042065140270974,0.0,0.0,1.0561389743451342,1.2392366230972454,-0.14775035319283258
2026-03-12 00:00:00,0,0,0.4814547277458716,0.0,-0.4550109718175442,0.6344410069390701,2.2291220286492863,-0.7153852508812615,-0.03709054450825677,0.0,0.0,1.0561389743451342,1.2392366230972454,-0.14775035319283258
2026-03-13 00:00:00,0,0,0.4850700556504366,0.0,-0.4550109718175442,0.6344410069390701,2.2291220286492863,-0.7153852508812615,-0.029859888699126813,0.0,0.0,1.0561389743451342,1.2392366230972454,-0.14775035319283258
2026-03-14 00:00:00,1,1,0.5755953776554049,0.0039896567405457,-0.4510213150769985,0.636977264813836,2.2291220286492863,-0.7142474675557328,0.15119075531080983,0.15119075531080983,0.000603199216033968,1.0567762287228306,1.2392366230972454,-0.1472361217976179
2026-03-15 00:00:00,0,0,0.4950146322963216,0.0,-0.4510213150769985,0.636977264813836,2.2291220286492863,-0.7142474675557328,-0.009970735407356823,0.0,0.0,1.0567762287228306,1.2392366230972454,-0.1472361217976179
2026-03-16 00:00:00,0,0,0.4641849587165828,0.0,-0.4510213150769985,0.636977264813836,2.2291220286492863,-0.7142474675557328,-0.07163008256683445,0.0,0.0,1.0567762287228306,1.2392366230972454,-0.1472361217976179
2026-03-17 00:00:00,0,0,0.4898487124197614,0.0,-0.4510213150769985,0.636977264813836,2.2291220286492863,-0.7142474675557328,-0.020302575160477176,0.0,0.0,1.0567762287228306,1.2392366230972454,-0.1472361217976179
2026-03-18 00:00:00,0,0,0.5461665685591635,0.0,-0.4510213150769985,0.636977264813836,2.2291220286492863,-0.7142474675557328,0.09233313711832691,0.0,0.0,1.0567762287228306,1.2392366230972454,-0.1472361217976179
2026-03-19 00:00:00,0,0,0.5370632786463694,0.0,-0.4510213150769985,0.636977264813836,2.2291220286492863,-0.7142474675557328,0.07412655729273876,0.0,0.0,1.0567762287228306,1.2392366230972454,-0.1472361217976179
2026-03-20 00:00:00,0,0,0.5038684557394235,0.0,-0.4510213150769985,0.636977264813836,2.2291220286492863,-0.7142474675557328,0.0077369114788470306,0.0,0.0,1.0567762287228306,1.2392366230972454,-0.1472361217976179
2026-03-21 00:00:00,0,0,0.4909840175486283,0.0,-0.4510213150769985,0.636977264813836,2.2291220286492863,-0.7142474675557328,-0.01803196490274339,0.0,0.0,1.0567762287228306,1.2392366230972454,-0.1472361217976179
2026-03-22 00:00:00,1,1,0.5638263905970864,-0.0198071098079453,-0.4708284248849438,0.6244847152570111,2.2291220286492863,-0.7198517141587752,0.12765278119417278,0.12765278119417278,-0.002528432654402595,1.0541076163227954,1.2392366230972454,-0.1493895542820175
2026-03-23 00:00:00,1,1,0.5554457188927131,0.0425085263001593,-0.4283198985847845,0.65160293459763,2.2291220286492863,-0.7076862880438797,0.1108914377854262,0.1108914377854262,0.004713831599564269,1.0590882317827064,1.2392366230972454,-0.14537045464674136
2026-03-24 00:00:00,0,0,0.484169812275417,0.0,-0.4283198985847845,0.65160293459763,2.2291220286492863,-0.7076862880438797,-0.031660375449166,0.0,0.0,1.0590882317827064,1.2392366230972454,-0.14537045464674136
2026-03-25 00:00:00,0,0,0.5034889193404588,0.0,-0.4283198985847845,0.65160293459763,2.2291220286492863,-0.7076862880438797,0.006977838680917614,0.0,0.0,1.0590882317827064,1.2392366230972454,-0.14537045464674136
2026-03-26 00:00:00,0,0,0.4698166058542361,0.0,-0.4283198985847845,0.65160293459763,2.2291220286492863,-0.7076862880438797,-0.06036678829152775,0.0,0.0,1.0590882317827064,1.2392366230972454,-0.14537045464674136
2026-03-27 00:00:00,0,0,0.5485840034930191,0.0,-0.4283198985847845,0.65160293459763,2.2291220286492863,-0.7076862880438797,0.09716800698603811,0.0,0.0,1.0590882317827064,1.2392366230972454,-0.14537045464674136
2026-03-28 00:00:00,0,0,0.5207968900440462,0.0,-0.4283198985847845,0.65160293459763,2.2291220286492863,-0.7076862880438797,0.041593780088092336,0.0,0.0,1.0590882317827064,1.2392366230972454,-0.14537045464674136
2026-03-29 00:00:00,0,0,0.537048089657137,0.0,-0.4283198985847845,0.65160293459763,2.2291220286492863,-0.7076862880438797,0.07409617931427404,0.0,0.0,1.0590882317827064,1.2392366230972454,-0.14537045464674136
2026-03-30 00:00:00,0,0,0.5280797875646592,0.0,-0.4283198985847845,0.65160293459763,2.2291220286492863,-0.7076862880438797,0.05615957512931846,0.0,0.0,1.0590882317827064,1.2392366230972454,-0.14537045464674136
2026-03-31 00:00:00,0,0,0.4924477223518325,0.0,-0.4283198985847845,0.65160293459763,2.2291220286492863,-0.7076862880438797,-0.015104555296335032,0.0,0.0,1.0590882317827064,1.2392366230972454,-0.14537045464674136
2026-04-01 00:00:00,0,0,0.4777793453589301,0.0,-0.4283198985847845,0.65160293459763,2.2291220286492863,-0.7076862880438797,-0.04444130928213985,0.0,0.0,1.0590882317827064,1.2392366230972454,-0.14537045464674136
2026-04-02 00:00:00,0,0,0.4730038095677622,0.0,-0.4283198985847845,0.65160293459763,2.2291220286492863,-0.7076862880438797,-0.05399238086447555,0.0,0.0,1.0590882317827064,1.2392366230972454,-0.14537045464674136
2026-04-03 00:00:00,0,0,0.5322353007421338,0.0,-0.4283198985847845,0.65160293459763,2.2291220286492863,-0.7076862880438797,0.06447060148426753,0.0,0.0,1.0590882317827064,1.2392366230972454,-0.14537045464674136
2026-04-04 00:00:00,0,0,0.5208630933988422,0.0,-0.4283198985847845,0.65160293459763,2.2291220286492863,-0.7076862880438797,0.04172618679768436,0.0,0.0,1.0590882317827064,1.2392366230972454,-0.14537045464674136
2026-04-05 00:00:00,0,0,0.5222472735641956,0.0,-0.4283198985847845,0.65160293459763,2.2291220286492863,-0.7076862880438797,0.04449454712839129,0.0,0.0,1.0590882317827064,1.2392366230972454,-0.14537045464674136
2026-04-06 00:00:00,0,0,0.5154082476273322,0.0,-0.4283198985847845,0.65160293459763,2.2291220286492863,-0.7076862880438797,0.030816495254664344,0.0,0.0,1.0590882317827064,1.2392366230972454,-0.14537045464674136
2026-04-07 00:00:00,0,0,0.5333903556547859,0.0,-0.4283198985847845,0.65160293459763,2.2291220286492863,-0.7076862880438797,0.06678071130957175,0.0,0.0,1.0590882317827064,1.2392366230972454,-0.14537045464674136
2026-04-08 00:00:00,0,0,0.5307638205106313,0.0,-0.4283198985847845,0.65160293459763,2.2291220286492863,-0.7076862880438797,0.061527641021262625,0.0,0.0,1.0590882317827064,1.2392366230972454,-0.14537045464674136
2026-04-09 00:00:00,1,1,0.5665121180142091,0.0150746116294024,-0.4132452869553821,0.6615000056040591,2.2291220286492863,-0.7032463915827487,0.13302423602841817,0.13302423602841817,0.002005288695426363,1.0612141402590882,1.2392366230972454,-0.14365495622072766
2026-04-10 00:00:00,0,0,0.4826769995096824,0.0,-0.4132452869553821,0.6615000056040591,2.2291220286492863,-0.7032463915827487,-0.034646000980635194,0.0,0.0,1.0612141402590882,1.2392366230972454,-0.14365495622072766
2026-04-11 00:00:00,0,0,0.4961121962157811,0.0,-0.4132452869553821,0.6615000056040591,2.2291220286492863,-0.7032463915827487,-0.007775607568437759,0.0,0.0,1.0612141402590882,1.2392366230972454,-0.14365495622072766
2026-04-12 00:00:00,0,0,0.4939367852189519,0.0,-0.4132452869553821,0.6615000056040591,2.2291220286492863,-0.7032463915827487,-0.012126429562096197,0.0,0.0,1.0612141402590882,1.2392366230972454,-0.14365495622072766
2026-04-13 00:00:00,0,0,0.5376197509820116,0.0,-0.4132452869553821,0.6615000056040591,2.2291220286492863,-0.7032463915827487,0.07523950196402329,0.0,0.0,1.0612141402590882,1.2392366230972454,-0.14365495622072766
2026-04-14 00:00:00,0,0,0.505335237415767,0.0,-0.4132452869553821,0.6615000056040591,2.2291220286492863,-0.7032463915827487,0.01067047483153405,0.0,0.0,1.0612141402590882,1.2392366230972454,-0.14365495622072766
2026-04-15 00:00:00,0,0,0.4737728140681891,0.0,-0.4132452869553821,0.6615000056040591,2.2291220286492863,-0.7032463915827487,-0.052454371863621785,0.0,0.0,1.0612141402590882,1.2392366230972454,-0.14365495622072766
2026-04-16 00:00:00,0,0,0.4718249140145261,0.0,-0.4132452869553821,0.6615000056040591,2.2291220286492863,-0.7032463915827487,-0.05635017197094783,0.0,0.0,1.0612141402590882,1.2392366230972454,-0.14365495622072766
2026-04-17 00:00:00,0,0,0.4860359455436798,0.0,-0.4132452869553821,0.6615000056040591,2.2291220286492863,-0.7032463915827487,-0.027928108912640415,0.0,0.0,1.0612141402590882,1.2392366230972454,-0.14365495622072766
2026-04-18 00:00:00,0,0,0.49958350085789,0.0,-0.4132452869553821,0.6615000056040591,2.2291220286492863,-0.7032463915827487,-0.0008329982842200101,0.0,0.0,1.0612141402590882,1.2392366230972454,-0.14365495622072766
2026-04-19 00:00:00,1,1,0.5683808060295126,-0.0198439468927202,-0.4330892338481023,0.6485026208386281,2.2291220286492863,-0.7090771108517636,0.13676161205902515,0.13676161205902515,-0.0027138901666620974,1.058338026133301,1.2392366230972454,-0.1459758318890071
2026-04-20 00:00:00,0,0,0.5159310803282945,0.0,-0.4330892338481023,0.6485026208386281,2.2291220286492863,-0.7090771108517636,0.03186216065658898,0.0,0.0,1.058338026133301,1.2392366230972454,-0.1459758318890071
2026-04-21 00:00:00,0,0,0.4673143769934847,0.0,-0.4330892338481023,0.6485026208386281,2.2291220286492863,-0.7090771108517636,-0.06537124601303057,0.0,0.0,1.058338026133301,1.2392366230972454,-0.1459758318890071
2026-04-22 00:00:00,0,0,0.4738584776347627,0.0,-0.4330892338481023,0.6485026208386281,2.2291220286492863,-0.7090771108517636,-0.052283044730474626,0.0,0.0,1.058338026133301,1.2392366230972454,-0.1459758318890071
2026-04-23 00:00:00,0,0,0.4835365610765938,0.0,-0.4330892338481023,0.6485026208386281,2.2291220286492863,-0.7090771108517636,-0.032926877846812364,0.0,0.0,1.058338026133301,1.2392366230972454,-0.1459758318890071
2026-04-24 00:00:00,0,0,0.4952079413939095,0.0,-0.4330892338481023,0.6485026208386281,2.2291220286492863,-0.7090771108517636,-0.009584117212180998,0.0,0.0,1.058338026133301,1.2392366230972454,-0.1459758318890071
2026-04-25 00:00:00,1,1,0.5528349355266994,-0.0004124908000435,-0.4335017246481458,0.648235174637069,2.2291220286492863,-0.7091970891203921,0.10566987105339876,0.10566987105339876,-4.358784965130992e-05,1.0582918964598917,1.2392366230972454,-0.14601305615477644
2026-04-26 00:00:00,0,0,0.5246652130114839,0.0,-0.4335017246481458,0.648235174637069,2.2291220286492863,-0.7091970891203921,0.04933042602296789,0.0,0.0,1.0582918964598917,1.2392366230972454,-0.14601305615477644
2026-04-27 00:00:00,0,0,0.4731100524935793,0.0,-0.4335017246481458,0.648235174637069,2.2291220286492863,-0.7091970891203921,-0.05377989501284142,0.0,0.0,1.0582918964598917,1.2392366230972454,-0.14601305615477644
2026-04-28 00:00:00,1,1,0.5542158248824298,-0.0122758471547225,-0.4457775718028684,0.6403261828213969,2.2291220286492863,-0.7127451191133776,0.10843164976485964,0.10843164976485964,-0.001331090359247819,1.0568841514450065,1.2392366230972454,-0.14714903373052535
2026-04-29 00:00:00,0,0,0.4977916634898184,0.0,-0.4457775718028684,0.6403261828213969,2.2291220286492863,-0.7127451191133776,-0.004416673020363193,0.0,0.0,1.0568841514450065,1.2392366230972454,-0.14714903373052535
2026-04-30 00:00:00,0,0,0.530588475468939,0.0,-0.4457775718028684,0.6403261828213969,2.2291220286492863,-0.7127451191133776,0.061176950937877894,0.0,0.0,1.0568841514450065,1.2392366230972454,-0.14714903373052535
2026-05-01 00:00:00,0,0,0.4916727943637228,0.0,-0.4457775718028684,0.6403261828213969,2.2291220286492863,-0.7127451191133776,-0.016654411272554404,0.0,0.0,1.0568841514450065,1.2392366230972454,-0.14714903373052535
2026-05-02 00:00:00,0,0,0.4851138250876314,0.0,-0.4457775718028684,0.6403261828213969,2.2291220286492863,-0.7127451191133776,-0.0297723498247372,0.0,0.0,1.0568841514450065,1.2392366230972454,-0.14714903373052535
2026-05-03 00:00:00,0,0,0.5073688273922092,0.0,-0.4457775718028684,0.6403261828213969,2.2291220286492863,-0.7127451191133776,0.014737654784418464,0.0,0.0,1.0568841514450065,1.2392366230972454,-0.14714903373052535
2026-05-04 00:00:00,0,0,0.4759179141836496,0.0,-0.4457775718028684,0.6403261828213969,2.2291220286492863,-0.7127451191133776,-0.048164171632700814,0.0,0.0,1.0568841514450065,1.2392366230972454,-0.14714903373052535
2026-05-05 00:00:00,0,0,0.4717081093530674,0.0,-0.4457775718028684,0.6403261828213969,2.2291220286492863,-0.7127451191133776,-0.05658378129386521,0.0,0.0,1.0568841514450065,1.2392366230972454,-0.14714903373052535
2026-05-06 00:00:00,0,0,0.478092858625172,0.0,-0.4457775718028684,0.6403261828213969,2.2291220286492863,-0.7127451191133776,-0.04381428274965604,0.0,0.0,1.0568841514450065,1.2392366230972454,-0.14714903373052535
2026-05-07 00:00:00,0,0,0.5018273483438075,0.0,-0.4457775718028684,0.6403261828213969,2.2291220286492863,-0.7127451191133776,0.003654696687614978,0.0,0.0,1.0568841514450065,1.2392366230972454,-0.14714903373052535
2026-05-08 00:00:00,0,0,0.5354334151302479,0.0,-0.4457775718028684,0.6403261828213969,2.2291220286492863,-0.7127451191133776,0.07086683026049578,0.0,0.0,1.0568841514450065,1.2392366230972454,-0.14714903373052535
2026-05-09 00:00:00,0,0,0.5061950182817297,0.0,-0.4457775718028684,0.6403261828213969,2.2291220286492863,-0.7127451191133776,0.012390036563459494,0.0,0.0,1.0568841514450065,1.2392366230972454,-0.14714903373052535
2026-05-10 00:00:00,0,0,0.5154215509500255,0.0,-0.4457775718028684,0.6403261828213969,2.2291220286492863,-0.7127451191133776,0.030843101900051018,0.0,0.0,1.0568841514450065,1.2392366230972454,-0.14714903373052535
2026-05-11 00:00:00,0,0,0.4732647458784122,0.0,-0.4457775718028684,0.6403261828213969,2.2291220286492863,-0.7127451191133776,-0.05347050824317556,0.0,0.0,1.0568841514450065,1.2392366230972454,-0.14714903373052535
2026-05-12 00:00:00,0,0,0.4804181443769226,0.0,-0.4457775718028684,0.6403261828213969,2.2291220286492863,-0.7127451191133776,-0.03916371124615481,0.0,0.0,1.0568841514450065,1.2392366230972454,-0.14714903373052535
2026-05-13 00:00:00,0,0,0.4960276650704098,0.0,-0.4457775718028684,0.6403261828213969,2.2291220286492863,-0.7127451191133776,-0.007944669859180409,0.0,0.0,1.0568841514450065,1.2392366230972454,-0.14714903373052535
2026-05-14 00:00:00,0,0,0.5153923080387329,0.0,-0.4457775718028684,0.6403261828213969,2.2291220286492863,-0.7127451191133776,0.030784616077465854,0.0,0.0,1.0568841514450065,1.2392366230972454,-0.14714903373052535
2026-05-15 00:00:00,0,0,0.4840075072403008,0.0,-0.4457775718028684,0.6403261828213969,2.2291220286492863,-0.7127451191133776,-0.031984985519398434,0.0,0.0,1.0568841514450065,1.2392366230972454,-0.14714903373052535
2026-05-16 00:00:00,1,1,0.5537453221288443,-0.0158492039119926,-0.461626775714861,0.6302575234647297,2.2291220286492863,-0.7172619913291028,0.10749064425768862,0.10749064425768862,-0.001703641139471563,1.0550851330009867,1.2392366230972454,-0.14860074877064688
2026-05-17 00:00:00,1,1,0.5587394111427544,-0.0104860200945878,-0.4721127958094488,0.6236831601031919,2.2291220286492863,-0.7202112975030325,0.11747882228550877,0.11747882228550877,-0.0012318852911743542,1.0537861893837408,1.2392366230972454,-0.1496489292335511
2026-05-18 00:00:00,0,0,0.4852821072417992,0.0,-0.4721127958094488,0.6236831601031919,2.2291220286492863,-0.7202112975030325,-0.02943578551640158,0.0,0.0,1.0537861893837408,1.2392366230972454,-0.1496489292335511
2026-05-19 00:00:00,0,0,0.5043384757308005,0.0,-0.4721127958094488,0.6236831601031919,2.2291220286492863,-0.7202112975030325,0.008676951461600968,0.0,0.0,1.0537861893837408,1.2392366230972454,-0.1496489292335511
2026-05-20 00:00:00,0,0,0.5178396448199124,0.0,-0.4721127958094488,0.6236831601031919,2.2291220286492863,-0.7202112975030325,0.03567928963982481,0.0,0.0,1.0537861893837408,1.2392366230972454,-0.1496489292335511
2026-05-21 00:00:00,0,0,0.4643721838706441,0.0,-0.4721127958094488,0.6236831601031919,2.2291220286492863,-0.7202112975030325,-0.07125563225871179,0.0,0.0,1.0537861893837408,1.2392366230972454,-0.1496489292335511
2026-05-22 00:00:00,0,0,0.5412350807103027,0.0,-0.4721127958094488,0.6236831601031919,2.2291220286492863,-0.7202112975030325,0.08247016142060537,0.0,0.0,1.0537861893837408,1.2392366230972454,-0.1496489292335511
2026-05-23 00:00:00,0,0,0.5124736673321978,0.0,-0.4721127958094488,0.6236831601031919,2.2291220286492863,-0.7202112975030325,0.024947334664395582,0.0,0.0,1.0537861893837408,1.2392366230972454,-0.1496489292335511
2026-05-24 00:00:00,0,0,0.4867645552403079,0.0,-0.4721127958094488,0.6236831601031919,2.2291220286492863,-0.7202112975030325,-0.026470889519384255,0.0,0.0,1.0537861893837408,1.2392366230972454,-0.1496489292335511
2026-05-25 00:00:00,0,0,0.4695277184731354,0.0,-0.4721127958094488,0.6236831601031919,2.2291220286492863,-0.7202112975030325,-0.060944563053729195,0.0,0.0,1.0537861893837408,1.2392366230972454,-0.1496489292335511
2026-05-26 00:00:00,0,0,0.4943549332225359,0.0,-0.4721127958094488,0.6236831601031919,2.2291220286492863,-0.7202112975030325,-0.01129013355492825,0.0,0.0,1.0537861893837408,1.2392366230972454,-0.1496489292335511
2026-05-27 00:00:00,0,0,0.5189191940736722,0.0,-0.4721127958094488,0.6236831601031919,2.2291220286492863,-0.7202112975030325,0.037838388147344304,0.0,0.0,1.0537861893837408,1.2392366230972454,-0.1496489292335511
2026-05-28 00:00:00,0,0,0.535545009034341,0.0,-0.4721127958094488,0.6236831601031919,2.2291220286492863,-0.7202112975030325,0.07109001806868198,0.0,0.0,1.0537861893837408,1.2392366230972454,-0.1496489292335511
2026-05-29 00:00:00,0,0,0.5056843372354788,0.0,-0.4721127958094488,0.6236831601031919,2.2291220286492863,-0.7202112975030325,0.011368674470957574,0.0,0.0,1.0537861893837408,1.2392366230972454,-0.1496489292335511
2026-05-30 00:00:00,0,0,0.5355479279163037,0.0,-0.4721127958094488,0.6236831601031919,2.2291220286492863,-0.7202112975030325,0.07109585583260736,0.0,0.0,1.0537861893837408,1.2392366230972454,-0.1496489292335511
2026-05-31 00:00:00,0,0,0.5169028523129265,0.0,-0.4721127958094488,0.6236831601031919,2.2291220286492863,-0.7202112975030325,0.033805704625853084,0.0,0.0,1.0537861893837408,1.2392366230972454,-0.1496489292335511
2026-06-01 00:00:00,0,0,0.4902454304807397,0.0,-0.4721127958094488,0.6236831601031919,2.2291220286492863,-0.7202112975030325,-0.019509139038520584,0.0,0.0,1.0537861893837408,1.2392366230972454,-0.1496489292335511
2026-06-02 00:00:00,0,0,0.5256976947864552,0.0,-0.4721127958094488,0.6236831601031919,2.2291220286492863,-0.7202112975030325,0.051395389572910455,0.0,0.0,1.0537861893837408,1.2392366230972454,-0.1496489292335511
2026-06-03 00:00:00,0,0,0.5423397170526968,0.0,-0.4721127958094488,0.6236831601031919,2.2291220286492863,-0.7202112975030325,0.08467943410539358,0.0,0.0,1.0537861893837408,1.2392366230972454,-0.1496489292335511
2026-06-04 00:00:00,1,1,0.5512218641408266,0.0002897203047742,-0.4718230755046746,0.6238638799562609,2.2291220286492863,-0.7201302252913069,0.10244372828165327,0.10244372828165327,2.968002817996593e-05,1.0538174662516842,1.2392366230972454,-0.14962369041526546
2026-06-05 00:00:00,0,0,0.5313411477332087,0.0,-0.4718230755046746,0.6238638799562609,2.2291220286492863,-0.7201302252913069,0.06268229546641746,0.0,0.0,1.0538174662516842,1.2392366230972454,-0.14962369041526546
2026-06-06 00:00:00,1,1,0.565181464881688,-0.0090501650173363,-0.4808732405220111,0.618243280931741,2.2291220286492863,-0.7226516659985819,0.13036292976337593,0.13036292976337593,-0.001179806026501974,1.0525748991923518,1.2392366230972454,-0.1506263779054291
2026-06-07 00:00:00,0,0,0.5222030858228601,0.0,-0.4808732405220111,0.618243280931741,2.2291220286492863,-0.7226516659985819,0.04440617164572025,0.0,0.0,1.0525748991923518,1.2392366230972454,-0.1506263779054291
